code_muni,name_muni,code_state,name_state,abbrev_state,code_region,name_region,population,population_growth,population_growth_rate,city_area,population_density,households,dwellers_per_household,pib,pib_share_uf,pib_taxes,pib_added_value,pib_agriculture,pib_industrial,pib_services,pib_govmt_services
1100015,Alta Floresta D'Oeste,11,Rondônia,RO,1,Norte,21495,-2897,-1.05,7067,3.04,7695,2.79,570272,1.11,35109,535163,203394,20716,150192,160860
1100023,Ariquemes,11,Rondônia,RO,1,Norte,96833,6480,0.58,4427,21.88,34768,2.77,2818049,5.46,295656,2522393,199723,404752,1207405,710513
1100031,Cabixi,11,Rondônia,RO,1,Norte,5363,-950,-1.35,1314,4.08,1967,2.73,167190,0.32,7237,159953,81177,5438,28667,44671
1100049,Cacoal,11,Rondônia,RO,1,Norte,86895,8321,0.84,3793,22.91,31919,2.71,2519353,4.88,274451,2244902,236215,275537,1157344,575806
1100056,Cerejeiras,11,Rondônia,RO,1,Norte,15890,-1139,-0.58,2783,5.71,5873,2.69,600670,1.16,89923,510747,94758,23582,276755,115652
1100064,Colorado do Oeste,11,Rondônia,RO,1,Norte,15663,-2928,-1.42,1451,10.79,5991,2.61,366931,0.71,24075,342856,88923,24322,118529,111082
1100072,Corumbiara,11,Rondônia,RO,1,Norte,7519,-1264,-1.29,3060,2.46,2840,2.64,268381,0.52,10200,258181,155648,10847,34749,56937
1100080,Costa Marques,11,Rondônia,RO,1,Norte,12627,-1051,-0.66,4987,2.53,4161,3.01,261978,0.51,9276,252702,80684,6205,48318,117495
1100098,Espigão D'Oeste,11,Rondônia,RO,1,Norte,29397,668,0.19,4518,6.51,10463,2.8,666331,1.29,58285,608046,137802,54521,213513,202211
1100106,Guajará-Mirim,11,Rondônia,RO,1,Norte,39386,-2270,-0.47,24857,1.58,11803,3.3,984586,1.91,139461,845125,59384,41650,443005,301086
1100114,Jaru,11,Rondônia,RO,1,Norte,50591,-1414,-0.23,2944,17.18,18947,2.66,1665068,3.23,189006,1476062,223881,195776,712461,343944
1100122,Ji-Paraná,11,Rondônia,RO,1,Norte,124333,7723,0.54,6897,18.03,45016,2.75,4057626,7.86,566032,3491594,155961,589531,1950007,796096
1100130,Machadinho D'Oeste,11,Rondônia,RO,1,Norte,30707,-428,-0.12,8509,3.61,10841,2.81,700317,1.36,35830,664487,226106,35782,150365,252233
1100148,Nova Brasilândia D'Oeste,11,Rondônia,RO,1,Norte,15679,-4195,-1.96,1703,9.21,5798,2.7,403370,0.78,26898,376472,123270,22561,100806,129836
1100155,Ouro Preto do Oeste,11,Rondônia,RO,1,Norte,35044,-2884,-0.66,1970,17.79,13323,2.61,885193,1.72,67733,817460,163407,88619,330931,234503
1100189,Pimenta Bueno,11,Rondônia,RO,1,Norte,34998,1176,0.29,6241,5.61,12326,2.81,1361243,2.64,232766,1128477,125229,225649,515002,262597
1100205,Porto Velho,11,Rondônia,RO,1,Norte,460413,31886,0.6,34091,13.51,151896,3.01,19448762,37.69,2257212,17191550,797348,4978615,7774206,3641382
1100254,Presidente Médici,11,Rondônia,RO,1,Norte,19327,-2992,-1.19,1758,10.99,7230,2.67,464219,0.9,41374,422845,121355,41019,134878,125593
1100262,Rio Crespo,11,Rondônia,RO,1,Norte,3471,155,0.38,1718,2.02,1250,2.76,133580,0.26,4545,129035,76394,5251,13634,33756
1100288,Rolim de Moura,11,Rondônia,RO,1,Norte,56406,5758,0.9,1458,38.69,20991,2.67,1397881,2.71,138701,1259180,118330,186532,584320,369999
1100296,Santa Luzia D'Oeste,11,Rondônia,RO,1,Norte,7419,-1467,-1.49,1198,6.19,2758,2.68,156789,0.3,6030,150758,61497,11982,28826,48454
1100304,Vilhena,11,Rondônia,RO,1,Norte,95832,19630,1.93,11699,8.19,34975,2.73,3153000,6.11,443954,2709046,179260,392170,1439935,697681
1100320,São Miguel do Guaporé,11,Rondônia,RO,1,Norte,21635,-193,-0.07,7460,2.9,7884,2.73,730695,1.42,47042,683653,257601,93118,169666,163268
1100338,Nova Mamoré,11,Rondônia,RO,1,Norte,25444,2898,1.01,10070,2.53,8447,3,601910,1.17,23738,578171,250818,21299,110480,195574
1100346,Alvorada D'Oeste,11,Rondônia,RO,1,Norte,13117,-3736,-2.07,3029,4.33,4814,2.72,289533,0.56,11758,277775,101029,13166,64863,98718
1100379,Alto Alegre dos Parecis,11,Rondônia,RO,1,Norte,11479,-1337,-0.91,3958,2.9,4036,2.84,324544,0.63,13223,311322,156818,13423,48775,92306
1100403,Alto Paraíso,11,Rondônia,RO,1,Norte,16320,-815,-0.41,2652,6.15,5762,2.83,396377,0.77,21480,374898,121183,19894,99864,133957
1100452,Buritis,11,Rondônia,RO,1,Norte,27992,-4391,-1.21,3266,8.57,9905,2.81,781624,1.51,55508,726117,219630,34034,225556,246897
1100502,Novo Horizonte do Oeste,11,Rondônia,RO,1,Norte,7667,-2573,-2.38,843,9.09,2798,2.74,185100,0.36,8589,176511,70114,10962,37543,57892
1100601,Cacaulândia,11,Rondônia,RO,1,Norte,4150,-1586,-2.66,1962,2.12,1483,2.8,169164,0.33,4776,164388,97062,2797,20477,44052
1100700,Campo Novo de Rondônia,11,Rondônia,RO,1,Norte,8844,-3821,-2.95,3442,2.57,3066,2.88,331933,0.64,8208,323725,155952,40072,30130,97571
1100809,Candeias do Jamari,11,Rondônia,RO,1,Norte,22238,2459,0.98,6844,3.25,7398,3,563100,1.09,26208,536892,102419,124977,124050,185446
1100908,Castanheiras,11,Rondônia,RO,1,Norte,3233,-342,-0.83,893,3.62,1198,2.7,80415,0.16,2232,78183,40902,1859,8095,27327
1100924,Chupinguaia,11,Rondônia,RO,1,Norte,9324,1023,0.97,5127,1.82,3206,2.9,374880,0.73,19856,355024,141100,63351,60115,90459
1100940,Cujubim,11,Rondônia,RO,1,Norte,14863,-991,-0.54,3864,3.85,5203,2.85,431849,0.84,19012,412837,128413,48866,74629,160929
1101005,Governador Jorge Teixeira,11,Rondônia,RO,1,Norte,8001,-2511,-2.25,5067,1.58,2890,2.76,200590,0.39,5620,194970,117189,4107,19027,54647
1101104,Itapuã do Oeste,11,Rondônia,RO,1,Norte,8541,-25,-0.02,4082,2.09,2909,2.93,192783,0.37,9900,182882,51082,22890,38132,70778
1101203,Ministro Andreazza,11,Rondônia,RO,1,Norte,6466,-3886,-3.85,798,8.1,2383,2.71,224922,0.44,15663,209259,81828,11661,51707,64063
1101302,Mirante da Serra,11,Rondônia,RO,1,Norte,9235,-2643,-2.08,1192,7.75,3508,2.63,231692,0.45,11912,219780,72925,14656,62788,69411
1101401,Monte Negro,11,Rondônia,RO,1,Norte,11548,-2543,-1.64,1931,5.98,4223,2.73,340951,0.66,15014,325937,114121,36279,67992,107545
1101435,Nova União,11,Rondônia,RO,1,Norte,6200,-1293,-1.57,807,7.68,2230,2.77,128839,0.25,4414,124425,61086,2706,15015,45617
1101450,Parecis,11,Rondônia,RO,1,Norte,4125,-685,-1.27,2549,1.62,1482,2.75,120834,0.23,3713,117120,56806,3580,12542,44193
1101468,Pimenteiras do Oeste,11,Rondônia,RO,1,Norte,2156,-159,-0.59,6015,0.36,740,2.85,148849,0.29,4415,144434,96971,5141,15447,26876
1101476,Primavera de Rondônia,11,Rondônia,RO,1,Norte,3074,-450,-1.13,606,5.08,1131,2.72,66483,0.13,2358,64125,26718,1823,9349,26235
1101484,São Felipe D'Oeste,11,Rondônia,RO,1,Norte,5258,-760,-1.12,542,9.71,1962,2.68,102297,0.2,3824,98473,40910,2495,16172,38896
1101492,São Francisco do Guaporé,11,Rondônia,RO,1,Norte,16286,251,0.13,10949,1.49,5799,2.8,397791,0.77,20847,376943,149466,14687,84250,128540
1101500,Seringueiras,11,Rondônia,RO,1,Norte,11171,-458,-0.33,3774,2.96,3951,2.82,250607,0.49,16235,234372,86169,10274,54280,83649
1101559,Teixeirópolis,11,Rondônia,RO,1,Norte,4256,-632,-1.15,460,9.25,1581,2.69,97364,0.19,3669,93695,44769,3772,12809,32345
1101609,Theobroma,11,Rondônia,RO,1,Norte,8113,-2536,-2.24,2197,3.69,3007,2.7,213026,0.41,6456,206570,105974,5238,21086,74271
1101708,Urupá,11,Rondônia,RO,1,Norte,10725,-2249,-1.57,832,12.89,3950,2.71,227801,0.44,9473,218328,82592,8587,48031,79117
1101757,Vale do Anari,11,Rondônia,RO,1,Norte,7788,-1596,-1.54,3135,2.48,2800,2.76,180730,0.35,6131,174599,67101,5554,23945,78000
1101807,Vale do Paraíso,11,Rondônia,RO,1,Norte,6479,-1731,-1.95,966,6.71,2446,2.65,161268,0.31,5599,155669,82918,3350,20028,49373
1200013,Acrelândia,12,Acre,AC,1,Norte,14021,1483,0.94,1812,7.74,4461,3.13,302445,1.84,21607,280838,76453,16073,81972,106340
1200054,Assis Brasil,12,Acre,AC,1,Norte,8100,2028,2.43,4979,1.63,2426,3.33,96920,0.59,2532,94388,16231,3294,16344,58519
1200104,Brasiléia,12,Acre,AC,1,Norte,26000,4602,1.64,3928,6.62,8665,2.99,480142,2.91,49224,430918,68647,38459,141100,182712
1200138,Bujari,12,Acre,AC,1,Norte,12917,4446,3.58,3035,4.26,4193,3.08,183818,1.12,5632,178185,68523,5881,29973,73808
1200179,Capixaba,12,Acre,AC,1,Norte,10392,1594,1.4,1706,6.09,3468,2.99,145318,0.88,4353,140965,28553,3414,22783,86215
1200203,Cruzeiro do Sul,12,Acre,AC,1,Norte,91888,13381,1.32,8783,10.46,26737,3.41,1516381,9.2,116184,1400196,54955,133895,612974,598373
1200252,Epitaciolândia,12,Acre,AC,1,Norte,18757,3657,1.82,1653,11.35,6477,2.89,432928,2.63,59705,373223,30367,19202,199336,124317
1200302,Feijó,12,Acre,AC,1,Norte,35426,3014,0.74,27977,1.27,9366,3.77,392931,2.38,17144,375787,37069,14675,93507,230537
1200328,Jordão,12,Acre,AC,1,Norte,9222,2645,2.86,5357,1.72,2003,4.59,84908,0.52,1754,83154,4731,2185,12769,63469
1200336,Mâncio Lima,12,Acre,AC,1,Norte,19300,4094,2.01,5452,3.54,5678,3.39,230863,1.4,8413,222451,27215,11328,51506,132403
1200344,Manoel Urbano,12,Acre,AC,1,Norte,11996,4015,3.45,10631,1.13,3242,3.7,137420,0.83,7583,129837,19709,15449,28883,65796
1200351,Marechal Thaumaturgo,12,Acre,AC,1,Norte,17093,2866,1.54,8191,2.09,4321,3.96,214547,1.3,4466,210081,26490,5947,30645,146999
1200385,Plácido de Castro,12,Acre,AC,1,Norte,16560,-649,-0.32,1953,8.48,5552,2.98,266954,1.62,15391,251563,36269,9576,64313,141406
1200393,Porto Walter,12,Acre,AC,1,Norte,10735,1559,1.32,6446,1.67,2611,4.11,130247,0.79,3000,127246,13084,3668,20210,90284
1200401,Rio Branco,12,Acre,AC,1,Norte,364756,28718,0.69,8835,41.28,123861,2.92,9579592,58.14,1261084,8318508,113279,813358,4657214,2734657
1200427,Rodrigues Alves,12,Acre,AC,1,Norte,14938,549,0.31,3076,4.86,4197,3.55,202691,1.23,3344,199347,28326,5655,27819,137548
1200435,Santa Rosa do Purus,12,Acre,AC,1,Norte,6723,2032,3.04,6156,1.09,1344,5,84137,0.51,1671,82466,12595,2360,12541,54970
1200450,Senador Guiomard,12,Acre,AC,1,Norte,21453,1274,0.51,2320,9.25,6958,3.02,357580,2.17,25281,332300,45885,14663,110953,160798
1200500,Sena Madureira,12,Acre,AC,1,Norte,41349,3320,0.7,23760,1.74,12628,3.24,580935,3.53,22997,557938,95979,24901,141550,295508
1200609,Tarauacá,12,Acre,AC,1,Norte,43464,7874,1.68,20169,2.15,11271,3.8,519834,3.16,27014,492820,49144,19124,136413,288140
1200708,Xapuri,12,Acre,AC,1,Norte,18243,2152,1.05,5351,3.41,6090,2.99,292045,1.77,15717,276328,62157,20743,62916,130512
1200807,Porto Acre,12,Acre,AC,1,Norte,16693,1813,0.96,2604,6.41,5448,3.06,243737,1.48,5805,237932,67871,7495,34824,127742
1300029,Alvarães,13,Amazonas,AM,1,Norte,15866,1778,1,5923,2.68,3398,4.66,194568,0.17,4330,190238,65650,8264,29759,86565
1300060,Amaturá,13,Amazonas,AM,1,Norte,10819,1352,1.12,4754,2.28,2156,5.01,101978,0.09,2490,99488,15618,3955,16745,63170
1300086,Anamã,13,Amazonas,AM,1,Norte,9962,-252,-0.21,2446,4.07,2316,4.29,129932,0.11,3378,126554,36987,5492,20373,63701
1300102,Anori,13,Amazonas,AM,1,Norte,17194,877,0.44,6036,2.85,4147,4.13,215147,0.19,8552,206595,60372,10535,36531,99157
1300144,Apuí,13,Amazonas,AM,1,Norte,20647,2640,1.15,54241,0.38,5789,3.55,272114,0.23,17874,254240,70547,19164,63375,101153
1300201,Atalaia do Norte,13,Amazonas,AM,1,Norte,15314,161,0.09,76508,0.2,3390,4.48,172761,0.15,3874,168887,26928,5132,23488,113338
1300300,Autazes,13,Amazonas,AM,1,Norte,41582,9447,2.17,7653,5.43,11010,3.78,446910,0.39,17907,429003,108482,26147,81399,212975
1300409,Barcelos,13,Amazonas,AM,1,Norte,18831,-6887,-2.56,122461,0.15,4253,4.4,208512,0.18,6817,201695,14438,14550,39284,133423
1300508,Barreirinha,13,Amazonas,AM,1,Norte,31065,3710,1.07,5752,5.4,6895,4.48,313543,0.27,12406,301137,51024,12922,56883,180308
1300607,Benjamin Constant,13,Amazonas,AM,1,Norte,37648,4237,1,8705,4.32,7742,4.85,349342,0.3,13141,336201,34766,20181,64157,217096
1300631,Beruri,13,Amazonas,AM,1,Norte,20718,5232,2.46,17473,1.19,4556,4.54,182220,0.16,7151,175069,19453,7795,35989,111831
1300680,Boa Vista do Ramos,13,Amazonas,AM,1,Norte,23785,8806,3.93,2589,9.19,4594,5.17,161512,0.14,3763,157749,23843,7154,28167,98585
1300706,Boca do Acre,13,Amazonas,AM,1,Norte,35447,4815,1.22,21939,1.62,10162,3.48,475900,0.41,37841,438059,102162,52907,118197,164792
1300805,Borba,13,Amazonas,AM,1,Norte,33056,-1905,-0.47,44236,0.75,7981,4.13,361504,0.31,14550,346954,48841,15359,70219,212535
1300839,Caapiranga,13,Amazonas,AM,1,Norte,13473,2498,1.72,9456,1.42,2967,4.51,170630,0.15,3429,167201,56094,6647,25744,78716
1300904,Canutama,13,Amazonas,AM,1,Norte,16869,3174,1.75,33643,0.5,4552,3.7,133412,0.11,3914,129499,18001,5366,23919,82214
1301001,Carauari,13,Amazonas,AM,1,Norte,28742,2968,0.91,25779,1.11,7241,3.96,358947,0.31,17562,341384,108449,21387,79057,132491
1301100,Careiro,13,Amazonas,AM,1,Norte,30792,-1942,-0.51,6096,5.05,9067,3.39,363553,0.31,20628,342925,51562,27734,77784,185845
1301159,Careiro da Várzea,13,Amazonas,AM,1,Norte,19638,-4292,-1.63,2627,7.47,5780,3.39,374141,0.32,5939,368202,183762,12327,31929,140183
1301209,Coari,13,Amazonas,AM,1,Norte,70496,-5469,-0.62,57971,1.22,17542,4.01,1923312,1.66,98661,1824651,100037,810775,429819,484020
1301308,Codajás,13,Amazonas,AM,1,Norte,23549,343,0.12,18701,1.26,5571,4.21,498998,0.43,8376,490622,293233,15632,44727,137030
1301407,Eirunepé,13,Amazonas,AM,1,Norte,33170,2505,0.66,14966,2.22,8130,4.07,503011,0.43,13652,489359,219042,18583,69167,182567
1301506,Envira,13,Amazonas,AM,1,Norte,17186,848,0.42,7506,2.29,4185,4.1,178196,0.15,4579,173616,37367,7620,30419,98210
1301605,Fonte Boa,13,Amazonas,AM,1,Norte,25871,3054,1.05,12155,2.13,5345,4.81,197082,0.17,7496,189587,25947,10661,38855,114123
1301654,Guajará,13,Amazonas,AM,1,Norte,13815,-159,-0.1,7584,1.82,3611,3.82,147404,0.13,4496,142907,22621,5812,26243,88231
1301704,Humaitá,13,Amazonas,AM,1,Norte,57473,13246,2.21,33111,1.74,14416,3.98,780803,0.67,73735,707068,159157,46963,252379,248569
1301803,Ipixuna,13,Amazonas,AM,1,Norte,24311,2057,0.74,12110,2.01,4806,5,193678,0.17,6366,187312,17666,6445,30875,132326
1301852,Iranduba,13,Amazonas,AM,1,Norte,60993,20212,3.41,2217,27.51,17710,3.43,728072,0.63,49664,678408,111284,117166,182508,267450
1301902,Itacoatiara,13,Amazonas,AM,1,Norte,103598,16759,1.48,8892,11.65,27664,3.73,2273856,1.96,212217,2061640,426988,170816,946389,517446
1301951,Itamarati,13,Amazonas,AM,1,Norte,10937,2899,2.6,25260,0.43,2333,4.68,107511,0.09,2535,104976,32027,4957,17912,50080
1302009,Itapiranga,13,Amazonas,AM,1,Norte,10162,1951,1.79,4335,2.34,2599,3.89,134222,0.12,5954,128268,38317,6755,27450,55747
1302108,Japurá,13,Amazonas,AM,1,Norte,8858,1532,1.6,55827,0.16,1735,5.05,63134,0.05,2314,60820,16147,3964,13388,27322
1302207,Juruá,13,Amazonas,AM,1,Norte,10742,-60,-0.05,19443,0.55,2529,4.24,122261,0.11,3374,118888,20715,6096,18307,73769
1302306,Jutaí,13,Amazonas,AM,1,Norte,25172,7180,2.84,69457,0.36,4845,5.16,252836,0.22,8653,244183,78773,11685,49428,104297
1302405,Lábrea,13,Amazonas,AM,1,Norte,45448,7747,1.57,68263,0.67,11269,4.02,555876,0.48,22552,533324,209309,24175,96816,203024
1302504,Manacapuru,13,Amazonas,AM,1,Norte,101883,16742,1.51,7337,13.89,26883,3.78,1432602,1.23,82883,1349718,386708,130816,366423,465772
1302553,Manaquiri,13,Amazonas,AM,1,Norte,17107,-5694,-2.37,3973,4.31,4956,3.45,274502,0.24,6031,268471,78588,12772,30193,146918
1302603,Manaus,13,Amazonas,AM,1,Norte,2063547,261533,1.14,11401,181,630006,3.27,91768773,79.1,18798608,72970165,164934,33272165,29327360,10205706
1302702,Manicoré,13,Amazonas,AM,1,Norte,53914,6897,1.15,48315,1.12,12170,4.42,621351,0.54,32271,589080,157638,47669,129373,254400
1302801,Maraã,13,Amazonas,AM,1,Norte,15520,-2008,-1.01,16831,0.92,3021,5.09,148833,0.13,3581,145251,17597,6740,19621,101293
1302900,Maués,13,Amazonas,AM,1,Norte,61204,8968,1.33,39991,1.53,13271,4.59,566046,0.49,31167,534879,73956,28199,126715,306009
1303007,Nhamundá,13,Amazonas,AM,1,Norte,20135,1857,0.81,14107,1.43,4569,4.38,185703,0.16,7794,177909,26333,7901,38507,105168
1303106,Nova Olinda do Norte,13,Amazonas,AM,1,Norte,27062,-3634,-1.04,5578,4.85,6480,4.16,293963,0.25,12793,281170,34135,16667,49761,180607
1303205,Novo Airão,13,Amazonas,AM,1,Norte,15761,1038,0.57,37777,0.42,4165,3.77,174377,0.15,7368,167009,11051,9786,41502,104671
1303304,Novo Aripuanã,13,Amazonas,AM,1,Norte,23817,2366,0.88,41180,0.58,4785,4.95,219610,0.19,7176,212434,49538,11045,35490,116362
1303403,Parintins,13,Amazonas,AM,1,Norte,96372,-5661,-0.47,5956,16.18,23900,4.02,1320760,1.14,80678,1240082,297571,78227,335289,528995
1303502,Pauini,13,Amazonas,AM,1,Norte,19373,1207,0.54,41625,0.47,3960,4.87,175118,0.15,4744,170374,33665,6115,28125,102470
1303536,Presidente Figueiredo,13,Amazonas,AM,1,Norte,30668,3493,1.01,25459,1.2,9389,3.26,829590,0.72,31043,798547,67210,328444,155195,247698
1303569,Rio Preto da Eva,13,Amazonas,AM,1,Norte,24936,-783,-0.26,5816,4.29,7806,3.19,374582,0.32,29053,345529,81269,34980,77804,151477
1303601,Santa Isabel do Rio Negro,13,Amazonas,AM,1,Norte,14164,-3982,-2.04,62800,0.23,2740,5.15,157255,0.14,3009,154246,14934,4595,19490,115228
1303700,Santo Antônio do Içá,13,Amazonas,AM,1,Norte,28211,3730,1.19,12366,2.28,5253,5.36,208668,0.18,9195,199473,35304,9167,38883,116118
1303809,São Gabriel da Cachoeira,13,Amazonas,AM,1,Norte,51795,13899,2.64,109193,0.47,10603,4.83,376615,0.32,22648,353966,15903,19873,95101,223089
1303908,São Paulo de Olivença,13,Amazonas,AM,1,Norte,32967,1545,0.4,19659,1.68,6010,5.48,302142,0.26,7161,294981,32183,12132,46513,204152
1303957,São Sebastião do Uatumã,13,Amazonas,AM,1,Norte,11670,965,0.72,10647,1.1,2665,4.33,127921,0.11,3821,124101,22793,5905,22204,73200
1304005,Silves,13,Amazonas,AM,1,Norte,11559,3115,2.65,3723,3.1,2825,4.08,133809,0.12,14263,119546,40645,4966,17685,56250
1304062,Tabatinga,13,Amazonas,AM,1,Norte,66764,14492,2.06,3260,20.48,13839,4.8,653294,0.56,54566,598728,21485,40300,197619,339324
1304104,Tapauá,13,Amazonas,AM,1,Norte,19599,1479,0.66,84946,0.23,4792,4.07,218778,0.19,5053,213725,59651,9712,35469,108894
1304203,Tefé,13,Amazonas,AM,1,Norte,73669,12216,1.52,23692,3.11,17460,4.21,941549,0.81,50399,891149,188505,157942,234909,309793
1304237,Tonantins,13,Amazonas,AM,1,Norte,19247,2168,1,6447,2.99,3380,5.69,158650,0.14,3274,155377,17700,6007,25352,106318
1304260,Uarini,13,Amazonas,AM,1,Norte,14431,2540,1.63,10275,1.4,3057,4.67,205148,0.18,6192,198956,85676,8157,30934,74188
1304302,Urucará,13,Amazonas,AM,1,Norte,18626,1532,0.72,27902,0.67,4279,4.34,306841,0.26,6989,299852,164045,8885,37187,89736
1304401,Urucurituba,13,Amazonas,AM,1,Norte,23945,6108,2.48,2886,8.3,5202,4.52,195781,0.17,6492,189289,29820,9519,35453,114496
1400027,Amajari,14,Roraima,RR,1,Norte,13927,4600,3.4,28473,0.49,2996,4.58,198055,1.24,2851,195205,48199,6053,15091,125861
1400050,Alto Alegre,14,Roraima,RR,1,Norte,21066,4618,2.08,25454,0.83,5052,4.16,409678,2.56,5526,404152,175261,20279,48726,159885
1400100,Boa Vista,14,Roraima,RR,1,Norte,413486,129173,3.17,5687,72.71,119011,3.39,11826207,73.8,1258186,10568022,121501,1456847,4640743,4348930
1400159,Bonfim,14,Roraima,RR,1,Norte,13897,2954,2.01,8080,1.72,3491,3.96,417473,2.61,7573,409899,195775,23445,51785,138895
1400175,Cantá,14,Roraima,RR,1,Norte,18682,4780,2.49,7665,2.44,5429,3.42,325142,2.03,23563,301579,50538,22884,34404,193753
1400209,Caracaraí,14,Roraima,RR,1,Norte,20957,2559,1.09,47380,0.44,6087,3.43,410468,2.56,17236,393232,51125,31682,74930,235494
1400233,Caroebe,14,Roraima,RR,1,Norte,10656,2542,2.3,12066,0.88,3130,3.36,227657,1.42,5923,221734,70295,10241,34221,106977
1400282,Iracema,14,Roraima,RR,1,Norte,10023,1327,1.19,14012,0.72,2925,3.42,182227,1.14,3972,178256,26075,6755,21060,124366
1400308,Mucajaí,14,Roraima,RR,1,Norte,18064,3272,1.68,12338,1.46,5331,3.36,348643,2.18,19005,329639,53407,24983,65544,185704
1400407,Normandia,14,Roraima,RR,1,Norte,13669,4729,3.6,6960,1.96,2661,5.1,194806,1.22,2511,192295,43891,7263,20171,120971
1400456,Pacaraima,14,Roraima,RR,1,Norte,19305,8872,5.26,8025,2.41,3958,4.39,290483,1.81,15202,275281,8982,15613,61867,188819
1400472,Rorainópolis,14,Roraima,RR,1,Norte,32647,8368,2.5,33580,0.97,10064,3.24,636834,3.97,54275,582559,77889,41834,134833,328002
1400506,São João da Baliza,14,Roraima,RR,1,Norte,8858,2089,2.27,4285,2.07,2603,3.34,262133,1.64,72592,189541,34781,26348,40951,87461
1400605,São Luiz,14,Roraima,RR,1,Norte,7315,565,0.67,1527,4.79,2260,3.15,165155,1.03,10154,155002,35843,9895,25204,84060
1400704,Uiramutã,14,Roraima,RR,1,Norte,13751,5376,4.22,8114,1.69,2339,5.86,129313,0.81,1468,127845,7344,2388,9224,108890
1500107,Abaetetuba,15,Pará,PA,1,Norte,158188,17088,0.96,1611,98.21,43033,3.67,1656576,0.77,135373,1521204,234488,66069,573434,647212
1500131,Abel Figueiredo,15,Pará,PA,1,Norte,7030,250,0.3,614,11.45,2265,3.1,95678,0.04,6828,88849,22317,10042,22450,34039
1500206,Acará,15,Pará,PA,1,Norte,57385,3816,0.58,4344,13.21,16554,3.46,881826,0.41,23108,858718,429719,32175,105337,291487
1500305,Afuá,15,Pará,PA,1,Norte,37765,2723,0.63,8338,4.53,9038,4.17,438244,0.2,11885,426359,161667,19400,52645,192646
1500347,Água Azul do Norte,15,Pará,PA,1,Norte,18080,-6977,-2.68,7114,2.54,5618,3.2,531218,0.25,66413,464805,186803,110255,56042,111705
1500404,Alenquer,15,Pará,PA,1,Norte,69377,16751,2.33,23645,2.93,17906,3.87,691614,0.32,21818,669796,264639,23392,131941,249824
1500503,Almeirim,15,Pará,PA,1,Norte,34280,666,0.16,72955,0.47,9116,3.75,627584,0.29,67550,560033,70937,188786,123322,176989
1500602,Altamira,15,Pará,PA,1,Norte,126279,27204,2.04,159533,0.79,41217,3.05,2556445,1.18,265402,2291043,323942,348721,1071194,547187
1500701,Anajás,15,Pará,PA,1,Norte,28011,3252,1.03,6914,4.05,6369,4.38,228694,0.11,10791,217903,35374,6753,33372,142404
1500800,Ananindeua,15,Pará,PA,1,Norte,478778,6798,0.12,191,2512.2,154891,3.08,8141095,3.77,1170041,6971053,11303,1086424,4013326,1860001
1500859,Anapu,15,Pará,PA,1,Norte,31850,11307,3.72,11895,2.68,9335,3.38,521583,0.24,37834,483750,202523,19452,126844,134931
1500909,Augusto Corrêa,15,Pará,PA,1,Norte,44573,4076,0.8,1100,40.53,12365,3.6,365944,0.17,12484,353459,58149,13689,57929,223693
1500958,Aurora do Pará,15,Pará,PA,1,Norte,23632,-2914,-0.96,1812,13.04,6606,3.56,267528,0.12,10093,257435,69467,9812,45045,133111
1501006,Aveiro,15,Pará,PA,1,Norte,18290,2441,1.2,17074,1.07,4647,3.91,138807,0.06,1945,136862,43872,3769,12947,76274
1501105,Bagre,15,Pará,PA,1,Norte,34711,10847,3.17,4397,7.89,6149,5.62,232845,0.11,4775,228070,75818,5577,25014,121661
1501204,Baião,15,Pará,PA,1,Norte,51641,14759,2.84,3760,13.73,12116,4.22,615634,0.29,10670,604964,325845,17514,71514,190091
1501253,Bannach,15,Pará,PA,1,Norte,4031,600,1.35,2957,1.36,1323,3.02,100639,0.05,2523,98115,64279,1643,10031,22162
1501303,Barcarena,15,Pará,PA,1,Norte,126650,26791,2,1310,96.65,37980,3.33,7437481,3.44,1674643,5762838,167676,3665600,1278631,650930
1501402,Belém,15,Pará,PA,1,Norte,1303389,-90010,-0.55,1059,1230.23,422969,3.08,30835763,14.28,5034036,25801727,91379,3798540,16481347,5430462
1501451,Belterra,15,Pará,PA,1,Norte,18099,1781,0.87,4398,4.11,5350,3.37,186598,0.09,6982,179616,47518,9158,36024,86915
1501501,Benevides,15,Pará,PA,1,Norte,63567,11916,1.74,188,338.44,20497,3.09,1675048,0.78,379412,1295635,4382,437080,603586,250588
1501576,Bom Jesus do Tocantins,15,Pará,PA,1,Norte,18005,2707,1.37,2817,6.39,5108,3.52,207835,0.1,9041,198794,66012,7197,42645,82941
1501600,Bonito,15,Pará,PA,1,Norte,12622,-1008,-0.64,587,21.5,4214,2.99,189663,0.09,28114,161550,19414,54625,24127,63384
1501709,Bragança,15,Pará,PA,1,Norte,123082,9855,0.7,2125,57.93,37060,3.31,1377141,0.64,102934,1274207,233265,81166,452440,507336
1501725,Brasil Novo,15,Pará,PA,1,Norte,24718,9028,3.86,6363,3.88,7195,3.42,322210,0.15,18922,303288,139416,12271,74633,76967
1501758,Brejo Grande do Araguaia,15,Pará,PA,1,Norte,6783,-534,-0.63,1288,5.26,2130,3.18,88614,0.04,3221,85393,31819,3114,15478,34981
1501782,Breu Branco,15,Pará,PA,1,Norte,45712,-6781,-1.15,3942,11.6,13532,3.37,688187,0.32,66870,621317,83982,123940,139336,274060
1501808,Breves,15,Pará,PA,1,Norte,106968,14108,1.19,9567,11.18,24356,4.38,847225,0.39,50294,796932,50765,29268,210936,505963
1501907,Bujaru,15,Pará,PA,1,Norte,24383,-1312,-0.44,995,24.51,7099,3.43,488391,0.23,7812,480579,276737,17964,54370,131508
1501956,Cachoeira do Piriá,15,Pará,PA,1,Norte,19630,-6854,-2.46,2420,8.11,5620,3.48,215678,0.1,6614,209064,43405,6379,28969,130312
1502004,Cachoeira do Arari,15,Pará,PA,1,Norte,23981,3538,1.34,3100,7.74,6550,3.66,230427,0.11,6225,224202,82859,6948,31544,102852
1502103,Cametá,15,Pará,PA,1,Norte,134184,13288,0.87,3081,43.55,33318,4.02,1332550,0.62,52086,1280463,408314,37140,266015,568994
1502152,Canaã dos Carajás,15,Pará,PA,1,Norte,77079,50363,9.23,3147,24.49,24376,3.15,22522725,10.43,371526,22151200,86816,19434709,2246219,383455
1502202,Capanema,15,Pará,PA,1,Norte,70394,6755,0.84,621,113.27,23060,3.05,1227086,0.57,171631,1055455,116713,111429,563957,263357
1502301,Capitão Poço,15,Pará,PA,1,Norte,56332,4439,0.69,2901,19.42,18157,3.1,704881,0.33,34183,670698,248626,35467,166978,219626
1502400,Castanhal,15,Pará,PA,1,Norte,192262,19113,0.88,1029,186.79,63786,3.01,4293180,1.99,716763,3576417,130546,606534,1943835,895502
1502509,Chaves,15,Pará,PA,1,Norte,20757,-248,-0.1,12535,1.66,4748,4.36,218344,0.1,2672,215672,86588,3368,14508,111209
1502608,Colares,15,Pará,PA,1,Norte,12868,1487,1.03,384,33.5,3995,3.22,93043,0.04,2692,90351,14932,2770,17366,55283
1502707,Conceição do Araguaia,15,Pará,PA,1,Norte,44617,-940,-0.17,5829,7.65,15172,2.94,621769,0.29,51556,570213,108936,34312,226982,199983
1502756,Concórdia do Pará,15,Pará,PA,1,Norte,26881,-1335,-0.4,701,38.37,7968,3.37,322550,0.15,19368,303182,54944,14595,73936,159707
1502764,Cumaru do Norte,15,Pará,PA,1,Norte,14036,3570,2.48,17085,0.82,3626,3.55,408055,0.19,12223,395832,276335,7871,46495,65130
1502772,Curionópolis,15,Pará,PA,1,Norte,19950,1662,0.73,2369,8.42,6416,3.11,644502,0.3,31554,612949,83261,320692,106142,102853
1502806,Curralinho,15,Pará,PA,1,Norte,33903,5354,1.44,3617,9.37,8164,4.14,266866,0.12,7647,259220,47933,6261,39857,165169
1502855,Curuá,15,Pará,PA,1,Norte,14117,1863,1.19,1431,9.86,3903,3.61,140213,0.06,3502,136711,41054,3696,20668,71293
1502905,Curuçá,15,Pará,PA,1,Norte,40342,6048,1.36,676,59.65,11840,3.4,330355,0.15,11080,319275,80924,11721,58184,168447
1502939,Dom Eliseu,15,Pará,PA,1,Norte,58484,7165,1.1,5269,11.1,15347,3.8,783206,0.36,89200,694005,122204,45553,277546,248702
1502954,Eldorado do Carajás,15,Pará,PA,1,Norte,28192,-3594,-0.99,2957,9.53,8905,3.16,520726,0.24,47166,473559,113417,70747,142979,146417
1503002,Faro,15,Pará,PA,1,Norte,8728,551,0.54,11772,0.74,2096,4.15,63579,0.03,2176,61403,7240,2564,14215,37384
1503044,Floresta do Araguaia,15,Pará,PA,1,Norte,17898,130,0.06,3444,5.2,5986,2.99,414123,0.19,18155,395968,200038,27673,71429,96829
1503077,Garrafão do Norte,15,Pará,PA,1,Norte,24703,-331,-0.11,1608,15.36,7710,3.2,256395,0.12,8506,247889,70897,8871,46107,122014
1503093,Goianésia do Pará,15,Pará,PA,1,Norte,26280,-7584,-2.09,7024,3.74,8280,3.17,371975,0.17,21968,350006,78243,15730,80588,175445
1503101,Gurupá,15,Pará,PA,1,Norte,31788,2726,0.75,8570,3.71,7375,4.3,294443,0.14,8760,285682,61192,7156,47011,170323
1503200,Igarapé-Açu,15,Pará,PA,1,Norte,35797,-90,-0.02,786,45.54,11529,3.09,379257,0.18,26301,352957,74037,27812,99894,151214
1503309,Igarapé-Miri,15,Pará,PA,1,Norte,64831,6754,0.92,1997,32.47,16925,3.82,627685,0.29,31786,595899,168605,32063,104632,290599
1503408,Inhangapi,15,Pará,PA,1,Norte,10325,288,0.24,473,21.85,3213,3.21,155791,0.07,9735,146056,65517,16441,16227,47871
1503457,Ipixuna do Pará,15,Pará,PA,1,Norte,30329,-17552,-3.73,5216,5.82,8758,3.45,607202,0.28,28040,579162,64688,154594,87164,272715
1503507,Irituia,15,Pará,PA,1,Norte,30955,-409,-0.11,1385,22.35,9562,3.24,249125,0.12,11603,237522,51604,8594,55204,122120
1503606,Itaituba,15,Pará,PA,1,Norte,123312,25819,1.98,62042,1.99,36385,3.36,2626139,1.22,299701,2326438,140245,587806,1123614,474774
1503705,Itupiranga,15,Pará,PA,1,Norte,49752,-1468,-0.24,7880,6.31,13776,3.6,658373,0.3,26148,632225,247073,32149,118571,234432
1503754,Jacareacanga,15,Pará,PA,1,Norte,24042,9939,4.55,53305,0.45,5086,4.69,576360,0.27,14050,562311,53390,277425,54825,176670
1503804,Jacundá,15,Pará,PA,1,Norte,37707,-13653,-2.54,2008,18.78,12607,2.99,529375,0.25,41700,487676,50200,30933,175714,230828
1503903,Juruti,15,Pará,PA,1,Norte,50881,3795,0.65,8305,6.13,12346,4.11,1366721,0.63,64237,1302484,171431,549511,279014,302527
1504000,Limoeiro do Ajuru,15,Pará,PA,1,Norte,29569,4548,1.4,1490,19.84,7177,4.11,484664,0.22,4914,479750,312016,5396,26819,135518
1504059,Mãe do Rio,15,Pará,PA,1,Norte,34353,6449,1.75,469,73.19,9890,3.47,324097,0.15,23976,300121,26510,13719,114434,145457
1504109,Magalhães Barata,15,Pará,PA,1,Norte,8115,0,0,324,25.05,2495,3.24,93194,0.04,2123,91070,35288,2788,12842,40153
1504208,Marabá,15,Pará,PA,1,Norte,266536,32867,1.1,15128,17.62,86029,3.09,12930110,5.99,1056709,11873401,439737,6975002,3165030,1293633
1504307,Maracanã,15,Pará,PA,1,Norte,25812,-2564,-0.79,808,31.96,7660,3.35,255464,0.12,6132,249332,65670,9405,41568,132689
1504406,Marapanim,15,Pará,PA,1,Norte,26471,-134,-0.04,805,32.9,8336,3.17,247549,0.11,7418,240132,45296,8315,52870,133651
1504422,Marituba,15,Pará,PA,1,Norte,110515,2269,0.17,103,1070.74,35414,3.09,2082399,0.96,328688,1753711,2027,221409,954278,575997
1504455,Medicilândia,15,Pará,PA,1,Norte,27077,-251,-0.08,8273,3.27,8949,3.02,876395,0.41,44473,831921,511388,30544,159648,130341
1504505,Melgaço,15,Pará,PA,1,Norte,27876,3068,0.98,6774,4.12,5714,4.85,196206,0.09,4222,191985,25980,5240,21886,138879
1504604,Mocajuba,15,Pará,PA,1,Norte,27198,467,0.14,871,31.22,6854,3.96,496241,0.23,14528,481712,234009,17792,67143,162769
1504703,Moju,15,Pará,PA,1,Norte,83039,13021,1.43,9094,9.13,24715,3.35,1266649,0.59,94402,1172247,472554,93469,237166,369058
1504752,Mojuí dos Campos,15,Pará,PA,1,Norte,23501,8726,3.94,4988,4.71,7478,3.14,194089,0.09,8851,185238,49060,10416,42340,83421
1504802,Monte Alegre,15,Pará,PA,1,Norte,60016,4554,0.66,18153,3.31,18315,3.27,710162,0.33,31750,678412,236035,29101,160662,252615
1504901,Muaná,15,Pará,PA,1,Norte,45368,11164,2.38,3763,12.06,10636,4.25,322133,0.15,7278,314856,97378,9180,40142,168155
1504950,Nova Esperança do Piriá,15,Pará,PA,1,Norte,20478,320,0.13,2808,7.29,6025,3.39,257345,0.12,9559,247787,94620,7787,45261,100119
1504976,Nova Ipixuna,15,Pará,PA,1,Norte,13955,-690,-0.4,1564,8.92,4571,3.04,169151,0.08,8002,161149,44688,7010,31437,78014
1505007,Nova Timboteua,15,Pará,PA,1,Norte,12806,-864,-0.54,490,26.14,4560,2.8,143695,0.07,8847,134848,27660,5736,36032,65421
1505031,Novo Progresso,15,Pará,PA,1,Norte,33638,8514,2.46,38162,0.88,10452,3.2,826542,0.38,100043,726499,176827,118781,288752,142139
1505064,Novo Repartimento,15,Pará,PA,1,Norte,60732,-1318,-0.18,15399,3.94,18530,3.27,939786,0.44,62536,877250,288400,27165,215277,346409
1505106,Óbidos,15,Pará,PA,1,Norte,52229,2896,0.48,28011,1.86,14537,3.57,897155,0.42,31769,865386,419448,56363,148748,240827
1505205,Oeiras do Pará,15,Pará,PA,1,Norte,33844,5249,1.41,3852,8.79,8093,4.16,441527,0.2,8786,432741,219533,10190,48538,154480
1505304,Oriximiná,15,Pará,PA,1,Norte,68294,5500,0.7,107614,0.63,17956,3.79,2503141,1.16,147011,2356130,248249,1289234,480870,337777
1505403,Ourém,15,Pará,PA,1,Norte,17855,1544,0.76,562,31.79,5758,3.1,203272,0.09,9577,193696,67109,16319,40361,69907
1505437,Ourilândia do Norte,15,Pará,PA,1,Norte,32467,5108,1.44,14411,2.25,10381,3.12,775454,0.36,124558,650896,66925,251745,177761,154464
1505486,Pacajá,15,Pará,PA,1,Norte,41097,1118,0.23,11832,3.47,12474,3.29,723359,0.33,34445,688914,314734,27437,127868,218874
1505494,Palestina do Pará,15,Pará,PA,1,Norte,6885,-590,-0.68,984,6.99,2200,3.13,82964,0.04,2700,80264,26116,2882,14468,36798
1505502,Paragominas,15,Pará,PA,1,Norte,105538,7719,0.63,19343,5.46,33005,3.18,3777292,1.75,343666,3433626,324260,1498702,1084702,525961
1505536,Parauapebas,15,Pará,PA,1,Norte,266424,112516,4.68,6886,38.69,87184,3.05,38014863,17.6,1178964,36835899,195418,30269436,4787420,1583624
1505551,Pau D'Arco,15,Pará,PA,1,Norte,6931,898,1.16,1671,4.15,2225,3.11,97363,0.05,5689,91674,32057,3188,20390,36038
1505601,Peixe-Boi,15,Pará,PA,1,Norte,8285,431,0.45,450,18.4,2947,2.81,65723,0.03,1999,63724,15098,2218,11374,35033
1505635,Piçarra,15,Pará,PA,1,Norte,12832,135,0.09,3313,3.87,4072,3.15,274687,0.13,11387,263300,151863,13855,33855,63727
1505650,Placas,15,Pará,PA,1,Norte,18668,-5266,-2.05,7173,2.6,5877,3.17,309018,0.14,11377,297641,118346,9140,46291,123863
1505700,Ponta de Pedras,15,Pará,PA,1,Norte,24984,-1015,-0.33,3364,7.43,7084,3.52,246851,0.11,9467,237385,61992,5571,44286,125535
1505809,Portel,15,Pará,PA,1,Norte,62445,10273,1.51,25385,2.46,13268,4.66,880348,0.41,20262,860087,419253,32210,107781,300842
1505908,Porto de Moz,15,Pará,PA,1,Norte,40597,6641,1.5,17423,2.33,9065,4.47,348459,0.16,13025,335434,74289,11155,57683,192306
1506005,Prainha,15,Pará,PA,1,Norte,35577,6228,1.62,14787,2.41,9205,3.85,342531,0.16,7300,335231,132875,9961,46339,146055
1506104,Primavera,15,Pará,PA,1,Norte,10677,409,0.33,259,41.29,3472,3.07,295648,0.14,58487,237161,4194,142347,36071,54548
1506112,Quatipuru,15,Pará,PA,1,Norte,11524,-887,-0.62,303,38.04,3649,3.16,111202,0.05,3427,107774,30151,3002,18071,56551
1506138,Redenção,15,Pará,PA,1,Norte,85597,10041,1.05,3824,22.39,28022,3.04,2028782,0.94,290342,1738439,153365,279187,932815,373072
1506161,Rio Maria,15,Pará,PA,1,Norte,18384,687,0.32,4115,4.47,6503,2.82,571430,0.26,75708,495721,167216,111674,130013,86819
1506187,Rondon do Pará,15,Pará,PA,1,Norte,53143,6179,1.04,8246,6.44,15285,3.46,628597,0.29,46519,582078,120457,41449,188760,231412
1506195,Rurópolis,15,Pará,PA,1,Norte,35769,-4318,-0.95,7021,5.09,9079,3.92,415601,0.19,27907,387694,80530,32664,86649,187850
1506203,Salinópolis,15,Pará,PA,1,Norte,44772,7351,1.51,226,198,13482,3.3,568925,0.26,55773,513153,18024,76342,250885,167902
1506302,Salvaterra,15,Pará,PA,1,Norte,24129,3946,1.5,919,26.27,7391,3.25,193500,0.09,7770,185729,29084,8005,45451,103189
1506351,Santa Bárbara do Pará,15,Pará,PA,1,Norte,21089,3948,1.74,278,75.82,6800,3.1,218708,0.1,19592,199116,8342,67459,36841,86473
1506401,Santa Cruz do Arari,15,Pará,PA,1,Norte,7445,-710,-0.76,1077,6.91,1771,4.19,81617,0.04,1411,80206,29765,1428,8419,40594
1506500,Santa Izabel do Pará,15,Pará,PA,1,Norte,73019,13553,1.73,718,101.75,21491,3.09,807619,0.37,92159,715460,102111,63444,271467,278438
1506559,Santa Luzia do Pará,15,Pará,PA,1,Norte,20370,946,0.4,1347,15.13,6312,3.22,188634,0.09,11295,177339,34412,5755,46894,90279
1506583,Santa Maria das Barreiras,15,Pará,PA,1,Norte,16548,-658,-0.32,10330,1.6,5431,3.03,735495,0.34,24216,711279,226841,289379,99365,95694
1506609,Santa Maria do Pará,15,Pará,PA,1,Norte,24624,1598,0.56,458,53.8,8460,2.9,307897,0.14,24364,283533,62916,26369,93455,100793
1506708,Santana do Araguaia,15,Pará,PA,1,Norte,32413,-23740,-4.48,11591,2.8,10540,3.06,1113883,0.52,139264,974619,247750,175587,281994,269288
1506807,Santarém,15,Pará,PA,1,Norte,331937,52132,1.43,17898,18.55,95605,3.46,5501389,2.55,635167,4866222,353122,592395,2621770,1298935
1506906,Santarém Novo,15,Pará,PA,1,Norte,6116,-25,-0.03,230,26.65,1961,3.11,50994,0.02,1167,49827,9910,1765,7284,30868
1507003,Santo Antônio do Tauá,15,Pará,PA,1,Norte,27461,787,0.24,538,51.08,8807,3.11,432120,0.2,27865,404255,148689,42663,73714,139189
1507102,São Caetano de Odivelas,15,Pará,PA,1,Norte,16666,-225,-0.11,464,35.91,5177,3.22,157769,0.07,4934,152835,39341,5246,28615,79633
1507151,São Domingos do Araguaia,15,Pará,PA,1,Norte,21092,-2038,-0.77,1392,15.15,6800,3.1,302974,0.14,19521,283454,75463,15322,80755,111913
1507201,São Domingos do Capim,15,Pará,PA,1,Norte,30599,753,0.21,1687,18.14,8463,3.61,372003,0.17,8469,363535,157138,11483,49868,145046
1507300,São Félix do Xingu,15,Pará,PA,1,Norte,65418,-25922,-2.74,84213,0.78,20836,3.13,1577607,0.73,86157,1491451,601910,170379,249362,469800
1507409,São Francisco do Pará,15,Pará,PA,1,Norte,14894,-166,-0.09,479,31.07,4949,3.01,241412,0.11,11981,229431,100464,10716,47564,70686
1507458,São Geraldo do Araguaia,15,Pará,PA,1,Norte,24255,-1332,-0.44,3168,7.66,7711,3.13,599505,0.28,83684,515822,130672,133704,131871,119574
1507466,São João da Ponta,15,Pará,PA,1,Norte,4430,-835,-1.43,196,22.61,1456,3.04,52373,0.02,1454,50919,15313,1620,6305,27681
1507474,São João de Pirabas,15,Pará,PA,1,Norte,20689,42,0.02,668,30.95,6553,3.15,180043,0.08,7642,172401,26049,9155,32476,104721
1507508,São João do Araguaia,15,Pará,PA,1,Norte,13465,310,0.19,1280,10.52,4323,3.1,163405,0.08,6675,156730,52492,9304,20735,74198
1507607,São Miguel do Guamá,15,Pará,PA,1,Norte,52895,1328,0.21,1095,48.33,16392,3.22,722327,0.33,44460,677868,220678,46325,162582,248282
1507706,São Sebastião da Boa Vista,15,Pará,PA,1,Norte,25643,2739,0.95,1632,15.71,6560,3.89,228371,0.11,5886,222485,65856,4808,31351,120470
1507755,Sapucaia,15,Pará,PA,1,Norte,5847,800,1.23,1298,4.5,1776,3.27,114253,0.05,7525,106729,43727,6546,22001,34455
1507805,Senador José Porfírio,15,Pará,PA,1,Norte,22576,9531,4.68,14420,1.57,6498,3.42,199270,0.09,6999,192271,84580,7810,34051,65829
1507904,Soure,15,Pará,PA,1,Norte,24204,1203,0.43,2857,8.47,7083,3.41,217312,0.1,9014,208297,42436,7371,50950,107541
1507953,Tailândia,15,Pará,PA,1,Norte,72493,-6804,-0.74,4430,16.36,21587,3.35,1078409,0.5,114400,964009,140190,138388,280748,404683
1507961,Terra Alta,15,Pará,PA,1,Norte,10400,138,0.11,205,50.74,3355,3.1,77117,0.04,1994,75122,8142,2637,14085,50259
1507979,Terra Santa,15,Pará,PA,1,Norte,18782,1833,0.86,1896,9.91,4998,3.75,433192,0.2,11543,421649,19343,243009,68477,90819
1508001,Tomé-Açu,15,Pará,PA,1,Norte,67305,10787,1.47,5145,13.08,19740,3.4,815232,0.38,77302,737930,126641,78690,231794,300806
1508035,Tracuateua,15,Pará,PA,1,Norte,28595,1140,0.34,868,32.94,8736,3.27,295648,0.14,7986,287661,83479,14383,41228,148571
1508050,Trairão,15,Pará,PA,1,Norte,15242,-1633,-0.84,11991,1.27,4688,3.24,276380,0.13,19932,256448,96165,10835,65366,84082
1508084,Tucumã,15,Pará,PA,1,Norte,39550,5860,1.35,2513,15.74,12825,3.08,861823,0.4,123743,738079,126578,141556,297398,172548
1508100,Tucuruí,15,Pará,PA,1,Norte,91306,-5822,-0.51,2084,43.81,27400,3.31,4568226,2.12,119284,4448942,55952,3293810,523120,576060
1508126,Ulianópolis,15,Pará,PA,1,Norte,37972,-5369,-1.1,5088,7.46,9700,3.9,1857313,0.86,47272,1810041,1263407,128354,190420,227860
1508159,Uruará,15,Pará,PA,1,Norte,43558,-1231,-0.23,10791,4.04,14245,3.05,717056,0.33,40091,676965,279574,34645,169047,193699
1508209,Vigia,15,Pará,PA,1,Norte,50832,2943,0.5,402,126.58,15791,3.22,418915,0.19,25080,393835,75239,16040,112853,189703
1508308,Viseu,15,Pará,PA,1,Norte,58692,1976,0.29,4973,11.8,16235,3.61,619547,0.29,17017,602530,220803,23609,85142,272976
1508357,Vitória do Xingu,15,Pará,PA,1,Norte,15599,2168,1.25,3090,5.05,4902,3.17,3834577,1.78,39658,3794920,96403,3467591,85062,145864
1508407,Xinguara,15,Pará,PA,1,Norte,52893,12320,2.23,3779,14,17900,2.94,1412815,0.65,251025,1161791,137315,328830,467300,228347
1600055,Serra do Navio,16,Amapá,AP,1,Norte,4673,293,0.54,7713,0.61,1364,3.4,81345,0.44,1979,79366,4163,2755,11580,60868
1600105,Amapá,16,Amapá,AP,1,Norte,7943,-126,-0.13,8455,0.94,2055,3.85,157700,0.85,4788,152912,25393,7792,27664,92063
1600154,Pedra Branca do Amapari,16,Amapá,AP,1,Norte,12847,2075,1.48,9622,1.34,3290,3.89,469238,2.54,46122,423116,7287,169064,60483,186281
1600204,Calçoene,16,Amapá,AP,1,Norte,10612,1612,1.38,14117,0.75,2778,3.76,181556,0.98,6541,175015,15742,12504,37884,108885
1600212,Cutias,16,Amapá,AP,1,Norte,4461,-235,-0.43,2179,2.05,1156,3.83,87445,0.47,1378,86068,19266,1110,7797,57895
1600238,Ferreira Gomes,16,Amapá,AP,1,Norte,6666,864,1.16,4974,1.34,1796,3.71,519209,2.81,10387,508822,13873,372742,24393,97813
1600253,Itaubal,16,Amapá,AP,1,Norte,5599,1334,2.29,1623,3.45,1361,4.1,80823,0.44,1073,79751,11213,1576,8483,58479
1600279,Laranjal do Jari,16,Amapá,AP,1,Norte,35114,-4828,-1.07,30783,1.14,10331,3.39,1034560,5.6,26066,1008494,13309,299450,184609,511127
1600303,Macapá,16,Amapá,AP,1,Norte,442933,44729,0.89,6564,67.48,123482,3.56,11735557,63.54,951298,10784259,66038,863913,5065903,4788405
1600402,Mazagão,16,Amapá,AP,1,Norte,21918,4886,2.12,13295,1.65,5320,4.1,363565,1.97,12487,351079,28033,50389,48272,224384
1600501,Oiapoque,16,Amapá,AP,1,Norte,27482,6973,2.47,23034,1.19,7041,3.85,488209,2.64,24810,463399,17805,28603,132901,284090
1600535,Porto Grande,16,Amapá,AP,1,Norte,17848,1039,0.5,4428,4.03,5012,3.55,381528,2.07,13109,368419,32864,39993,66840,228722
1600550,Pracuúba,16,Amapá,AP,1,Norte,3803,10,0.02,4949,0.77,913,4.16,76761,0.42,941,75820,17437,1008,6055,51320
1600600,Santana,16,Amapá,AP,1,Norte,107373,6111,0.49,1541,69.67,28721,3.73,2341304,12.68,145503,2195801,18910,264931,746506,1165455
1600709,Tartarugalzinho,16,Amapá,AP,1,Norte,12945,382,0.25,6685,1.94,3321,3.88,246100,1.33,3983,242117,40929,4293,24234,172661
1600808,Vitória do Jari,16,Amapá,AP,1,Norte,11291,-1137,-0.8,2509,4.5,3006,3.74,224213,1.21,6532,217681,7644,14731,28313,166994
1700251,Abreulândia,17,Tocantins,TO,1,Norte,2576,185,0.62,1906,1.35,925,2.78,76689,0.18,1543,75146,42752,2302,9189,20904
1700301,Aguiarnópolis,17,Tocantins,TO,1,Norte,4497,-665,-1.14,237,18.99,1440,3.12,158462,0.36,24369,134093,16719,18404,52264,46706
1700350,Aliança do Tocantins,17,Tocantins,TO,1,Norte,5147,-524,-0.8,1581,3.26,1852,2.78,155445,0.36,13461,141984,39222,5714,58354,38694
1700400,Almas,17,Tocantins,TO,1,Norte,6499,-1087,-1.28,4007,1.62,2079,3.11,179300,0.41,5230,174070,97369,4784,23587,48330
1700707,Alvorada,17,Tocantins,TO,1,Norte,8802,428,0.42,1207,7.29,3123,2.81,407693,0.93,55010,352684,97394,41120,153255,60915
1701002,Ananás,17,Tocantins,TO,1,Norte,10325,460,0.38,1581,6.53,3182,3.19,140742,0.32,7310,133431,28960,4665,35036,64771
1701051,Angico,17,Tocantins,TO,1,Norte,2876,-294,-0.81,448,6.43,894,3.21,41825,0.1,1046,40779,7361,1675,5809,25934
1701101,Aparecida do Rio Negro,17,Tocantins,TO,1,Norte,4856,643,1.19,1159,4.19,1659,2.91,209161,0.48,5626,203534,126169,5212,35093,37061
1701309,Aragominas,17,Tocantins,TO,1,Norte,5290,-592,-0.88,1168,4.53,1834,2.88,78610,0.18,1759,76850,25583,1728,8349,41190
1701903,Araguacema,17,Tocantins,TO,1,Norte,5927,-390,-0.53,2775,2.14,2061,2.87,259417,0.59,5744,253673,162374,7440,33326,50532
1702000,Araguaçu,17,Tocantins,TO,1,Norte,8133,-653,-0.64,5155,1.58,3052,2.64,274767,0.63,10239,264528,137347,7922,57963,61296
1702109,Araguaína,17,Tocantins,TO,1,Norte,171301,20817,1.09,4005,42.78,57633,2.96,4761509,10.91,560406,4201103,78094,483990,2410031,1228989
1702158,Araguanã,17,Tocantins,TO,1,Norte,4310,-720,-1.28,835,5.16,1468,2.93,78510,0.18,2355,76156,20413,3265,11327,41151
1702208,Araguatins,17,Tocantins,TO,1,Norte,31918,589,0.16,2633,12.12,10210,3.12,465900,1.07,25347,440553,53868,17326,132749,236610
1702307,Arapoema,17,Tocantins,TO,1,Norte,5550,-1192,-1.61,1558,3.56,1962,2.82,357625,0.82,5970,351655,39715,225041,41891,45009
1702406,Arraias,17,Tocantins,TO,1,Norte,10287,-358,-0.28,5803,1.77,3727,2.74,195652,0.45,10802,184849,56694,7953,46216,73986
1702554,Augustinópolis,17,Tocantins,TO,1,Norte,17484,1534,0.77,389,44.97,5667,3.07,291119,0.67,21740,269379,17001,18074,112523,121781
1702703,Aurora do Tocantins,17,Tocantins,TO,1,Norte,3342,-104,-0.26,696,4.8,1273,2.62,51568,0.12,1696,49872,13687,1656,7546,26982
1702901,Axixá do Tocantins,17,Tocantins,TO,1,Norte,10262,987,0.85,154,66.84,2915,3.52,125890,0.29,5752,120138,15534,3796,28621,72187
1703008,Babaçulândia,17,Tocantins,TO,1,Norte,7880,-2544,-2.3,1790,4.4,2682,2.94,127303,0.29,3640,123663,34178,4005,16316,69164
1703057,Bandeirantes do Tocantins,17,Tocantins,TO,1,Norte,3407,285,0.73,1541,2.21,1161,2.93,126750,0.29,2550,124200,36381,40285,16832,30701
1703073,Barra do Ouro,17,Tocantins,TO,1,Norte,4476,353,0.69,1106,4.05,1363,3.28,73480,0.17,1828,71651,27310,1802,9567,32973
1703107,Barrolândia,17,Tocantins,TO,1,Norte,4846,-503,-0.82,698,6.95,1753,2.74,107662,0.25,7779,99883,23304,5414,29826,41339
1703206,Bernardo Sayão,17,Tocantins,TO,1,Norte,4229,-227,-0.43,924,4.58,1520,2.78,82445,0.19,5528,76916,27538,3403,14576,31400
1703305,Bom Jesus do Tocantins,17,Tocantins,TO,1,Norte,4033,265,0.57,1327,3.04,1336,3.02,126580,0.29,2114,124465,71614,3561,13941,35349
1703602,Brasilândia do Tocantins,17,Tocantins,TO,1,Norte,1974,-90,-0.37,646,3.06,689,2.87,55317,0.13,5886,49431,9796,1094,20685,17856
1703701,Brejinho de Nazaré,17,Tocantins,TO,1,Norte,4725,-460,-0.77,1723,2.74,1709,2.76,223337,0.51,5702,217635,149980,4446,23271,39938
1703800,Buriti do Tocantins,17,Tocantins,TO,1,Norte,10307,539,0.45,253,40.78,2851,3.61,117337,0.27,4358,112979,11067,5100,20385,76426
1703826,Cachoeirinha,17,Tocantins,TO,1,Norte,1961,-187,-0.76,352,5.58,638,3.07,33767,0.08,989,32778,6141,905,5155,20577
1703842,Campos Lindos,17,Tocantins,TO,1,Norte,8653,514,0.51,3234,2.68,2419,3.56,474847,1.09,19827,455020,263185,11295,105802,74738
1703867,Cariri do Tocantins,17,Tocantins,TO,1,Norte,4007,251,0.54,1126,3.56,1280,2.83,397030,0.91,66617,330413,77585,49016,164555,39256
1703883,Carmolândia,17,Tocantins,TO,1,Norte,2201,-115,-0.42,339,6.49,747,2.94,45412,0.1,1610,43803,9752,1394,8253,24404
1703891,Carrasco Bonito,17,Tocantins,TO,1,Norte,3318,-370,-0.88,190,17.43,1012,3.28,45731,0.1,960,44771,7318,1634,5678,30140
1703909,Caseara,17,Tocantins,TO,1,Norte,4847,246,0.43,1680,2.89,1629,2.96,448909,1.03,10619,438290,325670,9505,62287,40829
1704105,Centenário,17,Tocantins,TO,1,Norte,2131,-435,-1.54,1953,1.09,772,2.76,65516,0.15,1666,63850,32539,1255,7965,22091
1704600,Chapada de Areia,17,Tocantins,TO,1,Norte,1501,166,0.98,659,2.28,563,2.66,33085,0.08,767,32319,15588,1071,3713,11947
1705102,Chapada da Natividade,17,Tocantins,TO,1,Norte,3117,-160,-0.42,1641,1.9,1028,3.03,91573,0.21,2577,88995,49133,3065,11374,25424
1705508,Colinas do Tocantins,17,Tocantins,TO,1,Norte,34233,3395,0.87,842,40.63,11817,2.88,795144,1.82,85835,709309,37072,54252,373007,244978
1705557,Combinado,17,Tocantins,TO,1,Norte,4756,87,0.15,209,22.78,1741,2.72,73184,0.17,5998,67186,7418,3634,22821,33312
1705607,Conceição do Tocantins,17,Tocantins,TO,1,Norte,3887,-295,-0.61,2531,1.54,1295,2.99,61545,0.14,3825,57720,9805,1766,15014,31136
1706001,Couto Magalhães,17,Tocantins,TO,1,Norte,5331,322,0.52,1584,3.37,1845,2.89,131885,0.3,9588,122296,37558,6195,36651,41894
1706100,Cristalândia,17,Tocantins,TO,1,Norte,6371,-863,-1.05,1851,3.44,2346,2.7,184206,0.42,6962,177244,88681,7941,31397,49225
1706258,Crixás do Tocantins,17,Tocantins,TO,1,Norte,1470,-94,-0.52,984,1.49,508,2.88,62570,0.14,2003,60567,33508,1408,9049,16603
1706506,Darcinópolis,17,Tocantins,TO,1,Norte,5827,554,0.84,1642,3.55,1990,2.92,217591,0.5,10670,206921,116319,4672,42737,43193
1707009,Dianópolis,17,Tocantins,TO,1,Norte,17739,-1373,-0.62,3318,5.35,5817,3.04,707050,1.62,34709,672341,249992,93444,179293,149611
1707108,Divinópolis do Tocantins,17,Tocantins,TO,1,Norte,7024,661,0.83,2358,2.98,2533,2.77,173395,0.4,8140,165255,79970,6766,33189,45330
1707207,Dois Irmãos do Tocantins,17,Tocantins,TO,1,Norte,6327,-834,-1.03,3748,1.69,2290,2.76,144018,0.33,4466,139552,68215,3900,20519,46918
1707306,Dueré,17,Tocantins,TO,1,Norte,4248,-344,-0.65,3421,1.24,1626,2.61,165045,0.38,6150,158895,93226,5704,23672,36292
1707405,Esperantina,17,Tocantins,TO,1,Norte,7530,-1946,-1.9,506,14.88,2317,3.25,107280,0.25,2344,104936,14018,3715,13612,73591
1707553,Fátima,17,Tocantins,TO,1,Norte,3467,-338,-0.77,380,9.11,1194,2.89,79626,0.18,6632,72994,14247,3283,25424,30041
1707652,Figueirópolis,17,Tocantins,TO,1,Norte,5211,-129,-0.2,1936,2.69,1948,2.67,222184,0.51,15389,206795,96995,6289,68656,34856
1707702,Filadélfia,17,Tocantins,TO,1,Norte,7712,-793,-0.81,1991,3.87,2556,3.02,117522,0.27,3708,113814,26923,4960,21173,60758
1708205,Formoso do Araguaia,17,Tocantins,TO,1,Norte,18881,454,0.2,13432,1.41,6457,2.91,446424,1.02,27006,419418,147425,33644,111713,126636
1708254,Tabocão,17,Tocantins,TO,1,Norte,3455,1036,3.02,624,5.53,1145,3.01,220380,0.5,34692,185687,37597,5814,116877,25400
1708304,Goianorte,17,Tocantins,TO,1,Norte,4738,-218,-0.37,1797,2.64,1691,2.8,109394,0.25,4379,105015,47532,3659,17897,35928
1709005,Goiatins,17,Tocantins,TO,1,Norte,12433,369,0.25,6415,1.94,3696,3.36,175111,0.4,5141,169970,52031,5211,24009,88720
1709302,Guaraí,17,Tocantins,TO,1,Norte,24775,2114,0.75,2107,11.76,8831,2.79,740132,1.7,80910,659222,52320,37222,393240,176440
1709500,Gurupi,17,Tocantins,TO,1,Norte,85126,8371,0.87,1844,46.16,30592,2.78,2543410,5.83,307892,2235518,87765,204026,1285979,657748
1709807,Ipueiras,17,Tocantins,TO,1,Norte,1590,-49,-0.25,821,1.94,563,2.82,37304,0.09,779,36525,13260,1373,4539,17353
1710508,Itacajá,17,Tocantins,TO,1,Norte,6819,-285,-0.34,3047,2.24,2161,3.16,121299,0.28,5528,115772,37779,3332,22415,52245
1710706,Itaguatins,17,Tocantins,TO,1,Norte,5172,-857,-1.27,730,7.08,1742,2.97,73322,0.17,1978,71344,15753,2865,10024,42701
1710904,Itapiratins,17,Tocantins,TO,1,Norte,3577,45,0.11,1246,2.87,1274,2.81,115518,0.26,2571,112946,67318,2805,14555,28268
1711100,Itaporã do Tocantins,17,Tocantins,TO,1,Norte,2404,-41,-0.14,970,2.48,822,2.88,56519,0.13,3130,53389,24498,1781,7763,19347
1711506,Jaú do Tocantins,17,Tocantins,TO,1,Norte,3334,-173,-0.42,2167,1.54,1237,2.69,79171,0.18,2255,76917,33215,2239,10618,30845
1711803,Juarina,17,Tocantins,TO,1,Norte,2243,12,0.04,483,4.64,737,3.04,36169,0.08,1392,34777,8791,968,6009,19010
1711902,Lagoa da Confusão,17,Tocantins,TO,1,Norte,15288,5078,3.42,10563,1.45,4800,3.18,1044327,2.39,69658,974668,572062,51170,255074,96363
1711951,Lagoa do Tocantins,17,Tocantins,TO,1,Norte,3516,-9,-0.02,918,3.83,1068,3.29,79592,0.18,1596,77997,37279,1197,8201,31319
1712009,Lajeado,17,Tocantins,TO,1,Norte,3357,584,1.61,318,10.55,1164,2.86,67461,0.15,3201,64260,2853,6938,15539,38930
1712157,Lavandeira,17,Tocantins,TO,1,Norte,1626,21,0.11,468,3.47,586,2.77,30261,0.07,747,29514,9680,960,3424,15450
1712405,Lizarda,17,Tocantins,TO,1,Norte,2999,-726,-1.79,5717,0.52,987,3.03,52159,0.12,1579,50580,17748,1524,6348,24960
1712454,Luzinópolis,17,Tocantins,TO,1,Norte,2717,95,0.3,282,9.65,870,3.1,121790,0.28,3873,117917,77690,1334,14429,24464
1712504,Marianópolis do Tocantins,17,Tocantins,TO,1,Norte,4615,263,0.49,2090,2.21,1594,2.84,210844,0.48,7046,203798,128280,5116,32006,38396
1712702,Mateiros,17,Tocantins,TO,1,Norte,2748,525,1.78,9589,0.29,811,3.35,228037,0.52,3263,224774,170522,5271,26006,22975
1712801,Maurilândia do Tocantins,17,Tocantins,TO,1,Norte,3095,-59,-0.16,736,4.2,998,3.1,47861,0.11,1405,46456,11159,1040,7128,27129
1713205,Miracema do Tocantins,17,Tocantins,TO,1,Norte,18566,-2118,-0.9,2664,6.97,6365,2.9,593769,1.36,31538,562231,125005,199051,104274,133901
1713304,Miranorte,17,Tocantins,TO,1,Norte,12701,78,0.05,1033,12.29,4398,2.88,307638,0.7,26390,281248,68485,14640,107337,90785
1713601,Monte do Carmo,17,Tocantins,TO,1,Norte,5694,-1022,-1.37,3601,1.58,1929,2.95,231215,0.53,4335,226880,144494,7410,22525,52451
1713700,Monte Santo do Tocantins,17,Tocantins,TO,1,Norte,2396,311,1.17,1073,2.23,882,2.72,53321,0.12,1509,51812,25797,1376,6435,18205
1713809,Palmeiras do Tocantins,17,Tocantins,TO,1,Norte,4872,-868,-1.36,743,6.55,1553,3.14,81304,0.19,2439,78865,19015,3406,10720,45725
1713957,Muricilândia,17,Tocantins,TO,1,Norte,3367,215,0.55,1194,2.82,1178,2.85,57389,0.13,1300,56089,18523,1325,7060,29181
1714203,Natividade,17,Tocantins,TO,1,Norte,8754,-246,-0.23,3242,2.7,3061,2.85,184105,0.42,10256,173849,29835,39601,43547,60866
1714302,Nazaré,17,Tocantins,TO,1,Norte,4521,131,0.25,396,11.42,1531,2.95,54968,0.13,2357,52612,11236,2918,9252,29205
1714880,Nova Olinda,17,Tocantins,TO,1,Norte,10367,-319,-0.25,1568,6.61,3517,2.94,293155,0.67,45175,247980,23836,28791,114356,80997
1715002,Nova Rosalândia,17,Tocantins,TO,1,Norte,3362,-408,-0.95,515,6.53,1167,2.87,87844,0.2,2596,85248,39301,2292,13343,30312
1715101,Novo Acordo,17,Tocantins,TO,1,Norte,3969,207,0.45,2678,1.48,1330,2.97,70272,0.16,3044,67228,19035,2188,14021,31983
1715150,Novo Alegre,17,Tocantins,TO,1,Norte,1846,-440,-1.77,200,9.21,718,2.57,31256,0.07,1118,30138,6127,1330,5138,17543
1715259,Novo Jardim,17,Tocantins,TO,1,Norte,2230,-227,-0.8,1214,1.84,704,3.14,36881,0.08,1239,35642,6613,2306,4791,21932
1715507,Oliveira de Fátima,17,Tocantins,TO,1,Norte,1164,127,0.97,209,5.56,398,2.92,23767,0.05,773,22994,6736,665,4005,11588
1715705,Palmeirante,17,Tocantins,TO,1,Norte,4798,-156,-0.27,2638,1.82,1663,2.88,104577,0.24,2712,101865,44522,3601,11480,42262
1715754,Palmeirópolis,17,Tocantins,TO,1,Norte,6975,-364,-0.42,1709,4.08,2528,2.75,140922,0.32,8303,132619,30506,7754,39308,55051
1716109,Paraíso do Tocantins,17,Tocantins,TO,1,Norte,52360,7943,1.38,1292,40.52,18289,2.85,1451084,3.32,190596,1260488,61630,197837,660634,340387
1716208,Paranã,17,Tocantins,TO,1,Norte,10542,204,0.16,11217,0.94,3670,2.87,336319,0.77,8073,328246,36043,189798,28497,73909
1716307,Pau D'Arco,17,Tocantins,TO,1,Norte,4043,-545,-1.05,1376,2.94,1372,2.94,81527,0.19,3178,78349,28708,2082,12758,34802
1716505,Pedro Afonso,17,Tocantins,TO,1,Norte,14055,2516,1.66,2020,6.96,4739,2.95,634546,1.45,40372,594175,277801,89004,130468,96901
1716604,Peixe,17,Tocantins,TO,1,Norte,9317,-1067,-0.9,5304,1.76,3418,2.72,681614,1.56,16918,664696,241650,283056,55909,84080
1716653,Pequizeiro,17,Tocantins,TO,1,Norte,4921,-133,-0.22,1206,4.08,1706,2.88,92147,0.21,3414,88733,29505,3191,14817,41220
1716703,Colméia,17,Tocantins,TO,1,Norte,8941,-209,-0.19,1161,7.7,3209,2.77,168076,0.39,10373,157703,28275,10681,61113,57634
1717008,Pindorama do Tocantins,17,Tocantins,TO,1,Norte,4478,-28,-0.05,1561,2.87,1490,3,62849,0.14,1977,60872,16274,2185,9786,32627
1717206,Piraquê,17,Tocantins,TO,1,Norte,2282,-638,-2.03,1363,1.67,793,2.88,69175,0.16,1417,67759,34252,1224,7798,24484
1717503,Pium,17,Tocantins,TO,1,Norte,7128,434,0.52,10004,0.71,2374,3,313968,0.72,7826,306142,205205,9908,35511,55518
1717800,Ponte Alta do Bom Jesus,17,Tocantins,TO,1,Norte,4220,-324,-0.61,1719,2.46,1580,2.67,59017,0.14,3318,55699,11020,2759,10600,31320
1717909,Ponte Alta do Tocantins,17,Tocantins,TO,1,Norte,7586,406,0.46,6543,1.16,2498,3.02,101004,0.23,4357,96646,19221,4088,19037,54301
1718006,Porto Alegre do Tocantins,17,Tocantins,TO,1,Norte,2866,70,0.21,507,5.66,922,3.11,39850,0.09,1455,38395,5195,1807,7230,24163
1718204,Porto Nacional,17,Tocantins,TO,1,Norte,64418,15272,2.28,4435,14.53,21365,3.01,2622812,6.01,564590,2058222,253750,395395,997438,411639
1718303,Praia Norte,17,Tocantins,TO,1,Norte,9044,1385,1.39,301,30.05,2454,3.68,83996,0.19,1834,82161,9755,3561,10992,57854
1718402,Presidente Kennedy,17,Tocantins,TO,1,Norte,3047,-634,-1.56,772,3.95,1066,2.86,58049,0.13,3452,54598,10790,2244,14079,27485
1718451,Pugmil,17,Tocantins,TO,1,Norte,2193,-176,-0.64,401,5.47,785,2.79,81841,0.19,5466,76374,26566,6134,21226,22448
1718501,Recursolândia,17,Tocantins,TO,1,Norte,3421,-347,-0.8,2216,1.54,1043,3.28,52800,0.12,1554,51245,10221,1027,7826,32171
1718550,Riachinho,17,Tocantins,TO,1,Norte,3960,-231,-0.47,512,7.73,1259,3.14,56266,0.13,1310,54956,10822,2696,7440,33998
1718659,Rio da Conceição,17,Tocantins,TO,1,Norte,1768,54,0.26,846,2.09,568,3.08,25558,0.06,530,25028,933,1047,4003,19044
1718709,Rio dos Bois,17,Tocantins,TO,1,Norte,2738,168,0.53,847,3.23,961,2.85,63404,0.15,1766,61637,30199,1440,7485,22514
1718758,Rio Sono,17,Tocantins,TO,1,Norte,4841,-1413,-2.11,6346,0.76,1664,2.91,88086,0.2,2541,85544,26879,2954,11967,43744
1718808,Sampaio,17,Tocantins,TO,1,Norte,4215,351,0.73,222,18.95,1254,3.35,85225,0.2,1613,83612,36758,1864,10512,34478
1718840,Sandolândia,17,Tocantins,TO,1,Norte,3723,397,0.94,3535,1.05,1311,2.82,96212,0.22,4029,92183,47180,2296,16323,26384
1718865,Santa Fé do Araguaia,17,Tocantins,TO,1,Norte,7216,617,0.75,1671,4.32,2362,3.03,148488,0.34,7731,140757,52428,4791,30477,53062
1718881,Santa Maria do Tocantins,17,Tocantins,TO,1,Norte,2680,-214,-0.64,1412,1.9,922,2.88,113734,0.26,2046,111689,70247,2770,13177,25495
1718899,Santa Rita do Tocantins,17,Tocantins,TO,1,Norte,2219,91,0.35,3281,0.68,780,2.83,134894,0.31,8298,126596,71476,2879,31838,20403
1718907,Santa Rosa do Tocantins,17,Tocantins,TO,1,Norte,4656,88,0.16,1805,2.58,1565,2.98,216268,0.5,10142,206127,113947,5639,50562,35978
1719004,Santa Tereza do Tocantins,17,Tocantins,TO,1,Norte,2781,258,0.81,540,5.15,853,3.26,38138,0.09,1345,36793,5477,1022,6335,23959
1720002,Santa Terezinha do Tocantins,17,Tocantins,TO,1,Norte,2406,-69,-0.24,274,8.78,791,3.04,37358,0.09,1055,36303,10739,1076,4768,19719
1720101,São Bento do Tocantins,17,Tocantins,TO,1,Norte,5654,1046,1.72,1100,5.14,1705,3.3,64820,0.15,3122,61698,12189,1786,11187,36537
1720150,São Félix do Tocantins,17,Tocantins,TO,1,Norte,1783,346,1.81,1913,0.93,551,3.21,27544,0.06,646,26898,6599,807,4670,14822
1720200,São Miguel do Tocantins,17,Tocantins,TO,1,Norte,13241,2744,1.95,407,32.54,4058,3.26,165704,0.38,4120,161585,48982,5320,22595,84687
1720259,São Salvador do Tocantins,17,Tocantins,TO,1,Norte,2385,-525,-1.64,1425,1.67,858,2.78,42539,0.1,1214,41325,8222,1331,7190,24582
1720309,São Sebastião do Tocantins,17,Tocantins,TO,1,Norte,4100,-183,-0.36,290,14.16,1235,3.32,55536,0.13,1291,54245,9721,2859,7805,33860
1720499,São Valério,17,Tocantins,TO,1,Norte,4422,39,0.07,2520,1.75,1695,2.6,135130,0.31,5560,129570,72497,3452,24811,28811
1720655,Silvanópolis,17,Tocantins,TO,1,Norte,5108,40,0.07,1259,4.06,1728,2.96,201761,0.46,12836,188925,75971,9162,64627,39164
1720804,Sítio Novo do Tocantins,17,Tocantins,TO,1,Norte,10830,1698,1.43,307,35.27,3260,3.32,114072,0.26,4550,109522,17399,5256,22298,64569
1720853,Sucupira,17,Tocantins,TO,1,Norte,1577,-165,-0.83,1018,1.55,591,2.67,110576,0.25,1582,108994,78673,2441,10814,17066
1720903,Taguatinga,17,Tocantins,TO,1,Norte,14011,-1040,-0.59,2342,5.98,5011,2.79,240600,0.55,12426,228174,34460,22323,64587,106804
1720937,Taipas do Tocantins,17,Tocantins,TO,1,Norte,2021,76,0.32,1105,1.83,680,2.97,31071,0.07,1159,29912,6489,1170,4497,17756
1720978,Talismã,17,Tocantins,TO,1,Norte,2456,-106,-0.35,2156,1.14,916,2.66,124224,0.28,3752,120471,73181,3525,18372,25393
1721000,Palmas,17,Tocantins,TO,1,Norte,302692,74360,2.38,2227,135.9,105997,2.84,9940091,22.77,1267166,8672925,125465,1022961,5208880,2315618
1721109,Tocantínia,17,Tocantins,TO,1,Norte,7459,723,0.85,2610,2.86,2000,3.72,135159,0.31,3212,131947,58309,3211,17318,53109
1721208,Tocantinópolis,17,Tocantins,TO,1,Norte,22615,-4,0,1084,20.87,7384,3.04,347255,0.8,33637,313618,12146,35126,115073,151274
1721257,Tupirama,17,Tocantins,TO,1,Norte,1909,335,1.62,707,2.7,658,2.9,94549,0.22,1989,92560,60903,2334,11094,18229
1721307,Tupiratins,17,Tocantins,TO,1,Norte,1874,-223,-0.93,889,2.11,678,2.75,33798,0.08,861,32937,7329,1014,4407,20187
1722081,Wanderlândia,17,Tocantins,TO,1,Norte,10522,-459,-0.36,1365,7.71,3537,2.97,149907,0.34,11142,138765,16310,13321,35320,73814
1722107,Xambioá,17,Tocantins,TO,1,Norte,10517,-967,-0.73,1190,8.83,3510,2.99,324086,0.74,26106,297980,25480,118189,72173,82137
2100055,Açailândia,21,Maranhão,MA,2,Nordeste,106550,2503,0.2,5805,18.35,34388,3.09,2679069,2.51,325279,2353790,365769,704464,806066,477492
2100105,Afonso Cunha,21,Maranhão,MA,2,Nordeste,6144,239,0.33,371,16.55,1699,3.61,71945,0.07,1693,70252,26213,2318,12461,29260
2100154,Água Doce do Maranhão,21,Maranhão,MA,2,Nordeste,12142,561,0.39,442,27.45,3543,3.43,89637,0.08,3435,86202,5714,3812,22158,54518
2100204,Alcântara,21,Maranhão,MA,2,Nordeste,18466,-3055,-1.27,1168,15.81,6288,2.94,132298,0.12,5347,126951,15107,6999,30777,74069
2100303,Aldeias Altas,21,Maranhão,MA,2,Nordeste,23286,-666,-0.23,1942,11.99,6664,3.49,214561,0.2,8998,205563,48225,16230,38209,102899
2100402,Altamira do Maranhão,21,Maranhão,MA,2,Nordeste,6447,-960,-1.15,524,12.29,1950,3.31,61521,0.06,3320,58201,14763,1638,11405,30396
2100436,Alto Alegre do Maranhão,21,Maranhão,MA,2,Nordeste,24048,-1116,-0.38,393,61.23,7540,3.19,244329,0.23,24451,219879,8162,12422,106103,93191
2100477,Alto Alegre do Pindaré,21,Maranhão,MA,2,Nordeste,25710,-5342,-1.56,1876,13.71,7425,3.45,230685,0.22,12092,218593,24958,7902,51160,134571
2100501,Alto Parnaíba,21,Maranhão,MA,2,Nordeste,11109,343,0.26,11127,1,3405,3.24,491956,0.46,15740,476217,320809,18421,87351,49635
2100550,Amapá do Maranhão,21,Maranhão,MA,2,Nordeste,7170,739,0.91,502,14.27,2025,3.54,54930,0.05,2869,52061,10377,1336,14483,25865
2100600,Amarante do Maranhão,21,Maranhão,MA,2,Nordeste,37091,-841,-0.19,7440,4.99,10850,3.41,334262,0.31,12502,321760,92936,8525,74018,146281
2100709,Anajatuba,21,Maranhão,MA,2,Nordeste,25322,743,0.25,940,26.92,8159,3.1,183645,0.17,6700,176945,40820,4717,41170,90238
2100808,Anapurus,21,Maranhão,MA,2,Nordeste,13793,-146,-0.09,609,22.65,3996,3.44,140150,0.13,5345,134804,35980,5548,34605,58672
2100832,Apicum-Açu,21,Maranhão,MA,2,Nordeste,17519,2196,1.12,341,51.36,5044,3.47,122394,0.11,5063,117331,16711,3614,28381,68626
2100873,Araguanã,21,Maranhão,MA,2,Nordeste,11182,-2791,-1.84,805,13.89,3210,3.48,90854,0.08,3031,87823,11057,2183,16755,57826
2100907,Araioses,21,Maranhão,MA,2,Nordeste,39052,-3453,-0.7,1790,21.82,11973,3.26,276048,0.26,11026,265022,32071,7415,68653,156883
2100956,Arame,21,Maranhão,MA,2,Nordeste,25520,-5951,-1.73,2976,8.58,7154,3.56,251920,0.24,11538,240382,58080,7250,58663,116390
2101004,Arari,21,Maranhão,MA,2,Nordeste,29472,984,0.28,1100,26.79,8966,3.28,272595,0.25,15953,256642,52792,9693,83727,110431
2101103,Axixá,21,Maranhão,MA,2,Nordeste,11790,383,0.28,160,73.48,3344,3.52,84442,0.08,3700,80742,12129,3041,21051,44521
2101202,Bacabal,21,Maranhão,MA,2,Nordeste,103711,4154,0.34,1657,62.6,32893,3.15,1348569,1.26,150983,1197585,59811,77982,673899,385894
2101251,Bacabeira,21,Maranhão,MA,2,Nordeste,16966,2041,1.07,543,31.25,5290,3.21,314205,0.29,24097,290108,13282,139722,64970,72134
2101301,Bacuri,21,Maranhão,MA,2,Nordeste,16290,-1258,-0.62,850,19.15,5126,3.17,111700,0.1,3882,107818,9720,3558,25252,69288
2101350,Bacurituba,21,Maranhão,MA,2,Nordeste,5255,-38,-0.06,414,12.7,1742,3.02,38251,0.04,1388,36863,4282,1369,7752,23460
2101400,Balsas,21,Maranhão,MA,2,Nordeste,101616,18088,1.65,13141,7.73,30771,3.29,4775980,4.47,510949,4265031,1804430,205104,1858704,396792
2101509,Barão de Grajaú,21,Maranhão,MA,2,Nordeste,18984,1491,0.68,2209,8.59,6226,3.04,223620,0.21,31983,191636,8935,10224,105571,66906
2101608,Barra do Corda,21,Maranhão,MA,2,Nordeste,84532,1952,0.19,5188,16.29,27087,3.12,747968,0.7,50090,697878,53374,34590,289469,320445
2101707,Barreirinhas,21,Maranhão,MA,2,Nordeste,65583,10554,1.47,3046,21.53,17971,3.64,501847,0.47,35754,466093,36372,21566,193554,214601
2101731,Belágua,21,Maranhão,MA,2,Nordeste,8460,1678,1.86,570,14.85,2070,4.09,58137,0.05,1887,56251,2485,2124,14599,37043
2101772,Bela Vista do Maranhão,21,Maranhão,MA,2,Nordeste,11750,1401,1.06,148,79.42,3492,3.36,85486,0.08,3744,81742,8093,5051,21336,47262
2101806,Benedito Leite,21,Maranhão,MA,2,Nordeste,5469,0,0,1785,3.06,1756,3.1,58941,0.06,1452,57488,20623,2907,10496,23462
2101905,Bequimão,21,Maranhão,MA,2,Nordeste,19580,-1094,-0.45,790,24.78,6707,2.91,133368,0.12,6125,127243,13014,4251,36613,73365
2101939,Bernardo do Mearim,21,Maranhão,MA,2,Nordeste,5840,193,0.28,247,23.63,1803,3.24,54326,0.05,2522,51805,11776,3470,11559,25000
2101970,Boa Vista do Gurupi,21,Maranhão,MA,2,Nordeste,7574,496,0.57,400,18.92,2146,3.52,60022,0.06,3983,56039,4540,1743,18729,31026
2102002,Bom Jardim,21,Maranhão,MA,2,Nordeste,33145,-5904,-1.36,6588,5.03,9753,3.39,339839,0.32,12730,327109,92605,10881,76835,146787
2102036,Bom Jesus das Selvas,21,Maranhão,MA,2,Nordeste,28599,140,0.04,2677,10.68,8264,3.45,328978,0.31,19505,309473,74732,11049,80669,143023
2102077,Bom Lugar,21,Maranhão,MA,2,Nordeste,12212,-2454,-1.51,445,27.43,3560,3.43,102259,0.1,3795,98463,20362,2510,20891,54700
2102101,Brejo,21,Maranhão,MA,2,Nordeste,34120,761,0.19,1073,31.79,9644,3.54,333407,0.31,15216,318191,73970,11376,90631,142213
2102150,Brejo de Areia,21,Maranhão,MA,2,Nordeste,9218,-1372,-1.15,986,9.35,2545,3.61,63037,0.06,2349,60689,9870,1646,13395,35777
2102200,Buriti,21,Maranhão,MA,2,Nordeste,29685,2672,0.79,1476,20.11,8083,3.67,238564,0.22,8302,230262,59124,7678,53357,110103
2102309,Buriti Bravo,21,Maranhão,MA,2,Nordeste,22455,-444,-0.16,1583,14.19,6661,3.37,188947,0.18,7732,181215,32032,15429,46588,87166
2102325,Buriticupu,21,Maranhão,MA,2,Nordeste,55507,-9730,-1.34,2545,21.81,16340,3.39,668740,0.63,33569,635171,176971,23035,181448,253717
2102358,Buritirana,21,Maranhão,MA,2,Nordeste,12918,-1866,-1.12,821,15.74,4116,3.13,113957,0.11,3740,110217,25218,2944,22227,59828
2102374,Cachoeira Grande,21,Maranhão,MA,2,Nordeste,9732,1286,1.19,707,13.76,2681,3.63,57107,0.05,1351,55757,6267,1483,10370,37636
2102408,Cajapió,21,Maranhão,MA,2,Nordeste,10121,-472,-0.38,545,18.56,3145,3.22,63027,0.06,1773,61254,6655,1971,11931,40696
2102507,Cajari,21,Maranhão,MA,2,Nordeste,16412,-1926,-0.92,662,24.79,4907,3.34,111816,0.1,2470,109347,21064,2451,18546,67286
2102556,Campestre do Maranhão,21,Maranhão,MA,2,Nordeste,12301,-1068,-0.69,614,20.05,3847,3.19,194761,0.18,13276,181485,66887,20522,43976,50100
2102606,Cândido Mendes,21,Maranhão,MA,2,Nordeste,19932,1068,0.46,1635,12.19,5682,3.51,149159,0.14,5954,143204,14036,9128,36766,83275
2102705,Cantanhede,21,Maranhão,MA,2,Nordeste,24303,3855,1.45,773,31.44,6016,4.04,136162,0.13,6284,129879,6818,6320,36850,79890
2102754,Capinzal do Norte,21,Maranhão,MA,2,Nordeste,11374,676,0.51,590,19.27,3579,3.18,188533,0.18,5338,183195,14786,71521,37557,59332
2102804,Carolina,21,Maranhão,MA,2,Nordeste,24062,244,0.08,6268,3.84,7811,3.06,493139,0.46,27100,466040,217446,15863,137606,95125
2102903,Carutapera,21,Maranhão,MA,2,Nordeste,24238,2232,0.81,1261,19.22,7065,3.43,205404,0.19,18296,187108,22333,7318,71151,86306
2103000,Caxias,21,Maranhão,MA,2,Nordeste,156970,1278,0.07,5202,30.18,48202,3.25,1914170,1.79,212881,1701289,60631,217177,804848,618633
2103109,Cedral,21,Maranhão,MA,2,Nordeste,10208,-89,-0.07,285,35.79,3206,3.18,70739,0.07,2175,68563,14249,2088,13890,38336
2103125,Central do Maranhão,21,Maranhão,MA,2,Nordeste,7094,-793,-0.88,320,22.2,2210,3.2,46940,0.04,2082,44858,3947,1364,10577,28970
2103158,Centro do Guilherme,21,Maranhão,MA,2,Nordeste,12342,1069,0.76,1168,10.57,3283,3.76,85836,0.08,3630,82206,13075,2067,18719,48345
2103174,Centro Novo do Maranhão,21,Maranhão,MA,2,Nordeste,16267,-2936,-1.37,8401,1.94,4508,3.6,155375,0.15,6884,148491,31288,3823,34971,78409
2103208,Chapadinha,21,Maranhão,MA,2,Nordeste,81386,8036,0.87,3247,25.06,23972,3.39,792332,0.74,74041,718291,40515,35863,363430,278483
2103257,Cidelândia,21,Maranhão,MA,2,Nordeste,12878,-803,-0.5,1463,8.8,4144,3.1,175253,0.16,8078,167176,62401,6912,36228,61635
2103307,Codó,21,Maranhão,MA,2,Nordeste,114269,-3769,-0.27,4362,26.2,34887,3.27,1104557,1.03,103455,1001102,62232,138403,388253,412214
2103406,Coelho Neto,21,Maranhão,MA,2,Nordeste,41658,-5092,-0.96,977,42.64,11916,3.49,388461,0.36,24092,364369,32895,18839,121752,190883
2103505,Colinas,21,Maranhão,MA,2,Nordeste,40306,1174,0.25,1979,20.37,12482,3.22,458646,0.43,31261,427385,54327,35955,175728,161375
2103554,Conceição do Lago-Açu,21,Maranhão,MA,2,Nordeste,14915,479,0.27,726,20.55,4105,3.63,133598,0.12,3008,130590,26688,3869,23261,76771
2103604,Coroatá,21,Maranhão,MA,2,Nordeste,59566,-2159,-0.3,2264,26.31,18889,3.14,479651,0.45,31986,447665,29321,29301,171560,217484
2103703,Cururupu,21,Maranhão,MA,2,Nordeste,31558,-1094,-0.28,1258,25.09,10031,3.13,230587,0.22,10187,220400,36290,6702,67892,109516
2103752,Davinópolis,21,Maranhão,MA,2,Nordeste,14404,1825,1.14,332,43.35,4568,3.12,155081,0.15,11160,143921,10141,23252,49392,61135
2103802,Dom Pedro,21,Maranhão,MA,2,Nordeste,23053,372,0.14,358,64.31,7305,3.15,245123,0.23,19389,225734,15945,24551,95568,89670
2103901,Duque Bacelar,21,Maranhão,MA,2,Nordeste,10223,-426,-0.34,317,32.2,2748,3.72,78594,0.07,3091,75503,10457,2857,17548,44641
2104008,Esperantinópolis,21,Maranhão,MA,2,Nordeste,18311,185,0.08,452,40.47,5630,3.25,147476,0.14,7836,139640,14209,9161,47621,68649
2104057,Estreito,21,Maranhão,MA,2,Nordeste,33294,-2541,-0.61,2720,12.24,10763,3.09,982443,0.92,41665,940777,52995,540103,192367,155313
2104073,Feira Nova do Maranhão,21,Maranhão,MA,2,Nordeste,8048,-41,-0.04,1626,4.95,2484,3.24,88347,0.08,5065,83282,30946,4984,16702,30649
2104081,Fernando Falcão,21,Maranhão,MA,2,Nordeste,10873,1632,1.36,5087,2.14,2668,4.07,84219,0.08,2026,82193,30638,2191,12267,37097
2104099,Formosa da Serra Negra,21,Maranhão,MA,2,Nordeste,17719,550,0.26,3691,4.8,5128,3.45,161152,0.15,7368,153784,45475,3923,37354,67032
2104107,Fortaleza dos Nogueiras,21,Maranhão,MA,2,Nordeste,12640,406,0.27,1853,6.82,3902,3.23,230519,0.22,9339,221180,100433,9830,58645,52272
2104206,Fortuna,21,Maranhão,MA,2,Nordeste,16976,-227,-0.11,835,20.33,5136,3.3,126393,0.12,6135,120257,24472,5133,31447,59207
2104305,Godofredo Viana,21,Maranhão,MA,2,Nordeste,10186,-90,-0.07,720,14.14,3140,3.23,1324434,1.24,35320,1289114,9346,1041293,186750,51725
2104404,Gonçalves Dias,21,Maranhão,MA,2,Nordeste,17206,-276,-0.13,884,19.47,5339,3.22,132738,0.12,6587,126151,16707,8372,35727,65345
2104503,Governador Archer,21,Maranhão,MA,2,Nordeste,10228,23,0.02,446,22.94,2966,3.45,82825,0.08,4135,78690,11523,4263,24253,38651
2104552,Governador Edison Lobão,21,Maranhão,MA,2,Nordeste,18411,2516,1.23,616,29.89,5953,3.07,322582,0.3,27298,295284,14111,136771,65678,78724
2104602,Governador Eugênio Barros,21,Maranhão,MA,2,Nordeste,13930,47,0.03,648,21.5,4349,3.2,113539,0.11,4423,109116,24669,3219,25285,55942
2104628,Governador Luiz Rocha,21,Maranhão,MA,2,Nordeste,7063,-277,-0.32,402,17.59,2185,3.23,65768,0.06,3159,62610,15328,2401,16326,28554
2104651,Governador Newton Bello,21,Maranhão,MA,2,Nordeste,10713,468,0.37,1144,9.36,2806,3.81,74807,0.07,1832,72975,16958,2190,12309,41517
2104677,Governador Nunes Freire,21,Maranhão,MA,2,Nordeste,23128,-2273,-0.78,1037,22.3,6739,3.4,226006,0.21,14041,211965,21009,8370,73228,109357
2104701,Graça Aranha,21,Maranhão,MA,2,Nordeste,6023,-117,-0.16,271,22.19,1978,3.04,44799,0.04,2388,42411,6972,1933,12021,21485
2104800,Grajaú,21,Maranhão,MA,2,Nordeste,73872,11638,1.44,8862,8.34,21786,3.38,834600,0.78,68029,766571,136837,70710,307764,251260
2104909,Guimarães,21,Maranhão,MA,2,Nordeste,10290,-1791,-1.33,479,21.49,3516,2.92,86849,0.08,2808,84042,16918,3393,17474,46257
2105005,Humberto de Campos,21,Maranhão,MA,2,Nordeste,25669,-520,-0.17,1715,14.97,6981,3.67,168719,0.16,6966,161753,14004,4417,37697,105636
2105104,Icatu,21,Maranhão,MA,2,Nordeste,24794,-351,-0.12,1124,22.05,6914,3.58,172388,0.16,5903,166485,15580,5356,36731,108819
2105153,Igarapé do Meio,21,Maranhão,MA,2,Nordeste,13974,1424,0.9,369,37.9,4033,3.46,231505,0.22,29708,201797,22411,67480,45494,66413
2105203,Igarapé Grande,21,Maranhão,MA,2,Nordeste,10231,-254,-0.2,346,29.55,3222,3.18,103997,0.1,5428,98569,10999,7995,31739,47836
2105302,Imperatriz,21,Maranhão,MA,2,Nordeste,273110,25605,0.82,1369,199.49,90440,3.01,7230564,6.76,970230,6260335,40453,1563972,3514956,1140954
2105351,Itaipava do Grajaú,21,Maranhão,MA,2,Nordeste,13828,-282,-0.17,1244,11.11,3811,3.63,88913,0.08,2478,86435,12564,2351,16765,54755
2105401,Itapecuru Mirim,21,Maranhão,MA,2,Nordeste,60419,-1691,-0.23,1481,40.81,18872,3.19,652801,0.61,61634,591166,22024,96262,221878,251002
2105427,Itinga do Maranhão,21,Maranhão,MA,2,Nordeste,22513,-2350,-0.82,3583,6.28,7302,3.07,407084,0.38,21243,385841,163810,17400,99559,105072
2105450,Jatobá,21,Maranhão,MA,2,Nordeste,7471,-1055,-1.09,592,12.63,2280,3.27,73253,0.07,1374,71879,14195,2576,12428,42680
2105476,Jenipapo dos Vieiras,21,Maranhão,MA,2,Nordeste,17076,1237,0.63,1962,8.7,4678,3.65,107192,0.1,2048,105144,23453,2511,16411,62769
2105500,João Lisboa,21,Maranhão,MA,2,Nordeste,24709,809,0.28,1137,21.73,7626,3.22,234411,0.22,11584,222826,31446,22453,69110,99817
2105609,Joselândia,21,Maranhão,MA,2,Nordeste,14924,-637,-0.35,703,21.23,4466,3.34,114014,0.11,4397,109617,11358,13254,27145,57859
2105658,Junco do Maranhão,21,Maranhão,MA,2,Nordeste,5146,255,0.42,568,9.05,1499,3.43,52291,0.05,2026,50265,14443,1296,11725,22801
2105708,Lago da Pedra,21,Maranhão,MA,2,Nordeste,44403,-1680,-0.31,1240,35.8,13477,3.29,421587,0.39,28986,392601,42829,14499,159316,175957
2105807,Lago do Junco,21,Maranhão,MA,2,Nordeste,9506,-837,-0.7,329,28.94,2869,3.31,69067,0.06,2423,66644,8205,3827,15638,38974
2105906,Lago Verde,21,Maranhão,MA,2,Nordeste,14769,-643,-0.35,631,23.39,4306,3.43,130886,0.12,3456,127430,22026,3543,26328,75533
2105922,Lagoa do Mato,21,Maranhão,MA,2,Nordeste,10572,-315,-0.24,1513,6.99,3167,3.34,84460,0.08,3292,81168,16463,2512,19580,42612
2105948,Lago dos Rodrigues,21,Maranhão,MA,2,Nordeste,8758,-82,-0.08,221,39.67,2800,3.12,104481,0.1,5561,98920,12784,6293,41227,38616
2105963,Lagoa Grande do Maranhão,21,Maranhão,MA,2,Nordeste,11411,894,0.68,744,15.33,3366,3.39,85935,0.08,3938,81997,13291,2488,22231,43987
2105989,Lajeado Novo,21,Maranhão,MA,2,Nordeste,7060,137,0.16,1064,6.64,2342,3.01,84191,0.08,4172,80019,23113,2406,20845,33655
2106003,Lima Campos,21,Maranhão,MA,2,Nordeste,11297,-126,-0.09,322,35.09,3659,3.09,139218,0.13,6887,132332,6635,29258,38479,57960
2106102,Loreto,21,Maranhão,MA,2,Nordeste,11591,201,0.15,3597,3.22,3202,3.62,351289,0.33,7942,343347,225141,11330,57693,49183
2106201,Luís Domingues,21,Maranhão,MA,2,Nordeste,7161,651,0.8,472,15.16,2115,3.38,51817,0.05,2001,49815,6645,1888,12706,28577
2106300,Magalhães de Almeida,21,Maranhão,MA,2,Nordeste,13807,-3780,-2,434,31.78,4214,3.27,126775,0.12,4748,122026,22882,5202,27784,66159
2106326,Maracaçumé,21,Maranhão,MA,2,Nordeste,21149,1915,0.79,636,33.27,6000,3.52,182084,0.17,13541,168543,19089,8916,63977,76561
2106359,Marajá do Sena,21,Maranhão,MA,2,Nordeste,7034,-760,-0.85,1403,5.01,1917,3.67,66390,0.06,1497,64893,18704,1424,10601,34164
2106375,Maranhãozinho,21,Maranhão,MA,2,Nordeste,13761,64,0.04,761,18.08,3326,4.13,104115,0.1,4242,99873,19472,4186,20057,56158
2106409,Mata Roma,21,Maranhão,MA,2,Nordeste,17090,1940,1.01,549,31.15,4803,3.55,171591,0.16,6946,164645,36048,18140,39254,71204
2106508,Matinha,21,Maranhão,MA,2,Nordeste,22034,149,0.06,411,53.66,6819,3.23,178058,0.17,8510,169548,30168,9675,43766,85940
2106607,Matões,21,Maranhão,MA,2,Nordeste,32174,536,0.14,2109,15.26,9369,3.43,210838,0.2,8850,201988,15786,8075,49344,128784
2106631,Matões do Norte,21,Maranhão,MA,2,Nordeste,17432,3638,1.97,794,21.94,3903,4.46,83871,0.08,1425,82446,10301,2446,12280,57420
2106672,Milagres do Maranhão,21,Maranhão,MA,2,Nordeste,8818,700,0.69,635,13.89,2369,3.72,69444,0.06,1428,68016,24216,1832,10448,31521
2106706,Mirador,21,Maranhão,MA,2,Nordeste,21030,578,0.23,8522,2.47,6233,3.37,237626,0.22,10828,226799,80701,7277,60304,78518
2106755,Miranda do Norte,21,Maranhão,MA,2,Nordeste,23864,-563,-0.19,341,69.96,6595,3.61,523808,0.49,46704,477104,12309,285206,74405,105184
2106805,Mirinzal,21,Maranhão,MA,2,Nordeste,13978,-240,-0.14,687,20.35,4531,3.08,104861,0.1,5206,99655,5605,3817,35690,54543
2106904,Monção,21,Maranhão,MA,2,Nordeste,27751,-2934,-0.83,1246,22.28,7956,3.49,237988,0.22,7872,230116,45819,8761,45095,130440
2107001,Montes Altos,21,Maranhão,MA,2,Nordeste,9107,-306,-0.28,1489,6.12,2888,3.15,71944,0.07,2518,69427,19815,3083,16887,29641
2107100,Morros,21,Maranhão,MA,2,Nordeste,18554,771,0.35,1712,10.84,5181,3.58,130641,0.12,7008,123634,5995,4394,38418,74827
2107209,Nina Rodrigues,21,Maranhão,MA,2,Nordeste,14060,1596,1.01,571,24.63,3498,4.02,82447,0.08,2251,80195,4529,2926,14111,58629
2107258,Nova Colinas,21,Maranhão,MA,2,Nordeste,5021,136,0.23,743,6.76,1473,3.4,73670,0.07,2003,71667,32865,2040,12169,24592
2107308,Nova Iorque,21,Maranhão,MA,2,Nordeste,4320,-270,-0.5,978,4.42,1334,3.24,45555,0.04,1507,44048,12659,1639,9184,20565
2107357,Nova Olinda do Maranhão,21,Maranhão,MA,2,Nordeste,14314,-4820,-2.39,2453,5.84,4297,3.33,155021,0.14,5954,149068,31203,3943,33313,80609
2107407,Olho d'Água das Cunhãs,21,Maranhão,MA,2,Nordeste,17919,-682,-0.31,695,25.77,5668,3.16,165879,0.16,7138,158741,25190,5042,42282,86227
2107456,Olinda Nova do Maranhão,21,Maranhão,MA,2,Nordeste,13577,396,0.25,200,67.93,4161,3.26,93825,0.09,4867,88958,10152,3149,23901,51756
2107506,Paço do Lumiar,21,Maranhão,MA,2,Nordeste,145643,39948,2.71,127,1145.06,47860,3.04,1075716,1.01,76654,999063,20362,127314,430084,421302
2107605,Palmeirândia,21,Maranhão,MA,2,Nordeste,21059,2279,0.96,532,39.57,6061,3.47,129099,0.12,4350,124749,16747,4294,27520,76189
2107704,Paraibano,21,Maranhão,MA,2,Nordeste,18274,-1829,-0.79,531,34.45,5883,3.1,171307,0.16,9755,161552,20922,10228,51992,78409
2107803,Parnarama,21,Maranhão,MA,2,Nordeste,31250,-2031,-0.52,3246,9.63,9448,3.31,280630,0.26,11093,269537,60702,11338,62593,134903
2107902,Passagem Franca,21,Maranhão,MA,2,Nordeste,17220,-342,-0.16,1358,12.68,5296,3.25,169084,0.16,7240,161844,33188,9203,46351,73102
2108009,Pastos Bons,21,Maranhão,MA,2,Nordeste,18802,735,0.33,1635,11.5,5712,3.29,253347,0.24,12701,240646,55316,47415,58102,79814
2108058,Paulino Neves,21,Maranhão,MA,2,Nordeste,17056,2537,1.35,979,17.41,4418,3.85,97139,0.09,4342,92797,6388,2716,22489,61204
2108108,Paulo Ramos,21,Maranhão,MA,2,Nordeste,20341,-42,-0.02,1169,17.41,5957,3.41,159826,0.15,8881,150945,22054,5400,48939,74552
2108207,Pedreiras,21,Maranhão,MA,2,Nordeste,37050,-1727,-0.38,262,141.38,12106,3.04,602168,0.56,63870,538298,17696,52273,320605,147725
2108256,Pedro do Rosário,21,Maranhão,MA,2,Nordeste,24320,1588,0.56,1754,13.87,6940,3.5,154363,0.14,4881,149481,14608,4537,29863,100473
2108306,Penalva,21,Maranhão,MA,2,Nordeste,32511,-2809,-0.69,801,40.59,9678,3.36,236306,0.22,9090,227217,25037,7092,54193,140895
2108405,Peri Mirim,21,Maranhão,MA,2,Nordeste,11106,-2681,-1.79,398,27.9,3782,2.94,81451,0.08,3374,78076,8847,2844,19267,47118
2108454,Peritoró,21,Maranhão,MA,2,Nordeste,20479,-722,-0.29,825,24.83,6198,3.3,204592,0.19,17722,186870,11974,6562,77347,90987
2108504,Pindaré-Mirim,21,Maranhão,MA,2,Nordeste,31414,262,0.07,268,117.09,9431,3.33,319989,0.3,28327,291662,20552,17063,105763,148284
2108603,Pinheiro,21,Maranhão,MA,2,Nordeste,84614,6452,0.66,1513,55.93,26145,3.22,913800,0.85,104952,808849,52870,38166,442169,275643
2108702,Pio XII,21,Maranhão,MA,2,Nordeste,21886,-130,-0.05,545,40.15,6514,3.36,172935,0.16,9120,163815,16842,9449,50405,87118
2108801,Pirapemas,21,Maranhão,MA,2,Nordeste,17714,333,0.16,689,25.72,5240,3.38,125637,0.12,4645,120992,9871,4319,27970,78831
2108900,Poção de Pedras,21,Maranhão,MA,2,Nordeste,17161,-2873,-1.28,990,17.33,5705,3.01,142727,0.13,5486,137242,24442,4026,38765,70009
2109007,Porto Franco,21,Maranhão,MA,2,Nordeste,23903,2373,0.88,1421,16.83,7807,3.05,698222,0.65,119245,578977,39806,193558,234498,111115
2109056,Porto Rico do Maranhão,21,Maranhão,MA,2,Nordeste,5954,-76,-0.11,245,24.3,1873,3.18,43635,0.04,1294,42342,8194,1582,8468,24098
2109106,Presidente Dutra,21,Maranhão,MA,2,Nordeste,45155,424,0.08,772,58.52,14340,3.14,652279,0.61,77855,574424,26978,44849,330685,171911
2109205,Presidente Juscelino,21,Maranhão,MA,2,Nordeste,11356,-185,-0.13,356,31.94,3161,3.59,84285,0.08,1609,82676,15300,2437,13461,51478
2109239,Presidente Médici,21,Maranhão,MA,2,Nordeste,4696,-1678,-2.51,438,10.73,1386,3.38,55248,0.05,1836,53411,11669,1618,11131,28993
2109270,Presidente Sarney,21,Maranhão,MA,2,Nordeste,17470,305,0.15,726,24.06,4923,3.55,136674,0.13,3198,133476,29968,3936,27129,72444
2109304,Presidente Vargas,21,Maranhão,MA,2,Nordeste,10498,-219,-0.17,460,22.82,3097,3.39,72710,0.07,2675,70035,4340,2817,14667,48211
2109403,Primeira Cruz,21,Maranhão,MA,2,Nordeste,13614,-340,-0.21,1337,10.18,3604,3.77,84003,0.08,1874,82129,10555,2324,12785,56466
2109452,Raposa,21,Maranhão,MA,2,Nordeste,30839,4470,1.31,79,389.32,9508,3.24,260325,0.24,19766,240559,19510,31189,85355,104505
2109502,Riachão,21,Maranhão,MA,2,Nordeste,22145,1758,0.69,6403,3.46,7145,3.09,550748,0.52,15625,535123,338956,21008,95685,79475
2109551,Ribamar Fiquene,21,Maranhão,MA,2,Nordeste,7420,102,0.12,733,10.12,2427,3.06,108710,0.1,4301,104409,41329,8256,22696,32128
2109601,Rosário,21,Maranhão,MA,2,Nordeste,38475,-1101,-0.23,648,59.38,12124,3.16,404233,0.38,34553,369680,11396,40207,153889,164188
2109700,Sambaíba,21,Maranhão,MA,2,Nordeste,5568,81,0.12,2476,2.25,1679,3.32,405814,0.38,10303,395511,300693,12001,56808,26008
2109759,Santa Filomena do Maranhão,21,Maranhão,MA,2,Nordeste,6697,-436,-0.52,623,10.75,2001,3.35,54626,0.05,1825,52801,9039,1813,11922,30028
2109809,Santa Helena,21,Maranhão,MA,2,Nordeste,41561,3483,0.73,2191,18.97,11022,3.77,286084,0.27,13281,272803,34918,8374,81496,148015
2109908,Santa Inês,21,Maranhão,MA,2,Nordeste,85014,1811,0.18,787,108.07,26886,3.15,1322445,1.24,172728,1149717,26774,63119,720278,339546
2110005,Santa Luzia,21,Maranhão,MA,2,Nordeste,57635,-11549,-1.51,4837,11.92,17039,3.38,616120,0.58,26286,589834,141083,17729,151705,279317
2110039,Santa Luzia do Paruá,21,Maranhão,MA,2,Nordeste,24307,631,0.22,1010,24.05,7134,3.4,241093,0.23,15348,225745,36040,9422,87934,92349
2110104,Santa Quitéria do Maranhão,21,Maranhão,MA,2,Nordeste,23957,-64,-0.02,1430,16.75,6491,3.69,190346,0.18,8784,181562,19766,6545,50402,104849
2110203,Santa Rita,21,Maranhão,MA,2,Nordeste,37035,3957,0.95,757,48.94,11311,3.27,291182,0.27,26937,264245,10675,16261,102284,135025
2110237,Santana do Maranhão,21,Maranhão,MA,2,Nordeste,10567,-1094,-0.82,932,11.34,2952,3.57,94138,0.09,6492,87646,4524,8969,25661,48492
2110278,Santo Amaro do Maranhão,21,Maranhão,MA,2,Nordeste,13671,-149,-0.09,1583,8.64,3476,3.93,85793,0.08,2485,83308,9348,2080,16065,55815
2110302,Santo Antônio dos Lopes,21,Maranhão,MA,2,Nordeste,14304,16,0.01,771,18.55,4360,3.28,2389821,2.24,104162,2285660,14516,2093630,73080,104434
2110401,São Benedito do Rio Preto,21,Maranhão,MA,2,Nordeste,18364,565,0.26,931,19.71,5019,3.65,140901,0.13,5385,135517,8781,5958,34949,85829
2110500,São Bento,21,Maranhão,MA,2,Nordeste,46397,5661,1.09,457,101.53,11901,3.9,284362,0.27,15202,269160,12627,11084,87506,157943
2110609,São Bernardo,21,Maranhão,MA,2,Nordeste,26943,467,0.15,1006,26.79,7765,3.47,260396,0.24,17993,242403,36221,11585,80923,113674
2110658,São Domingos do Azeitão,21,Maranhão,MA,2,Nordeste,7992,1009,1.13,961,8.31,2249,3.55,243224,0.23,15560,227664,121340,8207,66792,31325
2110708,São Domingos do Maranhão,21,Maranhão,MA,2,Nordeste,34034,427,0.11,1152,29.54,10769,3.16,325941,0.3,19362,306579,42511,13713,115496,134859
2110807,São Félix de Balsas,21,Maranhão,MA,2,Nordeste,4402,-300,-0.55,2033,2.17,1415,3.11,64059,0.06,2167,61892,25311,3930,10859,21793
2110856,São Francisco do Brejão,21,Maranhão,MA,2,Nordeste,9051,-1210,-1.04,745,12.14,2837,3.19,104319,0.1,5153,99166,27051,4187,20374,47554
2110906,São Francisco do Maranhão,21,Maranhão,MA,2,Nordeste,12064,181,0.13,2284,5.28,3808,3.17,83071,0.08,2242,80829,13169,3275,17070,47316
2111003,São João Batista,21,Maranhão,MA,2,Nordeste,18544,-1376,-0.59,650,28.53,5903,3.14,130589,0.12,4847,125741,15032,3688,32763,74258
2111029,São João do Carú,21,Maranhão,MA,2,Nordeste,12251,-3417,-2.03,910,13.46,3316,3.69,103677,0.1,3051,100626,16131,2418,21127,60950
2111052,São João do Paraíso,21,Maranhão,MA,2,Nordeste,9904,-910,-0.73,2052,4.83,3207,3.09,125000,0.12,6078,118923,42069,3298,29542,44014
2111078,São João do Soter,21,Maranhão,MA,2,Nordeste,16889,-349,-0.17,1438,11.74,5135,3.29,124973,0.12,3227,121746,20575,3812,22164,75196
2111102,São João dos Patos,21,Maranhão,MA,2,Nordeste,25020,227,0.08,1483,16.87,8272,3.02,299925,0.28,22012,277913,36521,21499,123966,95926
2111201,São José de Ribamar,21,Maranhão,MA,2,Nordeste,244579,82642,3.5,180,1356.04,81056,3.02,2165447,2.03,233702,1931745,23322,206387,1107495,594541
2111250,São José dos Basílios,21,Maranhão,MA,2,Nordeste,6957,-539,-0.62,354,19.67,2108,3.29,56941,0.05,2354,54587,9416,2125,13792,29254
2111300,São Luís,21,Maranhão,MA,2,Nordeste,1037775,22446,0.18,583,1779.87,348724,2.96,33074010,30.93,6599412,26474598,23674,7198257,15467449,3785218
2111409,São Luís Gonzaga do Maranhão,21,Maranhão,MA,2,Nordeste,17818,-1827,-0.81,909,19.6,5560,3.2,143632,0.13,4864,138768,30418,4315,29780,74255
2111508,São Mateus do Maranhão,21,Maranhão,MA,2,Nordeste,38829,-156,-0.03,800,48.53,11953,3.25,352405,0.33,20969,331436,43513,20264,122217,145442
2111532,São Pedro da Água Branca,21,Maranhão,MA,2,Nordeste,13444,1416,0.93,720,18.66,3671,3.65,105277,0.1,7497,97780,12239,6800,27708,51033
2111573,São Pedro dos Crentes,21,Maranhão,MA,2,Nordeste,5783,1358,2.26,980,5.9,1709,3.38,70871,0.07,3152,67719,30289,1933,14898,20599
2111607,São Raimundo das Mangabeiras,21,Maranhão,MA,2,Nordeste,18672,1198,0.55,3525,5.3,5794,3.22,610965,0.57,43595,567370,324154,64679,109398,69139
2111631,São Raimundo do Doca Bezerra,21,Maranhão,MA,2,Nordeste,5650,-440,-0.62,420,13.47,1685,3.35,40213,0.04,1240,38972,5163,1314,8634,23861
2111672,São Roberto,21,Maranhão,MA,2,Nordeste,4544,-1413,-2.23,227,20.03,1365,3.32,46237,0.04,1088,45149,4790,1253,8422,30683
2111706,São Vicente Ferrer,21,Maranhão,MA,2,Nordeste,19498,-1365,-0.56,394,49.5,6243,3.12,137319,0.13,5890,131429,17631,4547,33118,76133
2111722,Satubinha,21,Maranhão,MA,2,Nordeste,8784,-3206,-2.56,442,19.88,2450,3.57,80218,0.08,2018,78200,10527,2016,13907,51751
2111748,Senador Alexandre Costa,21,Maranhão,MA,2,Nordeste,10207,-49,-0.04,426,23.94,3027,3.37,94649,0.09,4201,90448,15852,2817,22860,48919
2111763,Senador La Rocque,21,Maranhão,MA,2,Nordeste,14700,221,0.13,738,19.91,4605,3.18,172360,0.16,7378,164983,34764,7095,46444,76678
2111789,Serrano do Maranhão,21,Maranhão,MA,2,Nordeste,10202,570,0.48,1165,8.75,3148,3.24,61924,0.06,1747,60178,6876,1632,11848,39822
2111805,Sítio Novo,21,Maranhão,MA,2,Nordeste,17074,72,0.04,3115,5.48,5197,3.28,190001,0.18,7104,182896,58077,4550,38456,81813
2111904,Sucupira do Norte,21,Maranhão,MA,2,Nordeste,10238,-206,-0.17,1074,9.53,3127,3.27,105365,0.1,3821,101544,33349,3514,22871,41810
2111953,Sucupira do Riachão,21,Maranhão,MA,2,Nordeste,4985,-421,-0.67,862,5.78,1566,3.18,41063,0.04,1656,39408,6215,1783,8808,22603
2112001,Tasso Fragoso,21,Maranhão,MA,2,Nordeste,8862,1066,1.07,4369,2.03,2638,3.35,2231497,2.09,40467,2191031,1802825,70205,270694,47307
2112100,Timbiras,21,Maranhão,MA,2,Nordeste,26484,-1513,-0.46,1487,17.82,7575,3.5,173302,0.16,7445,165857,9672,7387,44493,104305
2112209,Timon,21,Maranhão,MA,2,Nordeste,174465,18886,0.96,1763,98.95,54199,3.21,2095633,1.96,261237,1834396,21420,245947,953401,613628
2112233,Trizidela do Vale,21,Maranhão,MA,2,Nordeste,22484,1955,0.76,292,77.1,7272,3.09,274625,0.26,11299,263325,13081,89753,69136,91356
2112274,Tufilândia,21,Maranhão,MA,2,Nordeste,5507,-89,-0.13,271,20.33,1567,3.51,50833,0.05,1324,49510,7017,1537,9593,31363
2112308,Tuntum,21,Maranhão,MA,2,Nordeste,36251,-2860,-0.63,3369,10.76,11376,3.18,346650,0.32,15521,331129,62849,13130,87101,168049
2112407,Turiaçu,21,Maranhão,MA,2,Nordeste,37491,3558,0.83,2622,14.3,10226,3.66,263249,0.25,7512,255736,76503,7330,47466,124437
2112456,Turilândia,21,Maranhão,MA,2,Nordeste,31638,8792,2.75,1508,20.99,7213,4.38,181677,0.17,5200,176477,43294,4645,34248,94289
2112506,Tutóia,21,Maranhão,MA,2,Nordeste,53356,568,0.09,1566,34.07,14744,3.61,433979,0.41,31741,402239,29841,18931,152889,200577
2112605,Urbano Santos,21,Maranhão,MA,2,Nordeste,32812,3426,0.92,1708,19.22,8599,3.81,214701,0.2,11058,203643,12778,7079,63532,120254
2112704,Vargem Grande,21,Maranhão,MA,2,Nordeste,43261,-6151,-1.1,1959,22.09,12882,3.36,379050,0.35,20201,358849,19798,13614,108938,216498
2112803,Viana,21,Maranhão,MA,2,Nordeste,51442,1946,0.32,1167,44.09,15784,3.25,456151,0.43,30063,426087,59727,15321,163864,187175
2112852,Vila Nova dos Martírios,21,Maranhão,MA,2,Nordeste,10362,-896,-0.69,1190,8.71,3312,3.13,137405,0.13,6036,131369,44632,4230,28357,54149
2112902,Vitória do Mearim,21,Maranhão,MA,2,Nordeste,30805,-412,-0.11,717,42.98,9357,3.29,259456,0.24,14960,244496,35785,12109,81186,115416
2113009,Vitorino Freire,21,Maranhão,MA,2,Nordeste,30845,-52,-0.01,1193,25.85,9768,3.15,266177,0.25,14644,251534,36763,8580,87257,118934
2114007,Zé Doca,21,Maranhão,MA,2,Nordeste,40801,-7689,-1.43,2140,19.06,12629,3.22,456162,0.43,34850,421312,49144,17304,167753,187110
2200053,Acauã,22,Piauí,PI,2,Nordeste,6420,-329,-0.42,1281,5.01,2216,2.9,62638,0.11,3662,58976,10176,2471,12103,34226
2200103,Agricolândia,22,Piauí,PI,2,Nordeste,4940,-158,-0.26,112,43.95,1722,2.87,43373,0.08,2009,41364,4995,3563,8290,24516
2200202,Água Branca,22,Piauí,PI,2,Nordeste,17573,1122,0.55,97,181.46,5880,2.99,219023,0.39,16188,202835,3790,15349,93331,90365
2200251,Alagoinha do Piauí,22,Piauí,PI,2,Nordeste,6819,-522,-0.61,536,12.72,2575,2.65,67241,0.12,2734,64507,14952,2976,11711,34869
2200277,Alegrete do Piauí,22,Piauí,PI,2,Nordeste,4634,-137,-0.24,244,19.01,1595,2.9,55116,0.1,3074,52042,13190,2211,11698,24943
2200301,Alto Longá,22,Piauí,PI,2,Nordeste,13479,-167,-0.1,1743,7.73,4665,2.89,119613,0.21,5648,113965,13817,5684,25660,68805
2200400,Altos,22,Piauí,PI,2,Nordeste,47416,8594,1.68,957,49.53,15161,3.07,477955,0.85,42750,435204,12321,48012,171718,203154
2200459,Alvorada do Gurguéia,22,Piauí,PI,2,Nordeste,5322,272,0.44,2132,2.5,1670,3.19,74690,0.13,4877,69813,18071,3210,16736,31796
2200509,Amarante,22,Piauí,PI,2,Nordeste,17235,100,0.05,1152,14.96,5523,3.11,182075,0.32,11265,170810,13472,26057,49667,81614
2200608,Angical do Piauí,22,Piauí,PI,2,Nordeste,6827,155,0.19,222,30.75,2454,2.78,66879,0.12,4673,62206,5385,3631,21744,31446
2200707,Anísio de Abreu,22,Piauí,PI,2,Nordeste,9407,309,0.28,338,27.84,3186,2.95,92406,0.16,5959,86448,7275,5114,24420,49639
2200806,Antônio Almeida,22,Piauí,PI,2,Nordeste,3152,113,0.3,645,4.89,1040,3.02,133133,0.24,6058,127075,42529,45167,20029,19349
2200905,Aroazes,22,Piauí,PI,2,Nordeste,5369,-410,-0.61,821,6.54,1817,2.95,55295,0.1,3121,52174,6574,2733,13113,29754
2200954,Aroeiras do Itaim,22,Piauí,PI,2,Nordeste,2690,200,0.65,316,8.51,940,2.86,25694,0.05,888,24806,5178,1143,3663,14822
2201002,Arraial,22,Piauí,PI,2,Nordeste,4520,-168,-0.3,683,6.62,1533,2.95,44066,0.08,2162,41904,3117,1963,10302,26523
2201051,Assunção do Piauí,22,Piauí,PI,2,Nordeste,7452,-51,-0.06,1691,4.41,2352,3.17,55247,0.1,1856,53392,4055,1848,8901,38587
2201101,Avelino Lopes,22,Piauí,PI,2,Nordeste,10866,185,0.14,1220,8.9,3663,2.97,89631,0.16,3984,85647,8731,5331,17853,53732
2201150,Baixa Grande do Ribeiro,22,Piauí,PI,2,Nordeste,13272,2756,1.96,7809,1.7,3883,3.41,1229742,2.18,84360,1145382,843550,53962,171437,76432
2201176,Barra D'Alcântara,22,Piauí,PI,2,Nordeste,3995,143,0.3,264,15.14,1463,2.73,40193,0.07,1798,38395,2044,1973,9215,25163
2201200,Barras,22,Piauí,PI,2,Nordeste,47938,3088,0.56,1723,27.83,14533,3.3,469498,0.83,26446,443052,30358,27217,141394,244083
2201309,Barreiras do Piauí,22,Piauí,PI,2,Nordeste,3264,30,0.08,2169,1.51,1011,3.23,125690,0.22,5877,119813,79243,4983,14442,21145
2201408,Barro Duro,22,Piauí,PI,2,Nordeste,6640,-279,-0.34,159,41.65,2177,3.05,85271,0.15,5776,79495,13239,10998,18713,36546
2201507,Batalha,22,Piauí,PI,2,Nordeste,26300,526,0.17,1589,16.55,8691,3.02,218538,0.39,10411,208127,19641,13299,52295,122893
2201556,Bela Vista do Piauí,22,Piauí,PI,2,Nordeste,4091,313,0.67,499,8.2,1233,3.31,44127,0.08,2539,41588,7792,1761,8561,23474
2201572,Belém do Piauí,22,Piauí,PI,2,Nordeste,3423,139,0.35,243,14.07,1131,3.03,39807,0.07,1347,38460,5494,5907,6647,20412
2201606,Beneditinos,22,Piauí,PI,2,Nordeste,9873,-297,-0.25,937,10.54,3484,2.83,88721,0.16,4075,84646,7538,4635,19934,52540
2201705,Bertolínia,22,Piauí,PI,2,Nordeste,5562,243,0.37,1216,4.57,1763,3.14,69562,0.12,8197,61366,5023,11856,14486,30001
2201739,Betânia do Piauí,22,Piauí,PI,2,Nordeste,6220,205,0.28,580,10.73,2048,3.04,57166,0.1,3234,53932,4763,1928,12576,34665
2201770,Boa Hora,22,Piauí,PI,2,Nordeste,6902,606,0.77,337,20.48,2082,3.31,63565,0.11,2481,61084,12457,2149,10787,35691
2201804,Bocaina,22,Piauí,PI,2,Nordeste,4078,-275,-0.54,262,15.59,1577,2.59,53142,0.09,2561,50581,12784,2750,10098,24949
2201903,Bom Jesus,22,Piauí,PI,2,Nordeste,28799,6170,2.03,5471,5.26,8991,3.2,1130050,2,137289,992760,331936,54704,471455,134665
2201919,Bom Princípio do Piauí,22,Piauí,PI,2,Nordeste,5636,332,0.51,523,10.77,1819,3.1,62317,0.11,4099,58218,10016,2615,11875,33712
2201929,Bonfim do Piauí,22,Piauí,PI,2,Nordeste,5913,520,0.77,289,20.45,1986,2.98,48951,0.09,2336,46616,4546,1767,10641,29662
2201945,Boqueirão do Piauí,22,Piauí,PI,2,Nordeste,6545,462,0.61,270,24.26,2096,3.12,51659,0.09,2076,49582,2124,2036,11265,34158
2201960,Brasileira,22,Piauí,PI,2,Nordeste,8436,470,0.48,881,9.58,2820,2.99,65254,0.12,2485,62769,4492,3771,12353,42154
2201988,Brejo do Piauí,22,Piauí,PI,2,Nordeste,3904,-126,-0.26,2267,1.72,1382,2.81,38907,0.07,1580,37327,4816,1689,7515,23308
2202000,Buriti dos Lopes,22,Piauí,PI,2,Nordeste,19654,580,0.25,691,28.46,6185,3.18,192990,0.34,11922,181068,27222,11724,47294,94828
2202026,Buriti dos Montes,22,Piauí,PI,2,Nordeste,7434,-432,-0.47,2437,3.05,2363,3.14,69127,0.12,2588,66539,9441,3239,11756,42104
2202059,Cabeceiras do Piauí,22,Piauí,PI,2,Nordeste,10212,284,0.24,609,16.78,3208,3.18,79359,0.14,3251,76107,6819,5055,14673,49561
2202075,Cajazeiras do Piauí,22,Piauí,PI,2,Nordeste,3108,-235,-0.61,514,6.05,1047,2.97,30332,0.05,1093,29238,2551,1129,5018,20540
2202083,Cajueiro da Praia,22,Piauí,PI,2,Nordeste,7957,794,0.88,271,29.34,2500,3.18,92947,0.16,4850,88097,16926,5437,26712,39023
2202091,Caldeirão Grande do Piauí,22,Piauí,PI,2,Nordeste,5503,-89,-0.13,467,11.78,1857,2.96,171885,0.3,16855,155030,16835,96056,11437,30701
2202109,Campinas do Piauí,22,Piauí,PI,2,Nordeste,4937,-471,-0.76,784,6.3,1771,2.78,52460,0.09,2224,50236,8218,2140,9838,30039
2202117,Campo Alegre do Fidalgo,22,Piauí,PI,2,Nordeste,4616,-77,-0.14,658,7.02,1597,2.89,47372,0.08,1629,45743,2863,4294,9002,29583
2202133,Campo Grande do Piauí,22,Piauí,PI,2,Nordeste,6020,428,0.62,312,19.31,2083,2.89,63216,0.11,3738,59478,10912,2741,14982,30844
2202174,Campo Largo do Piauí,22,Piauí,PI,2,Nordeste,7419,616,0.72,478,15.52,2193,3.38,52053,0.09,1638,50415,3944,1815,8175,36481
2202208,Campo Maior,22,Piauí,PI,2,Nordeste,45793,616,0.11,1681,27.24,15484,2.95,660309,1.17,67801,592508,24802,47842,269908,249956
2202251,Canavieira,22,Piauí,PI,2,Nordeste,3414,-507,-1.15,2165,1.58,1126,3.03,39117,0.07,1213,37904,5597,1685,6268,24355
2202307,Canto do Buriti,22,Piauí,PI,2,Nordeste,19365,-655,-0.28,4326,4.48,6803,2.84,262402,0.47,19062,243340,32361,17947,88374,104657
2202406,Capitão de Campos,22,Piauí,PI,2,Nordeste,11100,206,0.16,572,19.42,3620,3.06,98391,0.17,5484,92907,3672,4397,27760,57079
2202455,Capitão Gervásio Oliveira,22,Piauí,PI,2,Nordeste,3974,96,0.2,1133,3.51,1448,2.74,39022,0.07,2476,36546,3853,1263,7933,23496
2202505,Caracol,22,Piauí,PI,2,Nordeste,10318,106,0.09,1611,6.4,3322,3.1,102946,0.18,6654,96292,8197,4192,23180,60723
2202539,Caraúbas do Piauí,22,Piauí,PI,2,Nordeste,5630,105,0.16,471,11.95,1909,2.95,55128,0.1,2302,52826,6851,1920,10558,33497
2202554,Caridade do Piauí,22,Piauí,PI,2,Nordeste,5033,250,0.43,499,10.09,1607,3.13,50228,0.09,2337,47890,7456,3579,8156,28700
2202604,Castelo do Piauí,22,Piauí,PI,2,Nordeste,19288,26,0.01,2379,8.11,6566,2.93,186375,0.33,12339,174036,19292,12922,49077,92744
2202653,Caxingó,22,Piauí,PI,2,Nordeste,5496,457,0.73,491,11.19,1768,3.1,50262,0.09,1894,48369,5058,2019,9360,31930
2202703,Cocal,22,Piauí,PI,2,Nordeste,28212,1621,0.49,1294,21.8,8943,3.15,253184,0.45,14287,238898,27635,11482,68283,131497
2202711,Cocal de Telha,22,Piauí,PI,2,Nordeste,4911,217,0.38,310,15.83,1649,2.98,44116,0.08,2070,42046,2181,1978,9938,27949
2202729,Cocal dos Alves,22,Piauí,PI,2,Nordeste,6386,501,0.68,325,19.66,2207,2.89,54453,0.1,2151,52302,6387,2272,10948,32696
2202737,Coivaras,22,Piauí,PI,2,Nordeste,4043,232,0.49,484,8.35,1259,3.21,38891,0.07,1145,37746,3349,1638,7115,25645
2202752,Colônia do Gurguéia,22,Piauí,PI,2,Nordeste,6150,114,0.16,430,14.32,2063,2.98,63759,0.11,5034,58725,3742,3057,19755,32171
2202778,Colônia do Piauí,22,Piauí,PI,2,Nordeste,6991,-442,-0.51,950,7.36,2363,2.96,62609,0.11,3060,59549,6191,2868,12760,37731
2202802,Conceição do Canindé,22,Piauí,PI,2,Nordeste,4932,282,0.49,825,5.98,1705,2.89,59576,0.11,3011,56566,15240,2854,11629,26843
2202851,Coronel José Dias,22,Piauí,PI,2,Nordeste,4250,-291,-0.55,1926,2.21,1485,2.86,44072,0.08,1945,42127,5394,2375,7376,26981
2202901,Corrente,22,Piauí,PI,2,Nordeste,27285,1878,0.6,3049,8.95,8572,3.17,516568,0.92,51583,464985,97678,22532,207410,137365
2203008,Cristalândia do Piauí,22,Piauí,PI,2,Nordeste,7283,-548,-0.6,1203,6.05,2276,3.19,69134,0.12,2886,66248,12589,2116,10959,40584
2203107,Cristino Castro,22,Piauí,PI,2,Nordeste,10503,522,0.43,1846,5.69,3298,3.18,114346,0.2,9061,105285,4591,7360,40047,53287
2203206,Curimatá,22,Piauí,PI,2,Nordeste,11270,502,0.38,2345,4.81,3644,3.09,121829,0.22,7077,114753,13195,8935,35276,57346
2203230,Currais,22,Piauí,PI,2,Nordeste,4844,140,0.24,3157,1.53,1450,3.33,329397,0.58,20549,308847,224867,12151,41821,30009
2203255,Curralinhos,22,Piauí,PI,2,Nordeste,4413,230,0.45,346,12.76,1423,3.1,34873,0.06,1467,33406,3016,1228,6224,22938
2203271,Curral Novo do Piauí,22,Piauí,PI,2,Nordeste,5073,89,0.15,755,6.72,1575,3.21,65329,0.12,9071,56257,3971,13563,7317,31407
2203305,Demerval Lobão,22,Piauí,PI,2,Nordeste,15853,2575,1.49,217,73.12,5296,2.99,196566,0.35,27099,169467,2628,46501,49752,70586
2203354,Dirceu Arcoverde,22,Piauí,PI,2,Nordeste,7054,379,0.46,1006,7.01,2264,3.11,62189,0.11,3024,59165,6170,2563,12945,37487
2203404,Dom Expedito Lopes,22,Piauí,PI,2,Nordeste,6320,-249,-0.32,219,28.88,2235,2.83,78767,0.14,6732,72035,10207,4334,25251,32242
2203420,Domingos Mourão,22,Piauí,PI,2,Nordeste,4075,-189,-0.38,849,4.8,1318,3.09,41694,0.07,1745,39949,4172,2021,9469,24287
2203453,Dom Inocêncio,22,Piauí,PI,2,Nordeste,9159,-86,-0.08,3872,2.37,3177,2.88,96062,0.17,5092,90969,11621,16435,13438,49474
2203503,Elesbão Veloso,22,Piauí,PI,2,Nordeste,13607,-905,-0.54,1384,9.83,4806,2.83,152434,0.27,10108,142326,14777,8229,48094,71227
2203602,Eliseu Martins,22,Piauí,PI,2,Nordeste,4377,-288,-0.53,1098,3.99,1534,2.85,51755,0.09,4140,47615,3589,2985,16698,24343
2203701,Esperantina,22,Piauí,PI,2,Nordeste,40970,3203,0.68,909,45.08,13333,3.06,433607,0.77,34561,399047,12737,30248,159466,196595
2203750,Fartura do Piauí,22,Piauí,PI,2,Nordeste,5284,210,0.34,713,7.41,1743,3.03,42099,0.07,1401,40698,5420,1171,6328,27779
2203800,Flores do Piauí,22,Piauí,PI,2,Nordeste,4414,48,0.09,947,4.66,1567,2.82,44133,0.08,1766,42367,4932,2750,8883,25801
2203859,Floresta do Piauí,22,Piauí,PI,2,Nordeste,2333,-149,-0.51,223,10.45,862,2.7,24403,0.04,1087,23317,2218,877,4757,15465
2203909,Floriano,22,Piauí,PI,2,Nordeste,62036,4346,0.61,3408,18.2,20941,2.95,1312509,2.33,180879,1131631,16839,139098,682482,293212
2204006,Francinópolis,22,Piauí,PI,2,Nordeste,4505,-730,-1.24,269,16.77,1643,2.74,41798,0.07,1944,39854,3285,2172,8539,25858
2204105,Francisco Ayres,22,Piauí,PI,2,Nordeste,4412,-65,-0.12,656,6.72,1522,2.9,42610,0.08,1743,40867,5276,2047,8650,24894
2204154,Francisco Macedo,22,Piauí,PI,2,Nordeste,2929,-22,-0.06,179,16.34,1020,2.87,34767,0.06,1142,33625,2513,5295,6660,19158
2204204,Francisco Santos,22,Piauí,PI,2,Nordeste,8237,-355,-0.35,492,16.74,2937,2.8,83008,0.15,4501,78507,11893,4174,20396,42044
2204303,Fronteiras,22,Piauí,PI,2,Nordeste,10259,-783,-0.61,777,13.2,3540,2.9,118437,0.21,6512,111924,12094,7696,36028,56106
2204352,Geminiano,22,Piauí,PI,2,Nordeste,5445,297,0.47,441,12.36,1932,2.81,56337,0.1,3515,52822,10976,4943,10244,26658
2204402,Gilbués,22,Piauí,PI,2,Nordeste,10892,490,0.38,3496,3.12,3373,3.22,307259,0.54,21426,285834,155969,12205,59916,57744
2204501,Guadalupe,22,Piauí,PI,2,Nordeste,10270,2,0,1027,10,3336,3.07,552766,0.98,19317,533448,183442,238046,52954,59006
2204550,Guaribas,22,Piauí,PI,2,Nordeste,4276,-125,-0.24,3118,1.37,1313,3.25,42466,0.08,1779,40688,5394,1655,6221,27418
2204600,Hugo Napoleão,22,Piauí,PI,2,Nordeste,3518,-253,-0.58,225,15.67,1187,2.95,31923,0.06,1368,30555,2059,1791,6456,20249
2204659,Ilha Grande,22,Piauí,PI,2,Nordeste,9274,360,0.33,130,71.51,2778,3.34,80081,0.14,3458,76623,12182,3777,13457,47207
2204709,Inhuma,22,Piauí,PI,2,Nordeste,14958,113,0.06,978,15.29,5222,2.86,153084,0.27,10253,142831,18296,9544,40604,74388
2204808,Ipiranga do Piauí,22,Piauí,PI,2,Nordeste,9420,93,0.08,529,17.79,3146,2.99,79898,0.14,4119,75779,6269,4368,17723,47419
2204907,Isaías Coelho,22,Piauí,PI,2,Nordeste,7774,-419,-0.44,801,9.71,2586,3,80022,0.14,4657,75365,10829,3047,17619,43870
2205003,Itainópolis,22,Piauí,PI,2,Nordeste,10790,-269,-0.2,828,13.04,3951,2.72,104071,0.18,5114,98957,18902,5378,20723,53954
2205102,Itaueira,22,Piauí,PI,2,Nordeste,10323,-355,-0.28,2554,4.04,3681,2.8,127813,0.23,8013,119799,15804,6064,37392,60539
2205151,Jacobina do Piauí,22,Piauí,PI,2,Nordeste,5613,-104,-0.15,1334,4.21,1958,2.87,58691,0.1,3147,55543,10636,3323,11605,29979
2205201,Jaicós,22,Piauí,PI,2,Nordeste,17527,-508,-0.24,867,20.22,6047,2.9,193769,0.34,11859,181910,35669,9776,48150,88315
2205250,Jardim do Mulato,22,Piauí,PI,2,Nordeste,4180,-129,-0.25,510,8.19,1431,2.92,34801,0.06,1161,33639,3074,1429,5807,23330
2205276,Jatobá do Piauí,22,Piauí,PI,2,Nordeste,4494,-162,-0.29,650,6.91,1475,3.05,51531,0.09,2013,49518,10274,2278,8042,28925
2205300,Jerumenha,22,Piauí,PI,2,Nordeste,4497,107,0.2,1866,2.41,1493,3.01,47994,0.09,2713,45281,4606,2978,11736,25961
2205359,João Costa,22,Piauí,PI,2,Nordeste,2970,10,0.03,1800,1.65,994,2.99,64094,0.11,1445,62649,6467,31558,5161,19462
2205409,Joaquim Pires,22,Piauí,PI,2,Nordeste,13886,69,0.04,741,18.75,4270,3.25,107366,0.19,4549,102818,10389,5486,21100,65842
2205458,Joca Marques,22,Piauí,PI,2,Nordeste,5394,294,0.47,169,31.92,1629,3.31,44872,0.08,1672,43200,3562,1831,7677,30130
2205508,José de Freitas,22,Piauí,PI,2,Nordeste,42559,5474,1.15,1538,27.67,13258,3.21,379626,0.67,22711,356915,31755,27726,109109,188325
2205516,Juazeiro do Piauí,22,Piauí,PI,2,Nordeste,5214,-76,-0.12,935,5.57,1771,2.93,60641,0.11,2568,58073,5163,10413,12206,30291
2205524,Júlio Borges,22,Piauí,PI,2,Nordeste,5388,15,0.02,1284,4.2,1705,3.15,74021,0.13,2347,71674,7253,19993,11986,32441
2205532,Jurema,22,Piauí,PI,2,Nordeste,4425,-92,-0.17,1272,3.48,1524,2.9,43007,0.08,1527,41480,5109,2050,7030,27292
2205540,Lagoinha do Piauí,22,Piauí,PI,2,Nordeste,2939,283,0.85,68,43.44,1011,2.91,37230,0.07,3266,33964,1115,1588,13606,17656
2205557,Lagoa Alegre,22,Piauí,PI,2,Nordeste,8256,248,0.25,394,20.94,2533,3.26,73187,0.13,3115,70072,4177,3797,15423,46674
2205565,Lagoa do Barro do Piauí,22,Piauí,PI,2,Nordeste,4995,465,0.82,1331,3.75,1622,3.08,352769,0.63,99889,252880,3393,196082,22879,30527
2205573,Lagoa de São Francisco,22,Piauí,PI,2,Nordeste,6331,-91,-0.12,156,40.62,1996,3.16,53010,0.09,1517,51493,2637,1964,9422,37471
2205581,Lagoa do Piauí,22,Piauí,PI,2,Nordeste,4810,947,1.84,428,11.24,1591,3.02,66691,0.12,5121,61570,3832,15840,18794,23105
2205599,Lagoa do Sítio,22,Piauí,PI,2,Nordeste,4520,-330,-0.59,805,5.61,1581,2.86,45751,0.08,1769,43982,9098,1631,7305,25949
2205607,Landri Sales,22,Piauí,PI,2,Nordeste,5213,-68,-0.11,1089,4.79,1794,2.91,87701,0.16,4298,83403,32181,5337,17141,28744
2205706,Luís Correia,22,Piauí,PI,2,Nordeste,30641,2235,0.63,1074,28.53,9387,3.26,348276,0.62,24419,323858,35854,23197,115013,149794
2205805,Luzilândia,22,Piauí,PI,2,Nordeste,25375,654,0.22,706,35.96,7890,3.22,222664,0.39,12947,209717,15215,11561,64933,118008
2205854,Madeiro,22,Piauí,PI,2,Nordeste,8032,216,0.23,179,44.91,2262,3.55,64448,0.11,2234,62214,5098,2250,11537,43329
2205904,Manoel Emídio,22,Piauí,PI,2,Nordeste,5209,-4,-0.01,1620,3.21,1729,3.01,53536,0.09,3185,50350,5473,2664,13447,28766
2205953,Marcolândia,22,Piauí,PI,2,Nordeste,8533,714,0.73,137,62.38,2822,3.02,153330,0.27,7688,145642,7003,64795,28956,44889
2206001,Marcos Parente,22,Piauí,PI,2,Nordeste,4724,268,0.49,677,6.97,1545,3.06,47996,0.09,3097,44899,3177,3001,13853,24868
2206050,Massapê do Piauí,22,Piauí,PI,2,Nordeste,5218,-1004,-1.46,530,9.84,1742,3,52944,0.09,1708,51236,6627,2142,8712,33755
2206100,Matias Olímpio,22,Piauí,PI,2,Nordeste,10641,168,0.13,227,46.92,3202,3.32,90468,0.16,4462,86006,4394,4581,21623,55407
2206209,Miguel Alves,22,Piauí,PI,2,Nordeste,32150,-139,-0.04,1392,23.09,9272,3.47,280591,0.5,13862,266729,23087,13537,60247,169858
2206308,Miguel Leão,22,Piauí,PI,2,Nordeste,1318,65,0.42,93,14.11,406,3.23,21627,0.04,1454,20173,614,2042,5336,12181
2206357,Milton Brandão,22,Piauí,PI,2,Nordeste,6542,38,0.05,1309,5,2138,3.06,54505,0.1,1973,52532,4860,1957,9716,35999
2206407,Monsenhor Gil,22,Piauí,PI,2,Nordeste,10255,-69,-0.06,568,18.06,3515,2.92,108100,0.19,9055,99045,5082,8367,34527,51069
2206506,Monsenhor Hipólito,22,Piauí,PI,2,Nordeste,7577,186,0.21,402,18.87,2667,2.84,90088,0.16,4269,85819,27214,4114,16062,38429
2206605,Monte Alegre do Piauí,22,Piauí,PI,2,Nordeste,10660,315,0.25,2417,4.41,3273,3.25,249695,0.44,17716,231979,111987,9136,49185,61672
2206654,Morro Cabeça no Tempo,22,Piauí,PI,2,Nordeste,4377,-70,-0.13,2208,1.98,1375,3.17,35107,0.06,1092,34015,4302,1289,4648,23776
2206670,Morro do Chapéu do Piauí,22,Piauí,PI,2,Nordeste,6425,-74,-0.1,328,19.56,2078,3.09,58945,0.1,2021,56925,3875,3924,10887,38239
2206696,Murici dos Portelas,22,Piauí,PI,2,Nordeste,9004,540,0.52,476,18.93,2722,3.3,70597,0.13,2268,68329,6859,2466,11753,47251
2206704,Nazaré do Piauí,22,Piauí,PI,2,Nordeste,6665,-656,-0.78,1316,5.07,2330,2.86,64656,0.11,3606,61050,4375,3345,14900,38430
2206720,Nazária,22,Piauí,PI,2,Nordeste,10262,2194,2.02,362,28.32,3258,3.14,96051,0.17,7444,88607,5942,12738,19148,50780
2206753,Nossa Senhora de Nazaré,22,Piauí,PI,2,Nordeste,5228,672,1.15,357,14.65,1712,3.05,42531,0.08,1510,41021,4475,1697,7689,27161
2206803,Nossa Senhora dos Remédios,22,Piauí,PI,2,Nordeste,8525,319,0.32,358,23.82,2549,3.34,74682,0.13,2372,72310,4600,2959,13879,50871
2206902,Novo Oriente do Piauí,22,Piauí,PI,2,Nordeste,6097,-401,-0.53,526,11.59,2255,2.7,53186,0.09,2729,50456,4411,2753,11620,31672
2206951,Novo Santo Antônio,22,Piauí,PI,2,Nordeste,2827,18,0.05,444,6.37,1005,2.81,28198,0.05,1225,26972,3833,1057,5507,16576
2207009,Oeiras,22,Piauí,PI,2,Nordeste,38161,2521,0.57,2703,14.12,13501,2.82,539394,0.96,56597,482797,16441,51085,236563,178708
2207108,Olho D'Água do Piauí,22,Piauí,PI,2,Nordeste,2637,323,1.09,184,14.36,894,2.95,26005,0.05,832,25172,6132,1147,3691,14203
2207207,Padre Marcos,22,Piauí,PI,2,Nordeste,6382,-275,-0.35,279,22.9,2351,2.71,74913,0.13,4448,70464,11807,4922,18332,35403
2207306,Paes Landim,22,Piauí,PI,2,Nordeste,4088,29,0.06,401,10.18,1353,3.02,43249,0.08,2392,40857,3877,2427,10538,24016
2207355,Pajeú do Piauí,22,Piauí,PI,2,Nordeste,3000,-183,-0.49,987,3.04,1097,2.73,48889,0.09,2204,46685,16682,1847,7863,20293
2207405,Palmeira do Piauí,22,Piauí,PI,2,Nordeste,4952,-41,-0.07,2024,2.45,1604,3.08,129039,0.23,7555,121484,74753,5063,16997,24671
2207504,Palmeirais,22,Piauí,PI,2,Nordeste,13263,-482,-0.3,1494,8.88,4295,3.09,125261,0.22,6450,118811,16734,7047,23628,71403
2207553,Paquetá,22,Piauí,PI,2,Nordeste,3813,-112,-0.24,433,8.81,1292,2.95,41912,0.07,1403,40510,6809,1928,6732,25041
2207603,Parnaguá,22,Piauí,PI,2,Nordeste,10103,-173,-0.14,3429,2.95,3034,3.33,113741,0.2,4753,108988,29266,3712,18946,57064
2207702,Parnaíba,22,Piauí,PI,2,Nordeste,162159,16454,0.9,437,371.15,51548,3.13,2612516,4.63,301259,2311257,69989,309317,1225727,706223
2207751,Passagem Franca do Piauí,22,Piauí,PI,2,Nordeste,4135,12,0.02,643,6.43,1218,3.39,41496,0.07,1781,39715,6388,1997,8060,23269
2207777,Patos do Piauí,22,Piauí,PI,2,Nordeste,5425,-685,-0.99,801,6.77,2075,2.61,57079,0.1,2737,54342,7133,2857,10966,33387
2207793,Pau D'Arco do Piauí,22,Piauí,PI,2,Nordeste,3880,123,0.27,430,9.02,1307,2.97,31704,0.06,1227,30477,3284,1668,5157,20368
2207801,Paulistana,22,Piauí,PI,2,Nordeste,21055,1302,0.53,1941,10.85,7306,2.88,252733,0.45,23996,228737,12743,21655,95029,99310
2207850,Pavussu,22,Piauí,PI,2,Nordeste,3628,-35,-0.08,1091,3.33,1296,2.8,35554,0.06,1935,33619,4144,1615,8167,19693
2207900,Pedro II,22,Piauí,PI,2,Nordeste,37894,392,0.09,1544,24.54,12132,3.12,356985,0.63,23038,333947,10774,18381,118813,185979
2207934,Pedro Laurentino,22,Piauí,PI,2,Nordeste,2458,51,0.17,871,2.82,812,3.02,27408,0.05,1216,26192,3500,979,5459,16254
2207959,Nova Santa Rita,22,Piauí,PI,2,Nordeste,4076,-111,-0.22,910,4.48,1372,2.97,44037,0.08,2760,41277,5352,2174,7526,26225
2208007,Picos,22,Piauí,PI,2,Nordeste,83090,8655,0.92,577,143.93,28842,2.86,1760581,3.12,215360,1545220,42575,176706,927018,398921
2208106,Pimenteiras,22,Piauí,PI,2,Nordeste,11341,-392,-0.28,4563,2.49,3869,2.92,104469,0.19,4565,99904,19694,5618,18302,56290
2208205,Pio IX,22,Piauí,PI,2,Nordeste,17613,-58,-0.03,1948,9.04,6095,2.89,207500,0.37,11268,196232,54737,9658,41910,89927
2208304,Piracuruca,22,Piauí,PI,2,Nordeste,28453,1114,0.33,2369,12.01,9889,2.88,335589,0.6,24061,311528,23217,31515,117765,139031
2208403,Piripiri,22,Piauí,PI,2,Nordeste,65450,3616,0.47,1407,46.51,21690,3.02,903169,1.6,76450,826719,18946,153962,343868,309944
2208502,Porto,22,Piauí,PI,2,Nordeste,12052,155,0.11,253,47.62,3373,3.57,101887,0.18,4047,97839,5437,5392,21643,65367
2208551,Porto Alegre do Piauí,22,Piauí,PI,2,Nordeste,2364,-195,-0.66,1168,2.02,768,3.08,28865,0.05,1131,27734,2881,1140,5513,18200
2208601,Prata do Piauí,22,Piauí,PI,2,Nordeste,3042,-50,-0.14,197,15.46,1091,2.79,27320,0.05,1227,26093,1275,1475,6273,17071
2208650,Queimada Nova,22,Piauí,PI,2,Nordeste,8738,192,0.19,1283,6.81,2882,3.03,119498,0.21,12084,107414,6536,20470,35392,45017
2208700,Redenção do Gurguéia,22,Piauí,PI,2,Nordeste,8394,-6,-0.01,2471,3.4,2573,3.25,87383,0.15,4710,82673,15252,3564,19458,44399
2208809,Regeneração,22,Piauí,PI,2,Nordeste,17133,-423,-0.2,1251,13.69,5671,3.02,218373,0.39,11496,206877,56646,10748,50136,89348
2208858,Riacho Frio,22,Piauí,PI,2,Nordeste,4165,-76,-0.15,2221,1.88,1292,3.22,44393,0.08,2077,42316,7844,1662,6213,26597
2208874,Ribeira do Piauí,22,Piauí,PI,2,Nordeste,4055,-208,-0.42,1012,4.01,1395,2.91,185683,0.33,1922,183760,3716,145586,6500,27958
2208908,Ribeiro Gonçalves,22,Piauí,PI,2,Nordeste,6164,-681,-0.87,3987,1.55,1866,3.3,461081,0.82,26780,434300,313194,20541,59082,41484
2209005,Rio Grande do Piauí,22,Piauí,PI,2,Nordeste,5801,-472,-0.65,636,9.12,2115,2.74,57216,0.1,3102,54114,5472,3197,13587,31857
2209104,Santa Cruz do Piauí,22,Piauí,PI,2,Nordeste,5831,-196,-0.28,583,10.01,1972,2.95,61707,0.11,3539,58168,5206,2953,16748,33261
2209153,Santa Cruz dos Milagres,22,Piauí,PI,2,Nordeste,3435,-359,-0.82,979,3.51,1181,2.91,41441,0.07,1723,39718,7447,1434,7533,23304
2209203,Santa Filomena,22,Piauí,PI,2,Nordeste,6087,-9,-0.01,5294,1.15,1831,3.31,498790,0.88,33049,465740,321511,32235,74014,37980
2209302,Santa Luz,22,Piauí,PI,2,Nordeste,5336,-177,-0.27,1185,4.5,1714,3.11,56422,0.1,2410,54012,11807,3139,9698,29368
2209351,Santana do Piauí,22,Piauí,PI,2,Nordeste,4125,-320,-0.62,112,36.77,1400,2.94,39186,0.07,1403,37783,5012,1847,7198,23726
2209377,Santa Rosa do Piauí,22,Piauí,PI,2,Nordeste,4650,-499,-0.85,338,13.74,1692,2.75,46525,0.08,2686,43839,4079,3164,10818,25778
2209401,Santo Antônio de Lisboa,22,Piauí,PI,2,Nordeste,5839,-181,-0.25,385,15.15,2092,2.78,71742,0.13,8650,63092,9448,8010,14282,31352
2209450,Santo Antônio dos Milagres,22,Piauí,PI,2,Nordeste,2138,79,0.31,34,63.56,606,3.53,16741,0.03,396,16345,471,776,2545,12552
2209500,Santo Inácio do Piauí,22,Piauí,PI,2,Nordeste,3646,-8,-0.02,852,4.28,1333,2.73,37524,0.07,1474,36051,4157,1798,7444,22652
2209559,São Braz do Piauí,22,Piauí,PI,2,Nordeste,4358,45,0.09,656,6.64,1519,2.87,40298,0.07,1363,38935,4888,1604,7167,25277
2209609,São Félix do Piauí,22,Piauí,PI,2,Nordeste,2842,-130,-0.37,627,4.53,1029,2.76,30975,0.05,1557,29417,3226,1638,6287,18266
2209658,São Francisco de Assis do Piauí,22,Piauí,PI,2,Nordeste,5577,175,0.27,1072,5.2,1885,2.96,52719,0.09,2960,49759,4249,2295,11855,31359
2209708,São Francisco do Piauí,22,Piauí,PI,2,Nordeste,5392,-906,-1.29,1341,4.02,2082,2.59,56650,0.1,2390,54260,5218,2441,11119,35482
2209757,São Gonçalo do Gurguéia,22,Piauí,PI,2,Nordeste,2947,122,0.35,1385,2.13,929,3.17,53816,0.1,15732,38084,6789,1605,9097,20593
2209807,São Gonçalo do Piauí,22,Piauí,PI,2,Nordeste,4837,83,0.14,150,32.14,1568,3.08,50824,0.09,2340,48484,10758,2617,10135,24975
2209856,São João da Canabrava,22,Piauí,PI,2,Nordeste,4242,-203,-0.39,481,8.83,1565,2.71,46928,0.08,2400,44528,6962,2169,9529,25867
2209872,São João da Fronteira,22,Piauí,PI,2,Nordeste,5522,-169,-0.25,817,6.76,1880,2.92,57461,0.1,3249,54212,2937,2091,14866,34318
2209906,São João da Serra,22,Piauí,PI,2,Nordeste,6114,-43,-0.06,994,6.15,2165,2.81,59613,0.11,2402,57211,6631,2801,12903,34876
2209955,São João da Varjota,22,Piauí,PI,2,Nordeste,4383,-268,-0.49,394,11.11,1470,2.98,34415,0.06,1118,33298,1863,1640,5741,24054
2209971,São João do Arraial,22,Piauí,PI,2,Nordeste,8186,850,0.92,213,38.36,2534,3.23,62458,0.11,2477,59981,2718,2431,13150,41683
2210003,São João do Piauí,22,Piauí,PI,2,Nordeste,21421,1873,0.77,1527,14.02,7165,2.99,448246,0.79,28755,419491,9516,179285,121565,109125
2210052,São José do Divino,22,Piauí,PI,2,Nordeste,4841,-307,-0.51,319,15.16,1669,2.9,56017,0.1,2770,53247,11683,2529,11010,28025
2210102,São José do Peixe,22,Piauí,PI,2,Nordeste,3297,-403,-0.96,1287,2.56,1159,2.84,39571,0.07,1604,37966,4109,1875,8051,23932
2210201,São José do Piauí,22,Piauí,PI,2,Nordeste,6597,6,0.01,373,17.67,2287,2.88,68119,0.12,3519,64599,12032,3405,14041,35122
2210300,São Julião,22,Piauí,PI,2,Nordeste,6025,-107,-0.15,291,20.7,2195,2.74,57862,0.1,3296,54566,6923,3562,13467,30614
2210359,São Lourenço do Piauí,22,Piauí,PI,2,Nordeste,4410,-17,-0.03,674,6.54,1487,2.96,40662,0.07,1461,39201,4296,2059,7005,25841
2210375,São Luis do Piauí,22,Piauí,PI,2,Nordeste,2309,-255,-0.87,218,10.6,832,2.78,24849,0.04,871,23979,2753,1185,4352,15689
2210383,São Miguel da Baixa Grande,22,Piauí,PI,2,Nordeste,2269,-104,-0.37,445,5.1,807,2.81,25352,0.04,858,24494,2107,1039,4760,16587
2210391,São Miguel do Fidalgo,22,Piauí,PI,2,Nordeste,2829,-147,-0.42,813,3.48,931,3.04,28493,0.05,1360,27134,2328,1056,5083,18666
2210409,São Miguel do Tapuio,22,Piauí,PI,2,Nordeste,17554,91,0.04,4989,3.52,5934,2.96,150697,0.27,6117,144580,12394,9129,30588,92470
2210508,São Pedro do Piauí,22,Piauí,PI,2,Nordeste,13755,116,0.07,518,26.54,4400,3.12,118913,0.21,6230,112683,8226,7258,28779,68420
2210607,São Raimundo Nonato,22,Piauí,PI,2,Nordeste,38934,6607,1.56,2415,16.12,13117,2.96,546502,0.97,54782,491720,17326,57445,241156,175793
2210623,Sebastião Barros,22,Piauí,PI,2,Nordeste,3202,-358,-0.88,893,3.58,982,3.25,41742,0.07,1490,40253,10721,1195,5649,22688
2210631,Sebastião Leal,22,Piauí,PI,2,Nordeste,4446,330,0.64,3149,1.41,1443,3.08,176007,0.31,11597,164411,101258,8346,26865,27942
2210656,Sigefredo Pacheco,22,Piauí,PI,2,Nordeste,9460,-189,-0.16,1031,9.17,3261,2.9,75638,0.13,3122,72515,6195,3176,15309,47835
2210706,Simões,22,Piauí,PI,2,Nordeste,14350,212,0.12,1076,13.34,4566,3.14,285013,0.51,14232,270781,17879,132340,36531,84031
2210805,Simplício Mendes,22,Piauí,PI,2,Nordeste,13881,1792,1.16,1360,10.21,4686,2.95,192830,0.34,14841,177990,14867,32990,61486,68646
2210904,Socorro do Piauí,22,Piauí,PI,2,Nordeste,4141,-381,-0.73,762,5.44,1451,2.85,40775,0.07,1773,39001,3836,1747,8152,25266
2210938,Sussuapara,22,Piauí,PI,2,Nordeste,6220,-9,-0.01,205,30.31,2195,2.83,73087,0.13,3994,69093,15849,4165,15757,33322
2210953,Tamboril do Piauí,22,Piauí,PI,2,Nordeste,2949,196,0.57,1587,1.86,1005,2.93,29931,0.05,1027,28904,3332,1092,5403,19077
2210979,Tanque do Piauí,22,Piauí,PI,2,Nordeste,2316,-304,-1.02,398,5.82,870,2.66,32914,0.06,1283,31632,6792,1378,5706,17756
2211001,Teresina,22,Piauí,PI,2,Nordeste,866300,52070,0.52,1391,622.66,279882,3.08,21578875,38.27,2897970,18680905,53796,3308436,10739619,4579053
2211100,União,22,Piauí,PI,2,Nordeste,46119,3465,0.65,1171,39.39,14050,3.28,407320,0.72,24438,382882,34833,29112,110135,208802
2211209,Uruçuí,22,Piauí,PI,2,Nordeste,25203,5054,1.88,8413,3,7639,3.3,1912855,3.39,324548,1588307,683039,313261,465109,126898
2211308,Valença do Piauí,22,Piauí,PI,2,Nordeste,22281,1955,0.77,1334,16.71,7961,2.8,262995,0.47,22999,239996,18642,18860,109581,92913
2211357,Várzea Branca,22,Piauí,PI,2,Nordeste,5055,142,0.24,450,11.22,1657,3.04,46412,0.08,1637,44774,6907,1666,7385,28816
2211407,Várzea Grande,22,Piauí,PI,2,Nordeste,4417,81,0.15,236,18.68,1635,2.7,39979,0.07,1990,37989,3545,2057,9085,23302
2211506,Vera Mendes,22,Piauí,PI,2,Nordeste,3185,199,0.54,342,9.31,1221,2.61,29899,0.05,1660,28239,3231,1305,6806,16897
2211605,Vila Nova do Piauí,22,Piauí,PI,2,Nordeste,2935,-141,-0.39,222,13.24,1093,2.68,35245,0.06,1979,33266,6403,1425,7644,17794
2211704,Wall Ferraz,22,Piauí,PI,2,Nordeste,4059,-221,-0.44,270,15.01,1389,2.92,37479,0.07,1477,36002,4035,1552,6788,23628
2300101,Abaiara,23,Ceará,CE,2,Nordeste,10038,-418,-0.34,181,55.51,3495,2.87,108550,0.07,5028,103522,19996,3920,27080,52527
2300150,Acarape,23,Ceará,CE,2,Nordeste,14027,366,0.22,130,107.9,4439,3.16,155133,0.09,9477,145656,8200,18454,50957,68046
2300200,Acaraú,23,Ceará,CE,2,Nordeste,64806,7616,1.05,842,76.92,20821,3.11,836878,0.5,52844,784035,102266,167088,260013,254668
2300309,Acopiara,23,Ceará,CE,2,Nordeste,44962,-6309,-1.09,2254,19.95,16398,2.74,513878,0.31,34135,479744,102948,20559,169267,186970
2300408,Aiuaba,23,Ceará,CE,2,Nordeste,14076,-2127,-1.17,2439,5.77,4923,2.86,151190,0.09,4235,146955,37622,3780,33605,71949
2300507,Alcântaras,23,Ceará,CE,2,Nordeste,11369,492,0.37,136,83.74,3780,3.01,90408,0.05,3029,87380,7667,4194,23626,51893
2300606,Altaneira,23,Ceará,CE,2,Nordeste,6782,-74,-0.09,73,93.32,2485,2.72,65486,0.04,2283,63203,6678,2498,17185,36842
2300705,Alto Santo,23,Ceará,CE,2,Nordeste,14155,-1095,-0.62,1147,12.34,4972,2.85,201624,0.12,9276,192348,65240,8185,50251,68671
2300754,Amontada,23,Ceará,CE,2,Nordeste,42156,2984,0.61,1175,35.88,13230,3.19,534505,0.32,29535,504971,44274,141972,130510,188216
2300804,Antonina do Norte,23,Ceará,CE,2,Nordeste,7245,261,0.31,260,27.9,2594,2.79,68466,0.04,3779,64688,4979,2738,24238,32732
2300903,Apuiarés,23,Ceará,CE,2,Nordeste,12893,-768,-0.48,544,23.7,4535,2.84,112130,0.07,5359,106771,13233,5139,32496,55903
2301000,Aquiraz,23,Ceará,CE,2,Nordeste,80243,7591,0.83,480,167.09,27607,2.87,3411179,2.04,941467,2469712,82760,885156,1103332,398465
2301109,Aracati,23,Ceará,CE,2,Nordeste,75112,5935,0.69,1227,61.21,26019,2.88,1478029,0.89,120580,1357449,149452,365676,559255,283066
2301208,Aracoiaba,23,Ceará,CE,2,Nordeste,25553,215,0.07,644,39.68,8711,2.93,262317,0.16,12653,249663,36302,10376,83745,119240
2301257,Ararendá,23,Ceará,CE,2,Nordeste,11096,595,0.46,342,32.42,3960,2.8,88737,0.05,3226,85511,11109,3372,22905,48125
2301307,Araripe,23,Ceará,CE,2,Nordeste,19783,-896,-0.37,1097,18.03,6746,2.93,189736,0.11,6635,183101,31722,7256,45973,98151
2301406,Aratuba,23,Ceará,CE,2,Nordeste,11224,-792,-0.57,120,93.72,3579,3.13,156987,0.09,4665,152322,63344,4758,32131,52089
2301505,Arneiroz,23,Ceará,CE,2,Nordeste,7429,-221,-0.24,1068,6.95,2599,2.85,66418,0.04,2730,63688,13064,2011,16608,32006
2301604,Assaré,23,Ceará,CE,2,Nordeste,21697,-701,-0.26,1155,18.78,7745,2.8,272279,0.16,11336,260944,72790,9489,81035,97630
2301703,Aurora,23,Ceará,CE,2,Nordeste,23714,-852,-0.29,886,26.77,8422,2.81,212868,0.13,13144,199724,27562,8100,66132,97930
2301802,Baixio,23,Ceará,CE,2,Nordeste,5704,-322,-0.46,146,39.19,2011,2.84,64493,0.04,1837,62656,10739,2121,14917,34879
2301851,Banabuiú,23,Ceará,CE,2,Nordeste,17195,-107,-0.05,1081,15.91,5585,3.07,209097,0.13,11139,197958,46443,14958,58267,78290
2301901,Barbalha,23,Ceará,CE,2,Nordeste,75033,19510,2.54,608,123.38,24142,3.11,1197157,0.72,114000,1083157,132191,193043,494158,263765
2301950,Barreira,23,Ceará,CE,2,Nordeste,22391,1738,0.68,260,86.12,7572,2.96,205182,0.12,11233,193949,22683,14042,65724,91500
2302008,Barro,23,Ceará,CE,2,Nordeste,19381,-2139,-0.87,711,27.25,6946,2.79,226221,0.14,11138,215083,33377,11313,76272,94121
2302057,Barroquinha,23,Ceará,CE,2,Nordeste,14567,91,0.05,386,37.78,4755,3.06,122903,0.07,5136,117767,13970,4363,34128,65307
2302107,Baturité,23,Ceará,CE,2,Nordeste,35218,1916,0.47,314,112.13,11850,2.97,417494,0.25,22833,394661,45881,18870,194464,135446
2302206,Beberibe,23,Ceará,CE,2,Nordeste,53114,4019,0.66,1597,33.26,18251,2.91,967518,0.58,36325,931193,351904,113827,244764,220699
2302305,Bela Cruz,23,Ceará,CE,2,Nordeste,32775,2030,0.53,842,38.92,11009,2.97,266780,0.16,10791,255988,40948,12352,74265,128423
2302404,Boa Viagem,23,Ceará,CE,2,Nordeste,50411,-2010,-0.33,2835,17.78,18079,2.79,506713,0.3,30375,476338,61388,34810,182272,197868
2302503,Brejo Santo,23,Ceará,CE,2,Nordeste,51090,5901,1.03,655,78.04,17032,3,707769,0.42,55219,652550,68484,78431,284552,221083
2302602,Camocim,23,Ceará,CE,2,Nordeste,62326,2168,0.3,1120,55.63,20367,3.06,738666,0.44,41265,697402,85611,96969,274668,240154
2302701,Campos Sales,23,Ceará,CE,2,Nordeste,25135,-1343,-0.43,1083,23.22,8972,2.8,309218,0.19,14332,294886,67449,10545,112231,104661
2302800,Canindé,23,Ceará,CE,2,Nordeste,74174,946,0.11,3032,24.46,25279,2.93,994826,0.6,64094,930732,64869,90204,456763,318896
2302909,Capistrano,23,Ceará,CE,2,Nordeste,17254,291,0.14,227,76.16,5914,2.92,188732,0.11,7904,180828,43339,6297,52771,78421
2303006,Caridade,23,Ceará,CE,2,Nordeste,16377,-3579,-1.63,926,17.68,5354,3.06,178969,0.11,9396,169574,26090,6264,56673,80547
2303105,Cariré,23,Ceará,CE,2,Nordeste,17632,-355,-0.17,756,23.34,6137,2.87,174629,0.1,7368,167261,40610,7351,41081,78219
2303204,Caririaçu,23,Ceará,CE,2,Nordeste,26320,84,0.03,634,41.5,8814,2.98,247912,0.15,8615,239298,56295,7913,63059,112031
2303303,Cariús,23,Ceará,CE,2,Nordeste,17015,-1305,-0.61,1036,16.42,6290,2.71,164157,0.1,6183,157974,43397,5487,39469,69620
2303402,Carnaubal,23,Ceará,CE,2,Nordeste,17210,673,0.33,363,47.38,5722,3.01,152327,0.09,6555,145773,15085,6625,43574,80489
2303501,Cascavel,23,Ceará,CE,2,Nordeste,72626,6729,0.81,838,86.65,25266,2.87,954550,0.57,76509,878041,123222,97866,376969,279983
2303600,Catarina,23,Ceará,CE,2,Nordeste,10243,-8462,-4.89,488,20.98,3651,2.8,139736,0.08,4725,135011,20063,3827,32770,78352
2303659,Catunda,23,Ceará,CE,2,Nordeste,10444,616,0.51,784,13.32,3432,3.04,104429,0.06,3503,100926,17332,3406,28664,51523
2303709,Caucaia,23,Ceará,CE,2,Nordeste,355679,36042,0.89,1223,290.77,120668,2.94,7257971,4.35,1311541,5946430,59616,1817498,2815202,1254114
2303808,Cedro,23,Ceará,CE,2,Nordeste,22344,-2448,-0.86,730,30.61,8075,2.77,226044,0.14,12473,213572,29737,9088,75265,99482
2303907,Chaval,23,Ceará,CE,2,Nordeste,12462,-153,-0.1,237,52.53,3922,3.16,101725,0.06,4254,97471,4656,4129,32031,56655
2303931,Choró,23,Ceará,CE,2,Nordeste,12113,-740,-0.49,815,14.86,3997,3.03,172741,0.1,8890,163851,13401,7814,82566,60070
2303956,Chorozinho,23,Ceará,CE,2,Nordeste,20163,410,0.17,296,68.02,7143,2.82,337811,0.2,142334,195477,23167,18089,71255,82965
2304004,Coreaú,23,Ceará,CE,2,Nordeste,20952,-786,-0.31,750,27.92,7031,2.98,190909,0.11,8949,181960,20346,7382,60198,94034
2304103,Crateús,23,Ceará,CE,2,Nordeste,76390,3573,0.4,2981,25.62,27119,2.81,895218,0.54,52747,842472,83191,55910,414645,288726
2304202,Crato,23,Ceará,CE,2,Nordeste,131050,9790,0.65,1138,115.14,44610,2.93,1719123,1.03,158621,1560502,61947,174520,833798,490237
2304236,Croatá,23,Ceará,CE,2,Nordeste,17481,415,0.2,696,25.1,6103,2.86,205773,0.12,6596,199177,70131,6293,46933,75821
2304251,Cruz,23,Ceará,CE,2,Nordeste,29628,6645,2.14,336,88.2,10313,2.87,295708,0.18,21102,274606,20178,13414,129296,111718
2304269,Deputado Irapuan Pinheiro,23,Ceará,CE,2,Nordeste,8932,-165,-0.15,471,18.96,3344,2.67,87975,0.05,3148,84827,17156,2251,24106,41314
2304277,Ereré,23,Ceará,CE,2,Nordeste,6474,-328,-0.41,363,17.84,2248,2.88,66902,0.04,2113,64790,16373,2015,15357,31045
2304285,Eusébio,23,Ceará,CE,2,Nordeste,74170,28137,4.06,79,941.03,25105,2.95,3184375,1.91,625203,2559172,23387,962423,1219227,354134
2304301,Farias Brito,23,Ceará,CE,2,Nordeste,18217,-1400,-0.62,531,34.34,6414,2.84,208411,0.12,7823,200588,59092,6541,49883,85071
2304350,Forquilha,23,Ceará,CE,2,Nordeste,24173,2559,0.94,569,42.5,8102,2.98,248278,0.15,20008,228270,23033,28999,78972,97266
2304400,Fortaleza,23,Ceará,CE,2,Nordeste,2428678,-31034,-0.11,312,7775.43,860056,2.82,65160893,39.04,9511525,55649369,107783,7651172,38074102,9816312
2304459,Fortim,23,Ceará,CE,2,Nordeste,17294,2503,1.31,285,60.68,5938,2.91,238016,0.14,26192,211823,30205,39803,72460,69355
2304509,Frecheirinha,23,Ceará,CE,2,Nordeste,15615,2388,1.39,210,74.26,5408,2.89,233638,0.14,27504,206134,8694,63253,67578,66609
2304608,General Sampaio,23,Ceará,CE,2,Nordeste,6734,-46,-0.06,230,29.23,2193,3.06,77116,0.05,5321,71795,11287,2382,20945,37182
2304657,Graça,23,Ceará,CE,2,Nordeste,13801,-241,-0.14,259,53.3,4832,2.86,116811,0.07,4126,112685,11919,4471,30191,66104
2304707,Granja,23,Ceará,CE,2,Nordeste,53344,1627,0.26,2663,20.03,17092,3.12,438401,0.26,19276,419125,64036,14454,132862,207772
2304806,Granjeiro,23,Ceará,CE,2,Nordeste,4841,-184,-0.31,112,43.41,1540,3.14,46996,0.03,1452,45544,7529,1656,9961,26398
2304905,Groaíras,23,Ceará,CE,2,Nordeste,10910,763,0.61,156,70.08,4009,2.72,96576,0.06,5164,91412,7254,5809,30535,47813
2304954,Guaiúba,23,Ceará,CE,2,Nordeste,24217,713,0.25,256,94.58,7722,3.13,216414,0.13,10473,205941,25740,11034,62756,106411
2305001,Guaraciaba do Norte,23,Ceará,CE,2,Nordeste,42053,3505,0.73,625,67.33,13494,3.11,636603,0.38,29797,606805,252568,21196,171578,161463
2305100,Guaramiranga,23,Ceará,CE,2,Nordeste,5654,10,0.01,91,62.26,1916,2.94,72785,0.04,2929,69856,9630,3430,27814,28982
2305209,Hidrolândia,23,Ceará,CE,2,Nordeste,17855,-1041,-0.47,927,19.27,6340,2.82,168263,0.1,6536,161728,26884,7588,50635,76622
2305233,Horizonte,23,Ceará,CE,2,Nordeste,74754,19567,2.56,161,465.59,25612,2.92,1718319,1.03,272524,1445794,93034,563825,492253,296683
2305266,Ibaretama,23,Ceará,CE,2,Nordeste,11956,-983,-0.66,879,13.6,4021,2.97,124136,0.07,5889,118247,18214,5072,34441,60520
2305308,Ibiapina,23,Ceará,CE,2,Nordeste,23965,239,0.08,414,57.87,7898,3.03,336447,0.2,15873,320574,93306,37902,80782,108585
2305332,Ibicuitinga,23,Ceará,CE,2,Nordeste,11611,276,0.2,424,27.39,4074,2.84,112310,0.07,4564,107746,16154,4169,29970,57453
2305357,Icapuí,23,Ceará,CE,2,Nordeste,21433,3041,1.28,421,50.86,7177,2.98,377216,0.23,21080,356136,59707,97815,96846,101767
2305407,Icó,23,Ceará,CE,2,Nordeste,62622,-2735,-0.36,1866,33.56,21418,2.92,679891,0.41,42876,637015,79580,32950,255319,269167
2305506,Iguatu,23,Ceará,CE,2,Nordeste,98064,2821,0.24,992,98.83,34954,2.8,1752419,1.05,187711,1564709,200322,128282,823743,412361
2305605,Independência,23,Ceará,CE,2,Nordeste,24024,-1549,-0.52,3222,7.46,8466,2.84,297505,0.18,9466,288039,102130,12799,71692,101418
2305654,Ipaporanga,23,Ceará,CE,2,Nordeste,11575,228,0.17,705,16.42,4296,2.69,96000,0.06,3690,92311,17323,2740,26088,46159
2305704,Ipaumirim,23,Ceará,CE,2,Nordeste,12083,74,0.05,277,43.7,4072,2.96,133876,0.08,7962,125914,21045,7510,44928,52432
2305803,Ipu,23,Ceará,CE,2,Nordeste,41081,789,0.16,626,65.62,13935,2.95,469799,0.28,26012,443786,94547,19732,172814,156693
2305902,Ipueiras,23,Ceará,CE,2,Nordeste,36798,-1078,-0.24,1483,24.81,13285,2.77,310329,0.19,13618,296711,35836,8494,100443,151938
2306009,Iracema,23,Ceará,CE,2,Nordeste,14001,241,0.14,839,16.68,4795,2.92,175352,0.11,8633,166720,27870,8216,60972,69662
2306108,Irauçuba,23,Ceará,CE,2,Nordeste,23915,1591,0.58,1466,16.31,7330,3.26,191993,0.12,9939,182054,18793,12546,55037,95678
2306207,Itaiçaba,23,Ceará,CE,2,Nordeste,7536,220,0.25,214,35.28,2816,2.67,76507,0.05,4259,72248,11792,4048,21111,35298
2306256,Itaitinga,23,Ceará,CE,2,Nordeste,64648,30546,5.47,154,420.65,19522,2.87,894152,0.54,179425,714726,6626,103864,441201,163036
2306306,Itapajé,23,Ceará,CE,2,Nordeste,46426,-1644,-0.29,432,107.42,15629,2.97,565461,0.34,42104,523357,62200,67005,195448,198704
2306405,Itapipoca,23,Ceará,CE,2,Nordeste,131123,15047,1.02,1600,81.93,41579,3.15,1593931,0.95,142793,1451139,99517,223459,618229,509933
2306504,Itapiúna,23,Ceará,CE,2,Nordeste,17841,-891,-0.41,593,30.07,6115,2.92,163015,0.1,6494,156521,28269,5439,43573,79239
2306553,Itarema,23,Ceará,CE,2,Nordeste,42726,5273,1.1,715,59.77,12874,3.31,696490,0.42,34964,661526,58161,282365,146855,174145
2306603,Itatira,23,Ceará,CE,2,Nordeste,20424,908,0.38,830,24.62,6688,3.05,159467,0.1,7002,152465,12804,4379,49051,86231
2306702,Jaguaretama,23,Ceará,CE,2,Nordeste,17232,-702,-0.33,1827,9.43,6050,2.85,205185,0.12,9481,195704,56099,10501,55812,73292
2306801,Jaguaribara,23,Ceará,CE,2,Nordeste,10356,3,0,623,16.62,3361,3.07,141672,0.08,7117,134555,29653,5823,42980,56099
2306900,Jaguaribe,23,Ceará,CE,2,Nordeste,33726,-683,-0.17,1877,17.97,12399,2.72,556075,0.33,48228,507847,78218,65526,215289,148813
2307007,Jaguaruana,23,Ceará,CE,2,Nordeste,31701,-158,-0.04,854,37.1,11726,2.7,479273,0.29,51004,428268,63614,100383,131694,132577
2307106,Jardim,23,Ceará,CE,2,Nordeste,27411,837,0.26,545,50.3,8745,3.13,260310,0.16,9284,251026,51955,7374,70941,120756
2307205,Jati,23,Ceará,CE,2,Nordeste,7861,92,0.1,368,21.34,2620,2.99,118180,0.07,11009,107171,12357,3619,50443,40753
2307254,Jijoca de Jericoacoara,23,Ceará,CE,2,Nordeste,25555,8597,3.48,209,122.26,8795,2.9,425671,0.26,29025,396646,7406,20868,262312,106061
2307304,Juazeiro do Norte,23,Ceará,CE,2,Nordeste,286120,36025,1.13,259,1105.62,97385,2.92,4794444,2.87,491729,4302715,30386,393401,2816504,1062424
2307403,Jucás,23,Ceará,CE,2,Nordeste,23922,115,0.04,940,25.44,8224,2.9,275623,0.17,18168,257455,43010,17542,94425,102478
2307502,Lavras da Mangabeira,23,Ceará,CE,2,Nordeste,30802,-230,-0.06,945,32.59,10477,2.94,285494,0.17,13172,272321,47721,12419,91815,120366
2307601,Limoeiro do Norte,23,Ceará,CE,2,Nordeste,59560,4380,0.64,745,80,21437,2.78,1222652,0.73,109240,1113411,302410,125923,447885,237193
2307635,Madalena,23,Ceará,CE,2,Nordeste,16896,-835,-0.4,998,16.93,5603,3.01,161208,0.1,7527,153681,19187,4937,48272,81284
2307650,Maracanaú,23,Ceará,CE,2,Nordeste,234392,25294,0.96,105,2230.8,79636,2.94,9893418,5.93,1919533,7973884,20848,2666093,4245032,1041911
2307700,Maranguape,23,Ceará,CE,2,Nordeste,105093,-8912,-0.68,584,180.11,35065,2.99,1500486,0.9,192931,1307555,60372,272839,528394,445950
2307809,Marco,23,Ceará,CE,2,Nordeste,25799,1101,0.36,574,44.98,7594,3.39,342070,0.2,34936,307133,20359,43435,128479,114860
2307908,Martinópole,23,Ceará,CE,2,Nordeste,10846,632,0.5,303,35.74,3698,2.93,89010,0.05,3258,85753,6788,3257,25826,49881
2308005,Massapê,23,Ceará,CE,2,Nordeste,37697,2507,0.58,568,66.39,12335,3.05,320251,0.19,16038,304214,24533,28246,103177,148258
2308104,Mauriti,23,Ceará,CE,2,Nordeste,45561,429,0.08,1079,42.22,14873,3.06,472620,0.28,22419,450200,115787,19509,131206,183699
2308203,Meruoca,23,Ceará,CE,2,Nordeste,15162,1563,0.91,152,99.98,4824,3.14,120035,0.07,4259,115776,8916,7494,32028,67338
2308302,Milagres,23,Ceará,CE,2,Nordeste,25900,-1518,-0.47,579,44.72,8755,2.96,276985,0.17,14423,262562,33546,35484,87759,105774
2308351,Milhã,23,Ceará,CE,2,Nordeste,13999,984,0.61,502,27.88,4620,3.02,168499,0.1,6548,161951,58801,4228,41315,57606
2308377,Miraíma,23,Ceará,CE,2,Nordeste,14196,1330,0.82,709,20.03,4259,3.33,101280,0.06,2760,98519,10506,3256,23652,61105
2308401,Missão Velha,23,Ceará,CE,2,Nordeste,36822,2924,0.69,613,60.04,11841,3.11,459612,0.28,19685,439928,170668,19213,106822,143225
2308500,Mombaça,23,Ceará,CE,2,Nordeste,37735,-4640,-0.96,2116,17.84,13653,2.76,412196,0.25,21655,390541,60193,31394,133136,165818
2308609,Monsenhor Tabosa,23,Ceará,CE,2,Nordeste,17149,396,0.19,893,19.21,5827,2.94,148143,0.09,6960,141183,18496,5898,44289,72501
2308708,Morada Nova,23,Ceará,CE,2,Nordeste,61221,-820,-0.11,2764,22.15,22583,2.71,1168606,0.7,105247,1063359,186878,280958,347847,247676
2308807,Moraújo,23,Ceará,CE,2,Nordeste,8256,206,0.21,414,19.92,2710,3.05,71996,0.04,2168,69828,13163,2317,17014,37333
2308906,Morrinhos,23,Ceará,CE,2,Nordeste,22753,2030,0.78,412,55.28,7285,3.12,173201,0.1,9657,163544,11427,8898,57045,86173
2309003,Mucambo,23,Ceará,CE,2,Nordeste,13666,-472,-0.28,192,71.11,4994,2.74,116473,0.07,5044,111429,8890,4995,36730,60814
2309102,Mulungu,23,Ceará,CE,2,Nordeste,10569,1035,0.86,98,107.9,3332,3.17,123469,0.07,3465,120004,36607,4673,28456,50268
2309201,Nova Olinda,23,Ceará,CE,2,Nordeste,15399,1213,0.69,283,54.49,5178,2.97,159246,0.1,8241,151006,20970,8628,52710,68697
2309300,Nova Russas,23,Ceará,CE,2,Nordeste,30699,-248,-0.07,737,41.66,10843,2.82,309710,0.19,24267,285442,12231,13577,130426,129208
2309409,Novo Oriente,23,Ceará,CE,2,Nordeste,27545,110,0.03,947,29.07,9816,2.8,255795,0.15,11385,244410,39843,14929,74878,114761
2309458,Ocara,23,Ceará,CE,2,Nordeste,24493,473,0.16,763,32.1,8790,2.78,230241,0.14,10759,219482,45524,8916,58483,106559
2309508,Orós,23,Ceará,CE,2,Nordeste,19675,-1714,-0.69,578,34.07,7171,2.74,199232,0.12,9584,189648,27548,7273,67293,87533
2309607,Pacajus,23,Ceará,CE,2,Nordeste,70534,8696,1.1,250,281.79,23870,2.95,1178386,0.71,118069,1060317,39011,346873,412158,262276
2309706,Pacatuba,23,Ceará,CE,2,Nordeste,81238,9657,1.06,133,609.73,27019,2.98,1104197,0.66,133578,970619,19659,263389,388663,298908
2309805,Pacoti,23,Ceará,CE,2,Nordeste,11186,-594,-0.43,112,99.49,3663,3.05,136461,0.08,5244,131217,39266,4883,35532,51536
2309904,Pacujá,23,Ceará,CE,2,Nordeste,6175,-78,-0.1,88,69.89,2199,2.81,55101,0.03,2436,52665,3612,2388,16806,29860
2310001,Palhano,23,Ceará,CE,2,Nordeste,9346,480,0.44,437,21.39,3256,2.87,93035,0.06,4618,88418,18122,4047,25655,40594
2310100,Palmácia,23,Ceará,CE,2,Nordeste,10242,-1752,-1.31,129,79.46,3378,3.03,117257,0.07,3200,114058,34424,3543,22813,53277
2310209,Paracuru,23,Ceará,CE,2,Nordeste,38691,6381,1.51,305,126.97,12894,3,516611,0.31,29895,486716,50386,90130,185903,160297
2310258,Paraipaba,23,Ceará,CE,2,Nordeste,32216,2367,0.64,289,111.39,10786,2.98,486826,0.29,35207,451620,94087,83772,134203,139558
2310308,Parambu,23,Ceará,CE,2,Nordeste,31445,-46,-0.01,2314,13.59,11134,2.82,262157,0.16,13722,248435,40982,8349,85814,113290
2310407,Paramoti,23,Ceará,CE,2,Nordeste,10384,-1379,-1.03,539,19.26,3566,2.91,110459,0.07,3482,106976,24673,4055,27034,51214
2310506,Pedra Branca,23,Ceará,CE,2,Nordeste,40187,-1746,-0.35,1302,30.86,14235,2.82,375743,0.23,15863,359879,39872,10026,119931,190051
2310605,Penaforte,23,Ceará,CE,2,Nordeste,8972,673,0.65,151,59.6,2919,3.07,116255,0.07,10114,106141,14307,6662,41206,43966
2310704,Pentecoste,23,Ceará,CE,2,Nordeste,37813,2162,0.49,1380,27.4,12719,2.97,485051,0.29,26581,458470,64939,88434,143051,162045
2310803,Pereiro,23,Ceará,CE,2,Nordeste,15274,-483,-0.26,436,35.04,5281,2.89,411785,0.25,53251,358534,32202,12854,245861,67617
2310852,Pindoretama,23,Ceará,CE,2,Nordeste,23345,5011,2.03,74,315.33,7999,2.92,253163,0.15,17792,235371,26198,17255,99339,92579
2310902,Piquet Carneiro,23,Ceará,CE,2,Nordeste,16616,1147,0.6,590,28.18,5737,2.9,151521,0.09,7279,144242,26889,4378,43318,69656
2310951,Pires Ferreira,23,Ceará,CE,2,Nordeste,10606,343,0.27,244,43.38,3261,3.25,79333,0.05,2701,76632,16702,2727,16620,40583
2311009,Poranga,23,Ceará,CE,2,Nordeste,12065,73,0.05,1311,9.2,4214,2.86,97302,0.06,4097,93205,8248,3520,29387,52049
2311108,Porteiras,23,Ceará,CE,2,Nordeste,17050,2002,1.05,225,75.82,5565,3.06,167375,0.1,6448,160927,49897,6863,40289,63878
2311207,Potengi,23,Ceará,CE,2,Nordeste,8833,-1440,-1.25,343,25.73,3133,2.82,103882,0.06,3447,100434,23639,4137,27182,45476
2311231,Potiretama,23,Ceará,CE,2,Nordeste,5974,-152,-0.21,409,14.6,2131,2.8,86445,0.05,3092,83353,29305,4803,18852,30392
2311264,Quiterianópolis,23,Ceará,CE,2,Nordeste,20213,292,0.12,1042,19.4,6944,2.91,171093,0.1,8376,162717,23200,5351,50471,83695
2311306,Quixadá,23,Ceará,CE,2,Nordeste,84165,3557,0.36,2021,41.65,28970,2.9,1057508,0.63,74912,982596,88956,74720,477879,341042
2311355,Quixelô,23,Ceará,CE,2,Nordeste,15910,-229,-0.12,605,26.28,5839,2.72,169266,0.1,7431,161835,46072,4651,42662,68450
2311405,Quixeramobim,23,Ceará,CE,2,Nordeste,82122,8962,0.97,3325,24.7,28594,2.87,1183703,0.71,94202,1089501,117292,235093,433527,303589
2311504,Quixeré,23,Ceará,CE,2,Nordeste,20874,473,0.19,613,34.05,7743,2.69,458224,0.27,47452,410772,103324,94987,114446,98015
2311603,Redenção,23,Ceará,CE,2,Nordeste,27214,-408,-0.12,248,109.74,9138,2.98,385206,0.23,22090,363116,86392,30725,128885,117115
2311702,Reriutaba,23,Ceará,CE,2,Nordeste,18606,-497,-0.22,373,49.89,6583,2.83,178464,0.11,9200,169265,22771,11610,59961,74922
2311801,Russas,23,Ceará,CE,2,Nordeste,72928,2520,0.29,1611,45.27,26409,2.76,1061071,0.64,99942,961129,116940,134608,408517,301064
2311900,Saboeiro,23,Ceará,CE,2,Nordeste,13854,-1938,-1.09,1381,10.03,4926,2.81,150823,0.09,4327,146496,38939,3887,33265,70404
2311959,Salitre,23,Ceará,CE,2,Nordeste,16633,1146,0.6,806,20.63,5367,3.09,146833,0.09,4558,142275,23088,4363,35248,79576
2312007,Santana do Acaraú,23,Ceará,CE,2,Nordeste,30628,656,0.18,973,31.49,9656,3.17,257454,0.15,9309,248146,40509,10020,68411,129207
2312106,Santana do Cariri,23,Ceará,CE,2,Nordeste,16954,-274,-0.13,855,19.83,5630,3.01,149440,0.09,4459,144981,24542,4602,34266,81571
2312205,Santa Quitéria,23,Ceará,CE,2,Nordeste,40183,-2580,-0.52,4262,9.43,13977,2.87,532018,0.32,30931,501088,92635,67874,162817,177761
2312304,São Benedito,23,Ceará,CE,2,Nordeste,47640,2765,0.5,351,135.79,15616,3.05,595448,0.36,32968,562480,146393,26799,207799,181489
2312403,São Gonçalo do Amarante,23,Ceará,CE,2,Nordeste,54021,10628,1.84,843,64.11,17902,3.01,4079248,2.44,637813,3441434,50137,2220163,864825,306310
2312502,São João do Jaguaribe,23,Ceará,CE,2,Nordeste,5855,-2045,-2.47,279,20.95,2371,2.47,103342,0.06,3272,100069,42058,2961,21742,33308
2312601,São Luís do Curu,23,Ceará,CE,2,Nordeste,10822,-1525,-1.09,123,88.08,3865,2.79,116904,0.07,5287,111616,13621,7864,35095,55036
2312700,Senador Pompeu,23,Ceará,CE,2,Nordeste,24266,-1084,-0.36,957,25.36,8958,2.71,314795,0.19,21562,293233,38653,39218,115208,100154
2312809,Senador Sá,23,Ceará,CE,2,Nordeste,7262,410,0.49,425,17.1,2426,2.99,59092,0.04,2553,56538,5725,1880,17407,31526
2312908,Sobral,23,Ceará,CE,2,Nordeste,203023,14346,0.61,2068,98.15,68018,2.96,4497227,2.69,482986,4014241,47655,916781,2179909,869896
2313005,Solonópole,23,Ceará,CE,2,Nordeste,18179,514,0.24,1536,11.84,6590,2.76,237857,0.14,13071,224786,47037,29864,68673,79212
2313104,Tabuleiro do Norte,23,Ceará,CE,2,Nordeste,30652,443,0.12,1048,29.26,11737,2.61,380369,0.23,29148,351221,46522,18081,169051,117568
2313203,Tamboril,23,Ceará,CE,2,Nordeste,24815,-1159,-0.38,2015,12.32,8624,2.88,261315,0.16,8715,252600,62540,8146,73085,108829
2313252,Tarrafas,23,Ceará,CE,2,Nordeste,7529,-1068,-1.1,413,18.24,2661,2.82,89211,0.05,2461,86750,23490,2841,19355,41064
2313302,Tauá,23,Ceará,CE,2,Nordeste,61223,5374,0.77,4011,15.27,21104,2.9,685435,0.41,47135,638300,88761,44048,283568,221922
2313351,Tejuçuoca,23,Ceará,CE,2,Nordeste,17154,18,0.01,759,22.61,5603,3.05,134794,0.08,4918,129875,11152,4514,33810,80400
2313401,Tianguá,23,Ceará,CE,2,Nordeste,81506,12423,1.39,910,89.58,25654,3.17,1617767,0.97,174885,1442882,340359,179388,605450,317685
2313500,Trairi,23,Ceará,CE,2,Nordeste,58415,6993,1.07,929,62.9,18908,3.09,832830,0.5,52838,779992,61080,284989,213593,220330
2313559,Tururu,23,Ceará,CE,2,Nordeste,15412,917,0.51,201,76.57,5077,3.04,122088,0.07,4163,117926,15297,4908,29677,68043
2313609,Ubajara,23,Ceará,CE,2,Nordeste,32767,980,0.25,424,77.34,10508,3.12,627477,0.38,41296,586181,166582,115088,163248,141262
2313708,Umari,23,Ceará,CE,2,Nordeste,6871,-674,-0.78,263,26.11,2406,2.85,64510,0.04,1867,62643,12274,2514,14320,33535
2313757,Umirim,23,Ceará,CE,2,Nordeste,17470,-1271,-0.58,316,55.35,5656,3.08,159839,0.1,8738,151100,24893,7338,38276,80593
2313807,Uruburetama,23,Ceará,CE,2,Nordeste,20189,486,0.2,99,203.11,6399,3.15,272191,0.16,12698,259493,52589,47999,62954,95951
2313906,Uruoca,23,Ceará,CE,2,Nordeste,13746,863,0.54,698,19.7,4664,2.95,193060,0.12,7447,185613,25601,47192,47275,65545
2313955,Varjota,23,Ceará,CE,2,Nordeste,18105,512,0.24,179,101.01,6118,2.96,358164,0.21,14663,343501,148880,16945,98126,79549
2314003,Várzea Alegre,23,Ceará,CE,2,Nordeste,38984,708,0.15,830,46.97,14046,2.77,433965,0.26,27544,406421,62720,27598,159239,156865
2314102,Viçosa do Ceará,23,Ceará,CE,2,Nordeste,59712,4757,0.69,1311,45.55,18273,3.27,507425,0.3,21335,486090,120226,16991,132405,216469
2400109,Acari,24,Rio Grande Do Norte,RN,2,Nordeste,10597,-438,-0.34,608,17.42,3810,2.77,131869,0.18,8471,123398,14381,8218,38779,62019
2400208,Açu,24,Rio Grande Do Norte,RN,2,Nordeste,56502,3275,0.5,1303,43.35,19231,2.93,1170082,1.63,86151,1083932,30350,266759,473438,313386
2400307,Afonso Bezerra,24,Rio Grande Do Norte,RN,2,Nordeste,10839,-5,0,576,18.81,3368,3.21,138846,0.19,4204,134642,10401,29606,26541,68094
2400406,Água Nova,24,Rio Grande Do Norte,RN,2,Nordeste,2946,-34,-0.1,51,58.12,991,2.97,33692,0.05,1365,32327,1123,835,9094,21275
2400505,Alexandria,24,Rio Grande Do Norte,RN,2,Nordeste,13640,133,0.08,381,35.78,4841,2.81,156932,0.22,9708,147224,5682,2583,62761,76198
2400604,Almino Afonso,24,Rio Grande Do Norte,RN,2,Nordeste,4687,-184,-0.32,128,36.61,1662,2.82,47364,0.07,1922,45442,2471,4333,12580,26058
2400703,Alto do Rodrigues,24,Rio Grande Do Norte,RN,2,Nordeste,12484,179,0.12,191,65.25,4210,2.96,535734,0.75,34419,501314,22321,273188,110028,95778
2400802,Angicos,24,Rio Grande Do Norte,RN,2,Nordeste,11632,83,0.06,742,15.69,3949,2.94,180097,0.25,15865,164232,5650,8394,80504,69684
2400901,Antônio Martins,24,Rio Grande Do Norte,RN,2,Nordeste,6577,-330,-0.41,245,26.86,2372,2.77,62354,0.09,2521,59833,2730,2914,14897,39293
2401008,Apodi,24,Rio Grande Do Norte,RN,2,Nordeste,36094,1331,0.31,1602,22.52,12898,2.79,546394,0.76,38871,507523,61414,63960,192790,189359
2401107,Areia Branca,24,Rio Grande Do Norte,RN,2,Nordeste,24093,-1222,-0.41,343,70.29,8177,2.94,709491,0.99,71004,638487,18466,212688,239755,167579
2401206,Arês,24,Rio Grande Do Norte,RN,2,Nordeste,13251,327,0.21,115,114.82,4260,3.1,419804,0.59,36485,383319,102894,114353,77235,88838
2401305,Campo Grande,24,Rio Grande Do Norte,RN,2,Nordeste,9743,454,0.4,891,10.94,3237,3.01,102778,0.14,5126,97652,9871,4486,29948,53347
2401404,Baía Formosa,24,Rio Grande Do Norte,RN,2,Nordeste,8824,251,0.24,247,35.65,2779,3.17,277636,0.39,24080,253556,73531,65782,60222,54020
2401453,Baraúna,24,Rio Grande Do Norte,RN,2,Nordeste,26894,2712,0.89,826,32.57,8863,3.03,703243,0.98,79001,624242,87246,179045,193628,164324
2401503,Barcelona,24,Rio Grande Do Norte,RN,2,Nordeste,3986,36,0.08,153,26.12,1388,2.87,43103,0.06,1358,41745,2026,1517,10194,28007
2401602,Bento Fernandes,24,Rio Grande Do Norte,RN,2,Nordeste,4807,-306,-0.51,301,15.97,1553,3.06,53988,0.08,1343,52646,4677,1259,10060,36650
2401651,Bodó,24,Rio Grande Do Norte,RN,2,Nordeste,2306,-119,-0.42,254,9.1,765,3.01,262279,0.37,1949,260330,5252,222897,8706,23474
2401701,Bom Jesus,24,Rio Grande Do Norte,RN,2,Nordeste,9952,512,0.44,122,81.55,3455,2.87,98925,0.14,6079,92845,6569,3911,29235,53131
2401800,Brejinho,24,Rio Grande Do Norte,RN,2,Nordeste,12202,625,0.44,62,198.22,4197,2.9,136018,0.19,9577,126441,5920,5810,43505,71205
2401859,Caiçara do Norte,24,Rio Grande Do Norte,RN,2,Nordeste,6293,-2,0,226,27.89,1976,3.18,91647,0.13,7497,84150,16023,4372,24742,39013
2401909,Caiçara do Rio do Vento,24,Rio Grande Do Norte,RN,2,Nordeste,3268,-40,-0.1,261,12.51,1050,3.11,45981,0.06,2717,43264,2311,1399,13464,26090
2402006,Caicó,24,Rio Grande Do Norte,RN,2,Nordeste,61146,-1563,-0.21,1229,49.77,22067,2.75,1290562,1.8,155534,1135028,39280,80535,638049,377164
2402105,Campo Redondo,24,Rio Grande Do Norte,RN,2,Nordeste,10215,-51,-0.04,214,47.79,3467,2.94,98365,0.14,2843,95522,3920,2758,21113,67732
2402204,Canguaretama,24,Rio Grande Do Norte,RN,2,Nordeste,29668,-1248,-0.34,245,120.85,9169,3.23,597022,0.83,34663,562358,214288,15879,137267,194924
2402303,Caraúbas,24,Rio Grande Do Norte,RN,2,Nordeste,19577,1,0,1096,17.87,6990,2.79,323386,0.45,19872,303514,22351,58855,105732,116576
2402402,Carnaúba dos Dantas,24,Rio Grande Do Norte,RN,2,Nordeste,7990,561,0.61,246,32.44,2800,2.85,110611,0.15,9081,101530,2998,13065,38204,47262
2402501,Carnaubais,24,Rio Grande Do Norte,RN,2,Nordeste,9714,219,0.19,518,18.76,3234,2.99,161102,0.23,5630,155472,13997,35997,38931,66547
2402600,Ceará-Mirim,24,Rio Grande Do Norte,RN,2,Nordeste,79115,10974,1.25,725,109.15,24896,3.13,954188,1.33,87956,866232,57144,51097,355482,402510
2402709,Cerro Corá,24,Rio Grande Do Norte,RN,2,Nordeste,11000,84,0.06,394,27.95,3684,2.98,124128,0.17,8589,115538,19462,5865,29611,60600
2402808,Coronel Ezequiel,24,Rio Grande Do Norte,RN,2,Nordeste,5117,-288,-0.46,186,27.55,1883,2.72,49979,0.07,1522,48457,4870,1433,9998,32156
2402907,Coronel João Pessoa,24,Rio Grande Do Norte,RN,2,Nordeste,4237,-535,-0.99,117,36.17,1439,2.94,44552,0.06,1083,43470,1991,979,9350,31150
2403004,Cruzeta,24,Rio Grande Do Norte,RN,2,Nordeste,8005,38,0.04,296,27.06,2936,2.71,113424,0.16,8434,104990,14249,9702,35267,45772
2403103,Currais Novos,24,Rio Grande Do Norte,RN,2,Nordeste,41318,-1334,-0.26,864,47.8,14620,2.82,748590,1.05,75691,672900,17366,85213,335441,234880
2403202,Doutor Severiano,24,Rio Grande Do Norte,RN,2,Nordeste,7044,88,0.1,114,61.93,2407,2.92,72232,0.1,3331,68900,5029,1378,18960,43534
2403251,Parnamirim,24,Rio Grande Do Norte,RN,2,Nordeste,252716,50260,1.87,124,2037.93,90152,2.8,5878948,8.21,946498,4932450,64788,632023,2800399,1435240
2403301,Encanto,24,Rio Grande Do Norte,RN,2,Nordeste,6016,785,1.17,126,47.84,2015,2.98,54953,0.08,1865,53088,2744,1864,13830,34650
2403400,Equador,24,Rio Grande Do Norte,RN,2,Nordeste,5360,-462,-0.69,265,20.23,1960,2.73,70057,0.1,4641,65416,2386,8465,19028,35537
2403509,Espírito Santo,24,Rio Grande Do Norte,RN,2,Nordeste,10611,136,0.11,136,78.12,3555,2.98,90089,0.13,3564,86525,6103,2680,21471,56273
2403608,Extremoz,24,Rio Grande Do Norte,RN,2,Nordeste,61571,37002,7.96,141,437.79,20448,3.01,544494,0.76,56596,487897,16168,62920,228962,179847
2403707,Felipe Guerra,24,Rio Grande Do Norte,RN,2,Nordeste,5940,206,0.29,269,22.12,2063,2.87,99919,0.14,2922,96997,5497,23609,27445,40447
2403756,Fernando Pedroza,24,Rio Grande Do Norte,RN,2,Nordeste,2938,84,0.24,323,9.11,1053,2.79,36802,0.05,1113,35688,1059,1745,9577,23307
2403806,Florânia,24,Rio Grande Do Norte,RN,2,Nordeste,10196,483,0.41,508,20.08,3398,3,109468,0.15,6302,103167,13038,6320,30227,53582
2403905,Francisco Dantas,24,Rio Grande Do Norte,RN,2,Nordeste,2700,-174,-0.52,182,14.87,987,2.73,30371,0.04,716,29655,2689,1078,6500,19388
2404002,Frutuoso Gomes,24,Rio Grande Do Norte,RN,2,Nordeste,4122,-111,-0.22,63,65.14,1529,2.69,41785,0.06,2213,39573,2025,2344,12413,22790
2404101,Galinhos,24,Rio Grande Do Norte,RN,2,Nordeste,2104,-55,-0.21,341,6.17,624,3.37,87817,0.12,6624,81193,26114,15334,15455,24290
2404200,Goianinha,24,Rio Grande Do Norte,RN,2,Nordeste,26741,4260,1.46,192,139.07,8322,3.21,512315,0.72,47004,465311,44647,61425,194510,164729
2404309,Governador Dix-Sept Rosado,24,Rio Grande Do Norte,RN,2,Nordeste,11938,-436,-0.3,1130,10.57,4062,2.94,237139,0.33,13157,223982,33287,58226,53623,78845
2404408,Grossos,24,Rio Grande Do Norte,RN,2,Nordeste,9924,531,0.46,125,79.69,3385,2.92,142659,0.2,10835,131823,4265,23449,41942,62168
2404507,Guamaré,24,Rio Grande Do Norte,RN,2,Nordeste,15295,2891,1.76,258,59.21,4911,3.11,1741592,2.43,74008,1667583,36420,1168281,277734,185148
2404606,Ielmo Marinho,24,Rio Grande Do Norte,RN,2,Nordeste,11615,-556,-0.39,312,37.22,3873,3,127422,0.18,4468,122954,15571,2573,23934,80876
2404705,Ipanguaçu,24,Rio Grande Do Norte,RN,2,Nordeste,14131,275,0.16,374,37.76,4471,3.15,167440,0.23,8666,158774,31188,5333,38797,83456
2404804,Ipueira,24,Rio Grande Do Norte,RN,2,Nordeste,2035,-42,-0.17,127,15.98,777,2.62,30015,0.04,993,29022,3337,920,6831,17934
2404853,Itajá,24,Rio Grande Do Norte,RN,2,Nordeste,7292,360,0.42,204,35.81,2398,3.04,81015,0.11,5660,75355,2799,5811,25321,41423
2404903,Itaú,24,Rio Grande Do Norte,RN,2,Nordeste,5320,-244,-0.37,133,39.99,1900,2.8,72902,0.1,4307,68594,8006,2615,22758,35216
2405009,Jaçanã,24,Rio Grande Do Norte,RN,2,Nordeste,7834,-91,-0.1,55,143.58,2752,2.85,77674,0.11,2801,74873,5502,2792,17519,49060
2405108,Jandaíra,24,Rio Grande Do Norte,RN,2,Nordeste,6562,-23,-0.03,443,14.82,2092,3.14,74530,0.1,4909,69621,4815,2657,18483,43667
2405207,Janduís,24,Rio Grande Do Norte,RN,2,Nordeste,4746,-599,-0.99,303,15.64,1541,3.07,86623,0.12,2907,83716,4058,29219,16355,34083
2405306,Januário Cicco,24,Rio Grande Do Norte,RN,2,Nordeste,9051,-11,-0.01,171,53.01,3066,2.95,82918,0.12,4066,78852,5283,3031,17500,53039
2405405,Japi,24,Rio Grande Do Norte,RN,2,Nordeste,5117,-405,-0.63,189,27.08,1776,2.88,46564,0.07,1240,45324,1820,1575,10623,31305
2405504,Jardim de Angicos,24,Rio Grande Do Norte,RN,2,Nordeste,2437,-170,-0.56,254,9.59,795,3.05,56197,0.08,2059,54139,2209,25093,5772,21065
2405603,Jardim de Piranhas,24,Rio Grande Do Norte,RN,2,Nordeste,13977,471,0.29,331,42.29,4962,2.82,183998,0.26,12341,171656,14072,15474,58904,83206
2405702,Jardim do Seridó,24,Rio Grande Do Norte,RN,2,Nordeste,11655,-458,-0.32,368,31.7,4467,2.6,188060,0.26,15640,172420,11550,29131,65599,66140
2405801,João Câmara,24,Rio Grande Do Norte,RN,2,Nordeste,33290,1063,0.27,715,46.56,10870,3.05,1090436,1.52,66696,1023740,19740,551532,235368,217100
2405900,João Dias,24,Rio Grande Do Norte,RN,2,Nordeste,2076,-525,-1.86,88,23.54,754,2.75,26178,0.04,1351,24826,1403,441,5333,17649
2406007,José da Penha,24,Rio Grande Do Norte,RN,2,Nordeste,5803,-65,-0.09,118,49.33,2142,2.7,61575,0.09,2678,58897,4230,1816,16611,36240
2406106,Jucurutu,24,Rio Grande Do Norte,RN,2,Nordeste,17793,101,0.05,934,19.06,6346,2.8,339248,0.47,27705,311543,29412,92775,85368,103989
2406155,Jundiá,24,Rio Grande Do Norte,RN,2,Nordeste,3747,165,0.38,45,83.94,1247,3,39010,0.05,771,38239,3395,1598,7021,26226
2406205,Lagoa d'Anta,24,Rio Grande Do Norte,RN,2,Nordeste,6654,427,0.55,106,62.98,2195,3.03,68904,0.1,3185,65719,3830,2061,19063,40765
2406304,Lagoa de Pedras,24,Rio Grande Do Norte,RN,2,Nordeste,7338,349,0.41,118,62.2,2575,2.85,75019,0.1,2418,72601,9366,3362,15601,44272
2406403,Lagoa de Velhos,24,Rio Grande Do Norte,RN,2,Nordeste,2567,-101,-0.32,112,23,869,2.93,36710,0.05,894,35815,2243,7040,6685,19846
2406502,Lagoa Nova,24,Rio Grande Do Norte,RN,2,Nordeste,15573,1590,0.9,176,88.33,5106,3.05,245818,0.34,25364,220455,15407,69871,42125,93051
2406601,Lagoa Salgada,24,Rio Grande Do Norte,RN,2,Nordeste,8319,755,0.8,79,105.13,2825,2.94,88216,0.12,3570,84646,4546,2849,24001,53251
2406700,Lajes,24,Rio Grande Do Norte,RN,2,Nordeste,9866,-515,-0.42,677,14.58,3211,3.07,139380,0.19,11101,128279,3272,6307,52996,65704
2406809,Lajes Pintadas,24,Rio Grande Do Norte,RN,2,Nordeste,4787,175,0.31,130,36.76,1708,2.8,49433,0.07,1376,48057,2481,2267,11265,32043
2406908,Lucrécia,24,Rio Grande Do Norte,RN,2,Nordeste,3490,-143,-0.33,31,112.83,1200,2.91,53140,0.07,2765,50374,2215,10497,13427,24235
2407005,Luís Gomes,24,Rio Grande Do Norte,RN,2,Nordeste,9070,-540,-0.48,167,54.43,3002,3.02,84727,0.12,3032,81694,1909,2185,20757,56843
2407104,Macaíba,24,Rio Grande Do Norte,RN,2,Nordeste,82212,13039,1.45,510,161.17,28172,2.91,1679328,2.35,240745,1438584,33165,403550,587543,414326
2407203,Macau,24,Rio Grande Do Norte,RN,2,Nordeste,27369,-1585,-0.47,775,35.3,9656,2.83,728480,1.02,36247,692233,43865,227762,237960,182647
2407252,Major Sales,24,Rio Grande Do Norte,RN,2,Nordeste,3924,388,0.87,32,122.74,1345,2.92,43355,0.06,1789,41567,1985,706,11909,26967
2407302,Marcelino Vieira,24,Rio Grande Do Norte,RN,2,Nordeste,7896,-369,-0.38,346,22.84,2729,2.89,77810,0.11,2787,75023,7252,2200,19677,45894
2407401,Martins,24,Rio Grande Do Norte,RN,2,Nordeste,8179,-39,-0.04,169,48.26,2961,2.76,98260,0.14,7756,90504,1657,3897,37426,47524
2407500,Maxaranguape,24,Rio Grande Do Norte,RN,2,Nordeste,10255,-186,-0.15,132,77.61,3208,3.19,133465,0.19,5818,127647,17194,6351,30634,73469
2407609,Messias Targino,24,Rio Grande Do Norte,RN,2,Nordeste,4274,86,0.17,143,29.97,1432,2.98,55756,0.08,4267,51489,3016,2097,19266,27110
2407708,Montanhas,24,Rio Grande Do Norte,RN,2,Nordeste,11444,31,0.02,82,139.2,3771,3.03,122406,0.17,10264,112142,4538,4053,38547,65004
2407807,Monte Alegre,24,Rio Grande Do Norte,RN,2,Nordeste,23031,2268,0.87,211,109.02,7736,2.98,247405,0.35,14397,233008,13090,21275,70075,128568
2407906,Monte das Gameleiras,24,Rio Grande Do Norte,RN,2,Nordeste,2276,15,0.06,72,31.63,796,2.86,28497,0.04,706,27790,2236,809,6367,18378
2408003,Mossoró,24,Rio Grande Do Norte,RN,2,Nordeste,264577,4762,0.15,2099,126.03,92467,2.85,7166406,10.01,942320,6224086,225829,1077024,3371124,1550109
2408102,Natal,24,Rio Grande Do Norte,RN,2,Nordeste,751300,-52439,-0.56,167,4488.03,270045,2.77,22729773,31.76,3097638,19632134,19152,2661265,12231810,4719908
2408201,Nísia Floresta,24,Rio Grande Do Norte,RN,2,Nordeste,31942,8158,2.49,308,103.8,9842,2.99,440622,0.62,20369,420253,123835,22921,108114,165383
2408300,Nova Cruz,24,Rio Grande Do Norte,RN,2,Nordeste,34269,-1221,-0.29,278,123.42,11514,2.96,527801,0.74,60847,466954,19875,30659,210612,205808
2408409,Olho d'Água do Borges,24,Rio Grande Do Norte,RN,2,Nordeste,3907,-388,-0.79,141,27.68,1399,2.79,50334,0.07,1509,48825,3819,7534,10899,26573
2408508,Ouro Branco,24,Rio Grande Do Norte,RN,2,Nordeste,4913,214,0.37,253,19.4,1770,2.77,54515,0.08,2771,51744,5901,3323,14276,28243
2408607,Paraná,24,Rio Grande Do Norte,RN,2,Nordeste,3934,-18,-0.04,81,48.34,1295,3.04,39911,0.06,1124,38787,2676,628,8919,26565
2408706,Paraú,24,Rio Grande Do Norte,RN,2,Nordeste,3587,-272,-0.61,383,9.36,1228,2.92,50955,0.07,2648,48308,7843,2319,12690,25456
2408805,Parazinho,24,Rio Grande Do Norte,RN,2,Nordeste,4801,19,0.03,231,20.78,1492,3.21,400915,0.56,9741,391174,5313,330368,19108,36386
2408904,Parelhas,24,Rio Grande Do Norte,RN,2,Nordeste,21499,1145,0.46,514,41.87,7754,2.76,341758,0.48,27403,314355,9594,58683,127484,118594
2408953,Rio do Fogo,24,Rio Grande Do Norte,RN,2,Nordeste,10351,292,0.24,151,68.51,3128,3.29,173116,0.24,5616,167500,32784,32172,33006,69539
2409100,Passa e Fica,24,Rio Grande Do Norte,RN,2,Nordeste,10896,-204,-0.15,42,258.59,3791,2.86,135219,0.19,8938,126281,4817,6101,40757,74606
2409209,Passagem,24,Rio Grande Do Norte,RN,2,Nordeste,3115,220,0.61,41,75.58,1077,2.89,37184,0.05,909,36275,2846,1367,8141,23921
2409308,Patu,24,Rio Grande Do Norte,RN,2,Nordeste,11009,-955,-0.69,319,34.5,4030,2.73,160195,0.22,13578,146617,5496,6833,67512,66776
2409332,Santa Maria,24,Rio Grande Do Norte,RN,2,Nordeste,4847,85,0.15,220,22.07,1630,2.97,67614,0.09,5412,62202,3512,2007,25763,30920
2409407,Pau dos Ferros,24,Rio Grande Do Norte,RN,2,Nordeste,30479,2734,0.79,260,117.25,10776,2.8,626150,0.87,77604,548546,8433,27564,347686,164863
2409506,Pedra Grande,24,Rio Grande Do Norte,RN,2,Nordeste,3618,97,0.23,221,16.36,1093,3.29,399634,0.56,40832,358801,6962,266764,52519,32555
2409605,Pedra Preta,24,Rio Grande Do Norte,RN,2,Nordeste,2441,-149,-0.49,295,8.27,780,3.12,31067,0.04,887,30180,3473,653,5977,20077
2409704,Pedro Avelino,24,Rio Grande Do Norte,RN,2,Nordeste,6242,-929,-1.15,953,6.55,2064,3.02,69755,0.1,2915,66840,3699,2170,16966,44006
2409803,Pedro Velho,24,Rio Grande Do Norte,RN,2,Nordeste,13824,-290,-0.17,193,71.74,4496,3.07,163473,0.23,6821,156651,16402,5982,40979,93288
2409902,Pendências,24,Rio Grande Do Norte,RN,2,Nordeste,12278,-1154,-0.75,419,29.29,4206,2.92,475778,0.66,27164,448614,143477,130796,80195,94146
2410009,Pilões,24,Rio Grande Do Norte,RN,2,Nordeste,2965,-488,-1.26,83,35.86,1045,2.83,41515,0.06,2259,39256,1601,1074,12272,24308
2410108,Poço Branco,24,Rio Grande Do Norte,RN,2,Nordeste,12390,-1559,-0.98,230,53.78,3841,3.22,131616,0.18,3344,128272,12594,6336,23627,85715
2410207,Portalegre,24,Rio Grande Do Norte,RN,2,Nordeste,7601,281,0.31,110,69.07,2689,2.83,70571,0.1,2960,67611,2182,5709,18025,41695
2410256,Porto do Mangue,24,Rio Grande Do Norte,RN,2,Nordeste,5228,-256,-0.4,361,14.47,1737,3,120920,0.17,4493,116427,8299,38297,27216,42615
2410306,Serra Caiada,24,Rio Grande Do Norte,RN,2,Nordeste,10125,1165,1.02,218,46.54,3209,3.15,100540,0.14,5471,95069,6475,6725,23019,58850
2410405,Pureza,24,Rio Grande Do Norte,RN,2,Nordeste,9362,938,0.88,504,18.56,3027,3.09,138742,0.19,5168,133573,48573,3663,22764,58574
2410504,Rafael Fernandes,24,Rio Grande Do Norte,RN,2,Nordeste,5432,740,1.23,78,69.44,1879,2.89,53066,0.07,2496,50570,4942,1790,15316,28522
2410603,Rafael Godeiro,24,Rio Grande Do Norte,RN,2,Nordeste,2934,-129,-0.36,100,29.32,1070,2.74,39050,0.05,1240,37810,3172,3070,8844,22724
2410702,Riacho da Cruz,24,Rio Grande Do Norte,RN,2,Nordeste,2701,-464,-1.31,127,21.23,932,2.9,35807,0.05,1106,34701,1899,1548,7605,23649
2410801,Riacho de Santana,24,Rio Grande Do Norte,RN,2,Nordeste,4127,-29,-0.06,128,32.22,1439,2.87,41119,0.06,984,40136,2277,928,9144,27786
2410900,Riachuelo,24,Rio Grande Do Norte,RN,2,Nordeste,7389,322,0.37,263,28.11,2345,3.14,89613,0.13,8712,80901,2743,3547,27891,46720
2411007,Rodolfo Fernandes,24,Rio Grande Do Norte,RN,2,Nordeste,4242,-176,-0.34,155,27.4,1518,2.79,52538,0.07,2194,50344,4972,1831,14184,29358
2411056,Tibau,24,Rio Grande Do Norte,RN,2,Nordeste,5382,1695,3.2,169,31.78,1843,2.89,109299,0.15,7132,102167,26979,6340,37423,31426
2411106,Ruy Barbosa,24,Rio Grande Do Norte,RN,2,Nordeste,3206,-389,-0.95,126,25.48,1090,2.93,39772,0.06,1352,38421,2439,1096,8143,26743
2411205,Santa Cruz,24,Rio Grande Do Norte,RN,2,Nordeste,37313,1516,0.35,624,59.76,12786,2.92,583655,0.82,53163,530492,19761,31503,264727,214501
2411403,Santana do Matos,24,Rio Grande Do Norte,RN,2,Nordeste,12456,-828,-0.53,1422,8.76,4476,2.78,145553,0.2,9282,136271,16736,4931,42828,71776
2411429,Santana do Seridó,24,Rio Grande Do Norte,RN,2,Nordeste,2696,170,0.54,188,14.31,921,2.92,34965,0.05,1746,33219,2389,3883,8096,18851
2411502,Santo Antônio,24,Rio Grande Do Norte,RN,2,Nordeste,22177,-39,-0.01,301,73.66,7694,2.88,291795,0.41,22598,269197,17916,10485,104676,136120
2411601,São Bento do Norte,24,Rio Grande Do Norte,RN,2,Nordeste,3304,329,0.88,289,11.44,1046,3.14,417279,0.58,39469,377810,13403,318404,21479,24524
2411700,São Bento do Trairí,24,Rio Grande Do Norte,RN,2,Nordeste,3792,-113,-0.24,191,19.87,1295,2.93,44511,0.06,985,43526,3781,1415,8156,30174
2411809,São Fernando,24,Rio Grande Do Norte,RN,2,Nordeste,3492,91,0.22,404,8.63,1242,2.81,55347,0.08,2183,53164,9746,6936,11253,25229
2411908,São Francisco do Oeste,24,Rio Grande Do Norte,RN,2,Nordeste,4161,287,0.6,76,55.05,1480,2.81,50661,0.07,2455,48206,2157,3185,14550,28313
2412005,São Gonçalo do Amarante,24,Rio Grande Do Norte,RN,2,Nordeste,115838,27876,2.32,250,463.72,39827,2.9,1729781,2.42,191812,1537970,46435,161682,780437,549416
2412104,São João do Sabugi,24,Rio Grande Do Norte,RN,2,Nordeste,5956,34,0.05,277,21.5,2256,2.64,77812,0.11,3740,74072,16081,2777,19310,35903
2412203,São José de Mipibu,24,Rio Grande Do Norte,RN,2,Nordeste,47286,7588,1.47,290,163.06,15663,3.01,922985,1.29,140033,782952,56363,131858,352419,242313
2412302,São José do Campestre,24,Rio Grande Do Norte,RN,2,Nordeste,11121,-1235,-0.87,341,32.6,3718,2.99,116273,0.16,4468,111806,6875,4394,28882,71655
2412401,São José do Seridó,24,Rio Grande Do Norte,RN,2,Nordeste,4558,327,0.62,175,26.12,1546,2.94,78863,0.11,6308,72555,10472,11266,22133,28683
2412500,São Miguel,24,Rio Grande Do Norte,RN,2,Nordeste,23537,1844,0.68,166,141.59,8266,2.85,276330,0.39,25065,251265,7710,6968,111292,125295
2412559,São Miguel do Gostoso,24,Rio Grande Do Norte,RN,2,Nordeste,10221,934,0.8,431,23.69,3210,3.18,401241,0.56,24853,376388,14649,233997,62513,65230
2412609,São Paulo do Potengi,24,Rio Grande Do Norte,RN,2,Nordeste,16786,943,0.48,240,69.82,5875,2.85,220311,0.31,14554,205757,8073,17167,81664,98853
2412708,São Pedro,24,Rio Grande Do Norte,RN,2,Nordeste,5776,-459,-0.64,195,29.58,1925,2.99,52638,0.07,1472,51166,4128,2005,11453,33581
2412807,São Rafael,24,Rio Grande Do Norte,RN,2,Nordeste,7711,-400,-0.42,469,16.44,2734,2.82,85016,0.12,2829,82187,12133,3055,20472,46528
2412906,São Tomé,24,Rio Grande Do Norte,RN,2,Nordeste,9972,-855,-0.68,863,11.56,3523,2.82,105872,0.15,4952,100919,4627,3954,26228,66110
2413003,São Vicente,24,Rio Grande Do Norte,RN,2,Nordeste,6310,282,0.38,198,31.9,2220,2.84,71287,0.1,3457,67830,6015,4981,17345,39489
2413102,Senador Elói de Souza,24,Rio Grande Do Norte,RN,2,Nordeste,5965,412,0.6,152,39.15,2039,2.92,54050,0.08,2034,52016,3240,2374,11791,34611
2413201,Senador Georgino Avelino,24,Rio Grande Do Norte,RN,2,Nordeste,4065,141,0.29,26,155.75,1251,3.24,116850,0.16,3481,113369,70285,1563,10230,31292
2413300,Serra de São Bento,24,Rio Grande Do Norte,RN,2,Nordeste,5703,-40,-0.06,97,59.02,1929,2.94,51192,0.07,2218,48974,2346,1890,14146,30592
2413359,Serra do Mel,24,Rio Grande Do Norte,RN,2,Nordeste,13091,2804,2.03,620,21.11,4239,3.08,613761,0.86,58505,555257,60847,336885,81810,75714
2413409,Serra Negra do Norte,24,Rio Grande Do Norte,RN,2,Nordeste,7597,-173,-0.19,562,13.51,2592,2.93,98771,0.14,5272,93498,14918,3930,30682,43968
2413508,Serrinha,24,Rio Grande Do Norte,RN,2,Nordeste,6436,-145,-0.19,193,33.29,2245,2.86,66695,0.09,1922,64774,7353,1901,14438,41081
2413557,Serrinha dos Pintos,24,Rio Grande Do Norte,RN,2,Nordeste,4659,119,0.22,122,38.07,1681,2.77,46618,0.07,1987,44630,1847,2444,11711,28628
2413607,Severiano Melo,24,Rio Grande Do Norte,RN,2,Nordeste,5487,-265,-0.39,158,34.76,1983,2.76,59067,0.08,4435,54632,5921,4630,21760,22321
2413706,Sítio Novo,24,Rio Grande Do Norte,RN,2,Nordeste,4654,-366,-0.63,213,21.8,1673,2.78,48409,0.07,1601,46808,2820,1294,10285,32409
2413805,Taboleiro Grande,24,Rio Grande Do Norte,RN,2,Nordeste,2338,21,0.08,124,18.84,824,2.84,30047,0.04,916,29131,1493,1382,7136,19120
2413904,Taipu,24,Rio Grande Do Norte,RN,2,Nordeste,11422,-414,-0.3,353,32.37,3643,3.13,136236,0.19,6215,130021,27215,10386,24207,68213
2414001,Tangará,24,Rio Grande Do Norte,RN,2,Nordeste,13281,-735,-0.45,339,39.12,4485,2.95,194160,0.27,17419,176741,5666,20439,64850,85786
2414100,Tenente Ananias,24,Rio Grande Do Norte,RN,2,Nordeste,10262,379,0.31,224,45.88,3396,3.02,107348,0.15,5539,101808,4513,4112,32733,60451
2414159,Tenente Laurentino Cruz,24,Rio Grande Do Norte,RN,2,Nordeste,5891,714,1.08,69,85.93,1977,2.98,102868,0.14,5225,97642,12141,21275,23099,41127
2414209,Tibau do Sul,24,Rio Grande Do Norte,RN,2,Nordeste,16929,5544,3.36,103,164.87,5985,2.83,391996,0.55,22820,369176,59008,43454,174076,92638
2414308,Timbaúba dos Batistas,24,Rio Grande Do Norte,RN,2,Nordeste,2348,53,0.19,135,17.33,844,2.78,34557,0.05,1121,33436,5861,1144,7503,18929
2414407,Touros,24,Rio Grande Do Norte,RN,2,Nordeste,33035,2563,0.68,754,43.82,10430,3.17,609979,0.85,36335,573644,105040,121932,149437,197235
2414456,Triunfo Potiguar,24,Rio Grande Do Norte,RN,2,Nordeste,3358,-10,-0.02,269,12.5,1125,2.96,38411,0.05,1256,37155,3286,1318,8879,23671
2414506,Umarizal,24,Rio Grande Do Norte,RN,2,Nordeste,10078,-581,-0.47,214,47.19,3696,2.73,141215,0.2,10707,130508,5908,4905,59593,60102
2414605,Upanema,24,Rio Grande Do Norte,RN,2,Nordeste,13572,580,0.36,873,15.54,4676,2.9,179311,0.25,9468,169843,12538,24243,47698,85364
2414704,Várzea,24,Rio Grande Do Norte,RN,2,Nordeste,5233,-3,0,73,72,1810,2.89,55570,0.08,1822,53747,3259,1852,14754,33883
2414753,Venha-Ver,24,Rio Grande Do Norte,RN,2,Nordeste,3014,-807,-1.96,72,42.08,1017,2.96,40801,0.06,1032,39769,2070,898,8065,28736
2414803,Vera Cruz,24,Rio Grande Do Norte,RN,2,Nordeste,10676,-43,-0.03,84,126.9,3535,3.01,122330,0.17,6180,116150,8237,6299,32558,69055
2414902,Viçosa,24,Rio Grande Do Norte,RN,2,Nordeste,1822,204,0.99,38,48.07,636,2.86,21254,0.03,739,20515,768,738,5355,13654
2415008,Vila Flor,24,Rio Grande Do Norte,RN,2,Nordeste,3174,302,0.84,48,66.6,987,3.21,44376,0.06,1485,42891,8526,1704,9175,23486
2500106,Água Branca,25,Paraíba,PB,2,Nordeste,9335,-114,-0.1,242,38.63,3267,2.86,86455,0.12,3414,83042,6340,3690,19014,53998
2500205,Aguiar,25,Paraíba,PB,2,Nordeste,5003,-601,-0.94,352,14.23,1836,2.72,55770,0.08,3179,52591,5271,5077,11540,30704
2500304,Alagoa Grande,25,Paraíba,PB,2,Nordeste,26062,-2348,-0.72,322,80.92,8782,2.96,281094,0.4,14851,266243,33389,13381,78229,141245
2500403,Alagoa Nova,25,Paraíba,PB,2,Nordeste,21013,1157,0.47,128,163.87,6993,3,331587,0.47,13278,318310,113193,44231,60012,100873
2500502,Alagoinha,25,Paraíba,PB,2,Nordeste,13725,98,0.06,111,123.25,4425,3.1,122705,0.17,4149,118556,12329,4257,27514,74456
2500536,Alcantil,25,Paraíba,PB,2,Nordeste,5578,339,0.52,310,18,1999,2.79,47921,0.07,1349,46572,5498,1952,8824,30297
2500577,Algodão de Jandaíra,25,Paraíba,PB,2,Nordeste,2953,524,1.64,223,13.26,968,3.03,26070,0.04,567,25503,1864,864,4903,17871
2500601,Alhandra,25,Paraíba,PB,2,Nordeste,21713,3658,1.55,184,118.02,7136,3.03,2198123,3.13,485452,1712670,27364,168369,1396779,120158
2500700,São João do Rio do Peixe,25,Paraíba,PB,2,Nordeste,17964,218,0.1,476,37.72,6317,2.83,210261,0.3,17458,192803,16494,10901,68999,96409
2500734,Amparo,25,Paraíba,PB,2,Nordeste,2234,149,0.58,122,18.3,792,2.82,27724,0.04,1023,26701,2064,1512,6154,16971
2500775,Aparecida,25,Paraíba,PB,2,Nordeste,7960,340,0.36,291,27.31,2693,2.95,89615,0.13,6860,82755,8115,5752,26224,42665
2500809,Araçagi,25,Paraíba,PB,2,Nordeste,16646,-553,-0.27,232,71.7,5694,2.92,170060,0.24,6533,163527,32018,8461,36384,86665
2500908,Arara,25,Paraíba,PB,2,Nordeste,12212,-401,-0.27,91,133.75,4333,2.82,107803,0.15,5929,101874,5054,3942,28924,63953
2501005,Araruna,25,Paraíba,PB,2,Nordeste,17189,-1494,-0.69,247,69.67,5768,2.97,185541,0.26,9495,176046,12141,8662,49489,105754
2501104,Areia,25,Paraíba,PB,2,Nordeste,22633,-1109,-0.4,269,84.1,7361,3.07,243659,0.35,16389,227270,29835,17149,69744,110541
2501153,Areia de Baraúnas,25,Paraíba,PB,2,Nordeste,2005,-178,-0.71,114,17.58,673,2.98,22128,0.03,1047,21082,982,893,3735,15472
2501203,Areial,25,Paraíba,PB,2,Nordeste,7128,504,0.61,36,199.05,2469,2.89,60449,0.09,2790,57660,3427,1787,14439,38007
2501302,Aroeiras,25,Paraíba,PB,2,Nordeste,18705,-377,-0.17,376,49.73,6588,2.83,150760,0.21,7036,143723,9735,5350,35910,92728
2501351,Assunção,25,Paraíba,PB,2,Nordeste,4152,558,1.21,132,31.42,1395,2.97,42965,0.06,2252,40713,2594,4642,9766,23711
2501401,Baía da Traição,25,Paraíba,PB,2,Nordeste,9224,1253,1.22,103,89.77,2794,3.29,94343,0.13,3206,91137,15091,3212,22577,50257
2501500,Bananeiras,25,Paraíba,PB,2,Nordeste,23134,1819,0.68,256,90.49,7524,3.06,249433,0.35,8925,240508,52740,13775,68603,105390
2501534,Baraúna,25,Paraíba,PB,2,Nordeste,4762,552,1.03,50,95.18,1729,2.75,46800,0.07,2056,44743,2396,1414,11895,29039
2501575,Barra de Santana,25,Paraíba,PB,2,Nordeste,8059,-219,-0.22,375,21.48,2938,2.74,81099,0.12,2178,78921,16680,2244,14044,45953
2501609,Barra de Santa Rosa,25,Paraíba,PB,2,Nordeste,12904,-1253,-0.77,781,16.52,4843,2.66,138299,0.2,6447,131852,14695,8825,31506,76826
2501708,Barra de São Miguel,25,Paraíba,PB,2,Nordeste,5906,235,0.34,610,9.69,2105,2.8,72175,0.1,1569,70606,25493,2117,10214,32781
2501807,Bayeux,25,Paraíba,PB,2,Nordeste,82742,-9608,-0.91,28,2986.54,28049,2.94,1290553,1.84,153981,1136572,6064,110495,555568,464446
2501906,Belém,25,Paraíba,PB,2,Nordeste,16401,-700,-0.35,100,164.65,5838,2.79,204228,0.29,19995,184234,8149,25049,60016,91020
2502003,Belém do Brejo do Cruz,25,Paraíba,PB,2,Nordeste,6268,-875,-1.08,602,10.42,2107,2.97,70122,0.1,4391,65731,7108,2892,17004,38727
2502052,Bernardino Batista,25,Paraíba,PB,2,Nordeste,3504,359,0.9,57,60.99,1124,3.12,37543,0.05,1268,36275,2013,2256,7895,24109
2502102,Boa Ventura,25,Paraíba,PB,2,Nordeste,5207,-549,-0.83,169,30.87,1733,3,45531,0.06,1499,44032,3474,2009,10380,28168
2502151,Boa Vista,25,Paraíba,PB,2,Nordeste,6377,156,0.21,469,13.6,2150,2.96,173251,0.25,20209,153042,13799,65137,33957,40149
2502201,Bom Jesus,25,Paraíba,PB,2,Nordeste,2286,-114,-0.4,47,48.26,805,2.84,30146,0.04,1443,28703,2175,1690,7668,17171
2502300,Bom Sucesso,25,Paraíba,PB,2,Nordeste,4661,-374,-0.64,186,25.05,1725,2.7,47813,0.07,2121,45692,5695,2399,9656,27942
2502409,Bonito de Santa Fé,25,Paraíba,PB,2,Nordeste,10252,-566,-0.45,227,45.2,3349,3.06,94802,0.13,3052,91749,5550,4592,20884,60723
2502508,Boqueirão,25,Paraíba,PB,2,Nordeste,17598,676,0.33,373,47.17,5966,2.94,231817,0.33,20525,211292,40147,21198,56120,93827
2502607,Igaracy,25,Paraíba,PB,2,Nordeste,5648,-451,-0.64,197,28.66,2022,2.78,57546,0.08,2107,55439,6335,2908,13015,33181
2502706,Borborema,25,Paraíba,PB,2,Nordeste,4214,-748,-1.35,26,161.41,1393,3.02,62495,0.09,1300,61195,18127,3007,10022,30039
2502805,Brejo do Cruz,25,Paraíba,PB,2,Nordeste,13613,450,0.28,401,33.92,4646,2.93,133475,0.19,7020,126454,6016,8416,41523,70499
2502904,Brejo dos Santos,25,Paraíba,PB,2,Nordeste,5742,-456,-0.63,94,61.18,1982,2.9,57569,0.08,2103,55466,2857,2702,15037,34870
2503001,Caaporã,25,Paraíba,PB,2,Nordeste,21193,831,0.33,151,140.33,6834,3.1,475299,0.68,73156,402143,21766,146613,108055,125710
2503100,Cabaceiras,25,Paraíba,PB,2,Nordeste,5335,243,0.39,469,11.37,1877,2.84,67947,0.1,2349,65598,22175,3050,10405,29967
2503209,Cabedelo,25,Paraíba,PB,2,Nordeste,66519,8575,1.16,30,2226.73,22773,2.91,2741734,3.9,481950,2259784,5504,513562,1321028,419689
2503308,Cachoeira dos Índios,25,Paraíba,PB,2,Nordeste,9151,-395,-0.35,193,47.36,3132,2.92,114203,0.16,11188,103015,6109,4480,41903,50523
2503407,Cacimba de Areia,25,Paraíba,PB,2,Nordeste,3291,-207,-0.51,213,15.45,1128,2.91,36562,0.05,1105,35457,4577,2447,7118,21315
2503506,Cacimba de Dentro,25,Paraíba,PB,2,Nordeste,16064,-859,-0.43,165,97.32,5426,2.96,141196,0.2,5766,135430,7047,6040,33661,88681
2503555,Cacimbas,25,Paraíba,PB,2,Nordeste,7223,409,0.49,124,58.22,2291,3.15,61621,0.09,1800,59821,4173,2860,12247,40542
2503605,Caiçara,25,Paraíba,PB,2,Nordeste,6602,-537,-0.65,124,53.38,2258,2.92,63797,0.09,2323,61474,5167,3153,15606,37548
2503704,Cajazeiras,25,Paraíba,PB,2,Nordeste,63239,4874,0.67,563,112.38,22352,2.81,1134471,1.61,149580,984890,16845,98240,567635,302171
2503753,Cajazeirinhas,25,Paraíba,PB,2,Nordeste,2740,-293,-0.84,283,9.69,883,3.1,37231,0.05,899,36332,5742,1577,6187,22825
2503803,Caldas Brandão,25,Paraíba,PB,2,Nordeste,5753,116,0.17,56,102.8,2015,2.85,69133,0.1,3741,65392,8078,4982,17900,34432
2503902,Camalaú,25,Paraíba,PB,2,Nordeste,6085,336,0.47,542,11.23,2423,2.5,65307,0.09,4075,61232,5816,3016,18896,33504
2504009,Campina Grande,25,Paraíba,PB,2,Nordeste,419379,34642,0.72,592,708.82,147149,2.83,10081780,14.34,1343027,8738752,34174,2054831,4674214,1975533
2504033,Capim,25,Paraíba,PB,2,Nordeste,6970,1369,1.84,80,87.26,2194,3.17,70783,0.1,3651,67132,7369,2654,18256,38853
2504074,Caraúbas,25,Paraíba,PB,2,Nordeste,3944,45,0.1,487,8.1,1453,2.71,40386,0.06,1154,39232,4224,1577,8625,24805
2504108,Carrapateira,25,Paraíba,PB,2,Nordeste,2312,-66,-0.23,59,39.14,754,3.07,29048,0.04,572,28476,1581,1168,5797,19929
2504157,Casserengue,25,Paraíba,PB,2,Nordeste,6889,-173,-0.21,203,33.98,2412,2.86,67299,0.1,2439,64860,5758,2686,13573,42843
2504207,Catingueira,25,Paraíba,PB,2,Nordeste,4491,-321,-0.57,527,8.51,1452,3.09,48526,0.07,1778,46747,4405,2827,10184,29332
2504306,Catolé do Rocha,25,Paraíba,PB,2,Nordeste,30661,1843,0.52,552,55.57,10631,2.87,455671,0.65,44826,410845,10864,41599,207804,150578
2504355,Caturité,25,Paraíba,PB,2,Nordeste,5254,691,1.18,118,44.59,1802,2.92,57197,0.08,2266,54931,10241,4726,11047,28917
2504405,Conceição,25,Paraíba,PB,2,Nordeste,18260,-152,-0.07,581,31.45,6227,2.92,191968,0.27,9301,182667,13091,11254,58364,99957
2504504,Condado,25,Paraíba,PB,2,Nordeste,6451,-40,-0.05,265,24.3,2275,2.83,82232,0.12,2681,79551,6612,21955,15141,35843
2504603,Conde,25,Paraíba,PB,2,Nordeste,27605,6205,2.14,171,161.18,8966,3.06,892756,1.27,182722,710034,21908,192460,350406,145261
2504702,Congo,25,Paraíba,PB,2,Nordeste,4933,246,0.43,325,15.19,1869,2.64,54582,0.08,2606,51976,6994,3015,14175,27791
2504801,Coremas,25,Paraíba,PB,2,Nordeste,14683,-491,-0.27,372,39.47,5086,2.87,196580,0.28,11127,185453,23529,54676,40148,67100
2504850,Coxixola,25,Paraíba,PB,2,Nordeste,1824,53,0.25,174,10.49,734,2.49,22544,0.03,742,21801,1907,1218,4849,13827
2504900,Cruz do Espírito Santo,25,Paraíba,PB,2,Nordeste,17095,1280,0.65,193,88.8,5362,3.19,165479,0.24,7098,158381,20738,13722,38126,85794
2505006,Cubati,25,Paraíba,PB,2,Nordeste,7580,219,0.24,164,46.34,2627,2.87,67636,0.1,2274,65362,8092,3231,14111,39928
2505105,Cuité,25,Paraíba,PB,2,Nordeste,19719,-259,-0.11,734,26.87,6930,2.83,215354,0.31,13652,201702,25856,7581,70023,98242
2505204,Cuitegi,25,Paraíba,PB,2,Nordeste,6730,-165,-0.2,42,159.89,2198,3.06,62136,0.09,2447,59689,4886,3419,14966,36418
2505238,Cuité de Mamanguape,25,Paraíba,PB,2,Nordeste,6251,49,0.07,108,58.05,2102,2.97,67677,0.1,1898,65778,9756,2674,14246,39102
2505279,Curral de Cima,25,Paraíba,PB,2,Nordeste,5254,50,0.08,86,60.79,1759,2.99,51346,0.07,1232,50114,8813,1813,8703,30786
2505303,Curral Velho,25,Paraíba,PB,2,Nordeste,2292,-213,-0.74,218,10.53,739,3.09,24904,0.04,736,24168,3578,754,4682,15154
2505352,Damião,25,Paraíba,PB,2,Nordeste,4982,82,0.14,186,26.76,1788,2.79,46241,0.07,1311,44930,2453,1348,9234,31895
2505402,Desterro,25,Paraíba,PB,2,Nordeste,8067,76,0.08,182,44.32,2842,2.84,67302,0.1,2977,64325,4239,3119,16859,40108
2505501,Vista Serrana,25,Paraíba,PB,2,Nordeste,3641,130,0.3,60,60.29,1197,3.04,36737,0.05,1441,35295,1266,1677,9415,22938
2505600,Diamante,25,Paraíba,PB,2,Nordeste,6299,-317,-0.41,272,23.18,2097,3,55258,0.08,2234,53024,4431,2378,13403,32811
2505709,Dona Inês,25,Paraíba,PB,2,Nordeste,10380,-199,-0.16,174,59.78,3581,2.89,84879,0.12,2908,81970,5924,3360,18231,54455
2505808,Duas Estradas,25,Paraíba,PB,2,Nordeste,3327,-311,-0.74,27,123.17,1166,2.84,42024,0.06,1638,40385,6048,2070,9609,22658
2505907,Emas,25,Paraíba,PB,2,Nordeste,3011,-306,-0.8,248,12.13,974,3.08,37447,0.05,809,36639,6965,1426,6679,21568
2506004,Esperança,25,Paraíba,PB,2,Nordeste,31231,439,0.12,158,197.85,10821,2.88,466956,0.66,51509,415447,27633,25107,190260,172446
2506103,Fagundes,25,Paraíba,PB,2,Nordeste,11049,-292,-0.22,185,59.7,3784,2.92,101802,0.14,4279,97523,9343,4308,24123,59749
2506202,Frei Martinho,25,Paraíba,PB,2,Nordeste,2846,-87,-0.25,239,11.93,1085,2.62,28843,0.04,1067,27777,2326,1205,6648,17598
2506251,Gado Bravo,25,Paraíba,PB,2,Nordeste,8179,-79,-0.08,192,42.51,2749,2.97,69445,0.1,1621,67824,9681,1767,12057,44318
2506301,Guarabira,25,Paraíba,PB,2,Nordeste,57484,2103,0.31,162,353.99,19743,2.89,1055821,1.5,124546,931275,28049,168210,463532,271485
2506400,Gurinhém,25,Paraíba,PB,2,Nordeste,13766,-106,-0.06,340,40.44,4535,3.03,138145,0.2,5404,132742,17253,8145,33398,73946
2506509,Gurjão,25,Paraíba,PB,2,Nordeste,3242,83,0.22,345,9.41,1145,2.83,35129,0.05,1122,34007,3178,2198,7243,21388
2506608,Ibiara,25,Paraíba,PB,2,Nordeste,5631,-400,-0.57,240,23.43,2017,2.79,52388,0.07,2021,50367,5282,2555,11530,30999
2506707,Imaculada,25,Paraíba,PB,2,Nordeste,10392,-960,-0.73,318,32.7,3408,3.05,90785,0.13,3840,86945,5917,2895,19813,58319
2506806,Ingá,25,Paraíba,PB,2,Nordeste,17692,277,0.13,262,67.48,6077,2.9,196553,0.28,12633,183921,7091,16003,59664,101163
2506905,Itabaiana,25,Paraíba,PB,2,Nordeste,23182,-1299,-0.45,211,110.09,8292,2.78,317520,0.45,22924,294596,29094,17970,128208,119325
2507002,Itaporanga,25,Paraíba,PB,2,Nordeste,23940,842,0.3,460,52.02,8186,2.91,308498,0.44,26078,282420,13262,26818,121710,120630
2507101,Itapororoca,25,Paraíba,PB,2,Nordeste,18382,1385,0.65,146,126.07,6058,3.03,189432,0.27,9090,180342,25921,7198,52309,94913
2507200,Itatuba,25,Paraíba,PB,2,Nordeste,10499,197,0.16,252,41.7,3484,3,141799,0.2,10333,131466,21579,26157,27865,55865
2507309,Jacaraú,25,Paraíba,PB,2,Nordeste,14302,298,0.18,257,55.68,4915,2.9,147403,0.21,6143,141260,14689,7842,36471,82258
2507408,Jericó,25,Paraíba,PB,2,Nordeste,7516,-22,-0.02,177,42.38,2518,2.98,70965,0.1,2943,68022,7972,3494,16746,39810
2507507,João Pessoa,25,Paraíba,PB,2,Nordeste,833932,110417,1.19,210,3970.27,296249,2.8,20766551,29.54,2704377,18062173,39790,3360162,10608595,4053626
2507606,Juarez Távora,25,Paraíba,PB,2,Nordeste,7796,337,0.37,76,103.02,2799,2.78,71126,0.1,2693,68433,4868,2932,17332,43301
2507705,Juazeirinho,25,Paraíba,PB,2,Nordeste,17007,231,0.11,475,35.83,5410,3.14,189757,0.27,14633,175124,10329,13435,59198,92162
2507804,Junco do Seridó,25,Paraíba,PB,2,Nordeste,6793,150,0.19,180,37.65,2324,2.92,79237,0.11,5130,74107,4502,8775,24220,36610
2507903,Juripiranga,25,Paraíba,PB,2,Nordeste,10012,-225,-0.19,79,127.21,3316,3.02,111149,0.16,5815,105334,12404,5127,29130,58672
2508000,Juru,25,Paraíba,PB,2,Nordeste,9234,-592,-0.52,395,23.37,3208,2.88,80528,0.11,2691,77837,9015,3384,16773,48665
2508109,Lagoa,25,Paraíba,PB,2,Nordeste,4415,-266,-0.49,177,24.99,1488,2.95,47457,0.07,1478,45979,2271,1897,15290,26520
2508208,Lagoa de Dentro,25,Paraíba,PB,2,Nordeste,7819,391,0.43,84,93.63,2630,2.97,78762,0.11,3467,75295,8253,3281,19978,43783
2508307,Lagoa Seca,25,Paraíba,PB,2,Nordeste,27730,1697,0.53,108,256.24,9172,3.01,291871,0.42,14471,277400,45004,20682,75488,136226
2508406,Lastro,25,Paraíba,PB,2,Nordeste,3162,312,0.87,107,29.44,973,3.24,27679,0.04,1059,26620,2171,1033,6397,17019
2508505,Livramento,25,Paraíba,PB,2,Nordeste,6877,-167,-0.2,267,25.76,2420,2.84,62033,0.09,2264,59769,5210,2424,13509,38627
2508554,Logradouro,25,Paraíba,PB,2,Nordeste,4797,855,1.65,43,111.88,1537,3.12,43911,0.06,1645,42265,4919,1825,10480,25041
2508604,Lucena,25,Paraíba,PB,2,Nordeste,12560,830,0.57,94,133.9,3928,3.2,200825,0.29,14573,186253,16126,35239,58284,76604
2508703,Mãe d'Água,25,Paraíba,PB,2,Nordeste,3583,-436,-0.95,229,15.67,1323,2.71,36501,0.05,891,35610,1810,1194,7643,24963
2508802,Malta,25,Paraíba,PB,2,Nordeste,6046,340,0.48,172,35.15,2053,2.92,72954,0.1,2775,70180,3432,21244,14056,31447
2508901,Mamanguape,25,Paraíba,PB,2,Nordeste,44599,2679,0.52,337,132.17,14486,3.08,691495,0.98,67965,623530,41805,88056,272430,221239
2509008,Manaíra,25,Paraíba,PB,2,Nordeste,10434,-176,-0.14,352,29.64,3577,2.92,86737,0.12,2626,84111,7336,4752,16843,55181
2509057,Marcação,25,Paraíba,PB,2,Nordeste,8999,1390,1.41,123,73.36,2762,3.26,87584,0.12,1852,85732,21858,2583,15251,46040
2509107,Mari,25,Paraíba,PB,2,Nordeste,21512,336,0.13,155,138.55,7354,2.91,220662,0.31,12806,207856,23948,10363,64562,108983
2509156,Marizópolis,25,Paraíba,PB,2,Nordeste,6705,517,0.67,70,95.85,2208,3.03,72650,0.1,4859,67791,4002,3374,23830,36584
2509206,Massaranduba,25,Paraíba,PB,2,Nordeste,14139,1145,0.71,209,67.52,4859,2.91,123133,0.18,6310,116822,11605,11545,22287,71385
2509305,Mataraca,25,Paraíba,PB,2,Nordeste,8244,837,0.9,182,45.19,2680,3.07,225655,0.32,9846,215808,12864,112428,36732,53785
2509339,Matinhas,25,Paraíba,PB,2,Nordeste,4571,281,0.53,37,125.16,1488,3.07,51295,0.07,828,50467,15032,1765,7104,26566
2509370,Mato Grosso,25,Paraíba,PB,2,Nordeste,2543,-159,-0.5,85,29.82,826,3.08,28750,0.04,990,27760,1673,1381,6638,18068
2509396,Maturéia,25,Paraíba,PB,2,Nordeste,6433,494,0.67,83,77.46,2305,2.79,55489,0.08,1983,53505,3208,2325,12043,35930
2509404,Mogeiro,25,Paraíba,PB,2,Nordeste,13899,680,0.42,214,64.92,4796,2.9,164207,0.23,10351,153856,18973,32569,34127,68187
2509503,Montadas,25,Paraíba,PB,2,Nordeste,5812,822,1.28,32,182.81,1951,2.98,52407,0.07,1298,51110,7791,1709,9396,32214
2509602,Monte Horebe,25,Paraíba,PB,2,Nordeste,4338,-170,-0.32,117,37.12,1573,2.74,43339,0.06,1210,42130,2182,1731,9064,29153
2509701,Monteiro,25,Paraíba,PB,2,Nordeste,32277,1425,0.38,993,32.52,12129,2.65,577456,0.82,30311,547145,20476,34340,313622,178707
2509800,Mulungu,25,Paraíba,PB,2,Nordeste,8791,-672,-0.61,187,46.95,3036,2.89,88617,0.13,3702,84915,17584,4910,15806,46615
2509909,Natuba,25,Paraíba,PB,2,Nordeste,8945,-1332,-1.15,202,44.24,3082,2.9,92093,0.13,2317,89776,15019,3254,14096,57407
2510006,Nazarezinho,25,Paraíba,PB,2,Nordeste,7203,-81,-0.09,193,37.28,2524,2.85,60511,0.09,2091,58420,6323,2640,13351,36107
2510105,Nova Floresta,25,Paraíba,PB,2,Nordeste,9724,-809,-0.66,48,204.41,3577,2.72,90757,0.13,4469,86288,3485,3483,25853,53466
2510204,Nova Olinda,25,Paraíba,PB,2,Nordeste,5787,-283,-0.4,82,70.99,1970,2.94,52488,0.07,2295,50192,3673,2394,12341,31784
2510303,Nova Palmeira,25,Paraíba,PB,2,Nordeste,4259,-114,-0.22,315,13.53,1544,2.75,42370,0.06,1585,40785,3147,2648,8702,26288
2510402,Olho d'Água,25,Paraíba,PB,2,Nordeste,6060,-871,-1.11,580,10.44,2039,2.97,58346,0.08,2037,56309,6817,2336,12110,35046
2510501,Olivedos,25,Paraíba,PB,2,Nordeste,3580,-38,-0.09,315,11.38,1286,2.78,39871,0.06,955,38916,6691,1774,7227,23223
2510600,Ouro Velho,25,Paraíba,PB,2,Nordeste,2918,-10,-0.03,128,22.78,1120,2.61,34582,0.05,1370,33212,4519,1339,8202,19152
2510659,Parari,25,Paraíba,PB,2,Nordeste,1720,-122,-0.57,208,8.28,644,2.67,20839,0.03,903,19936,1888,769,4692,12587
2510709,Passagem,25,Paraíba,PB,2,Nordeste,2463,230,0.82,123,19.96,860,2.86,26652,0.04,850,25802,1397,1818,5584,17002
2510808,Patos,25,Paraíba,PB,2,Nordeste,103165,2472,0.2,473,218.16,36246,2.83,1919075,2.73,203255,1715819,13254,238295,950146,514124
2510907,Paulista,25,Paraíba,PB,2,Nordeste,11834,-6,0,577,20.5,4125,2.87,143493,0.2,10693,132800,18601,21788,32590,59821
2511004,Pedra Branca,25,Paraíba,PB,2,Nordeste,3739,18,0.04,117,31.99,1269,2.94,35380,0.05,1083,34297,3317,1601,6996,22384
2511103,Pedra Lavrada,25,Paraíba,PB,2,Nordeste,6859,-377,-0.44,336,20.44,2479,2.76,73939,0.11,2845,71094,7116,8943,12455,42580
2511202,Pedras de Fogo,25,Paraíba,PB,2,Nordeste,29662,2373,0.7,407,72.93,9752,3.03,537518,0.76,45103,492415,139199,96065,98903,158248
2511301,Piancó,25,Paraíba,PB,2,Nordeste,16441,976,0.51,577,28.49,5638,2.91,190282,0.27,11096,179186,16401,9840,64882,88063
2511400,Picuí,25,Paraíba,PB,2,Nordeste,18333,131,0.06,668,27.46,6560,2.79,204405,0.29,12434,191971,12082,9320,70972,99597
2511509,Pilar,25,Paraíba,PB,2,Nordeste,12311,1120,0.8,103,119.17,4152,2.95,112741,0.16,4880,107861,12794,5642,28510,60915
2511608,Pilões,25,Paraíba,PB,2,Nordeste,6815,-180,-0.22,66,103.93,2084,3.27,84297,0.12,3100,81197,25762,3754,17291,34390
2511707,Pilõezinhos,25,Paraíba,PB,2,Nordeste,5329,283,0.46,41,130.27,1737,3.07,53518,0.08,923,52596,11192,2059,9000,30345
2511806,Pirpirituba,25,Paraíba,PB,2,Nordeste,9340,-987,-0.83,81,115.78,3088,3.02,90573,0.13,3308,87265,6585,4365,24700,51615
2511905,Pitimbu,25,Paraíba,PB,2,Nordeste,16751,-225,-0.11,136,123.35,5403,3.1,375572,0.53,37994,337578,40228,110750,82042,104558
2512002,Pocinhos,25,Paraíba,PB,2,Nordeste,17469,447,0.22,624,28,5759,3.03,271452,0.39,9719,261733,88757,15896,57594,99486
2512036,Poço Dantas,25,Paraíba,PB,2,Nordeste,3830,-33,-0.07,98,39.18,1277,3,36260,0.05,1133,35127,2127,1399,7044,24557
2512077,Poço de José de Moura,25,Paraíba,PB,2,Nordeste,4006,28,0.06,95,42.33,1450,2.76,44249,0.06,1421,42828,3476,1742,9528,28082
2512101,Pombal,25,Paraíba,PB,2,Nordeste,32473,316,0.08,894,36.32,11299,2.87,426370,0.61,30590,395779,22084,28079,179799,165818
2512200,Prata,25,Paraíba,PB,2,Nordeste,3915,24,0.05,202,19.4,1428,2.74,58629,0.08,1777,56852,15769,4566,11436,25081
2512309,Princesa Isabel,25,Paraíba,PB,2,Nordeste,21114,-96,-0.04,369,57.29,7352,2.86,255319,0.36,15537,239782,43653,12622,75000,108508
2512408,Puxinanã,25,Paraíba,PB,2,Nordeste,14277,1366,0.84,71,200.75,4802,2.96,121534,0.17,4776,116758,14237,10690,21652,70179
2512507,Queimadas,25,Paraíba,PB,2,Nordeste,47658,6297,1.19,403,118.33,16565,2.87,529095,0.75,46398,482698,24984,93986,153114,210615
2512606,Quixaba,25,Paraíba,PB,2,Nordeste,1743,44,0.21,147,11.84,574,3.03,23479,0.03,754,22725,1162,1392,4732,15439
2512705,Remígio,25,Paraíba,PB,2,Nordeste,17885,119,0.06,183,97.49,5974,2.98,174606,0.25,9028,165578,12576,8439,47604,96959
2512721,Pedro Régis,25,Paraíba,PB,2,Nordeste,5766,1,0,74,77.69,1948,2.96,52396,0.07,1180,51216,5709,1877,9594,34036
2512747,Riachão,25,Paraíba,PB,2,Nordeste,2927,-331,-0.89,85,34.32,1016,2.88,33719,0.05,829,32890,2289,1042,6463,23096
2512754,Riachão do Bacamarte,25,Paraíba,PB,2,Nordeste,4690,426,0.8,40,116.43,1597,2.94,47069,0.07,2053,45016,1519,1823,12829,28845
2512762,Riachão do Poço,25,Paraíba,PB,2,Nordeste,4738,574,1.08,40,117.1,1597,2.97,52131,0.07,2228,49902,9138,2105,10944,27716
2512788,Riacho de Santo Antônio,25,Paraíba,PB,2,Nordeste,1955,259,1.19,94,20.87,657,2.96,26820,0.04,534,26286,4807,792,4736,15951
2512804,Riacho dos Cavalos,25,Paraíba,PB,2,Nordeste,8493,254,0.25,263,32.35,2832,3,84970,0.12,3811,81159,6966,9311,20468,44415
2512903,Rio Tinto,25,Paraíba,PB,2,Nordeste,24581,1215,0.42,465,52.84,8204,2.99,287787,0.41,17630,270157,31022,36478,74232,128425
2513000,Salgadinho,25,Paraíba,PB,2,Nordeste,3355,-81,-0.2,179,18.74,1110,3.02,30829,0.04,745,30084,1296,1032,5158,22598
2513109,Salgado de São Félix,25,Paraíba,PB,2,Nordeste,11505,-471,-0.33,204,56.38,4067,2.83,129066,0.18,3374,125692,15782,24394,21521,63995
2513158,Santa Cecília,25,Paraíba,PB,2,Nordeste,7670,1107,1.31,218,35.25,2622,2.92,58652,0.08,1703,56949,6726,2315,11954,35955
2513208,Santa Cruz,25,Paraíba,PB,2,Nordeste,5947,-524,-0.7,218,27.32,2053,2.9,58348,0.08,3122,55226,3968,2725,15125,33408
2513307,Santa Helena,25,Paraíba,PB,2,Nordeste,5865,-55,-0.08,211,27.78,2078,2.82,58821,0.08,2030,56791,9948,2422,12176,32245
2513356,Santa Inês,25,Paraíba,PB,2,Nordeste,3227,-312,-0.77,328,9.85,1057,3.05,33946,0.05,638,33308,4185,1020,5405,22698
2513406,Santa Luzia,25,Paraíba,PB,2,Nordeste,14959,240,0.13,441,33.94,5259,2.83,294514,0.42,22666,271848,6922,99299,89404,76222
2513505,Santana de Mangueira,25,Paraíba,PB,2,Nordeste,5010,-318,-0.51,405,12.37,1616,3.1,45641,0.06,1051,44590,5412,1683,7885,29610
2513604,Santana dos Garrotes,25,Paraíba,PB,2,Nordeste,6569,-697,-0.84,361,18.17,2301,2.85,62213,0.09,1986,60226,7720,2848,12740,36919
2513653,Joca Claudino,25,Paraíba,PB,2,Nordeste,2539,-25,-0.08,72,35.36,875,2.9,30016,0.04,912,29104,1693,1883,6358,19171
2513703,Santa Rita,25,Paraíba,PB,2,Nordeste,149910,22234,1.35,719,208.62,49517,3.01,2564700,3.65,351137,2213564,95858,639732,828804,649170
2513802,Santa Teresinha,25,Paraíba,PB,2,Nordeste,4402,-179,-0.33,359,12.25,1486,2.96,48005,0.07,1676,46329,6242,2480,10012,27595
2513851,Santo André,25,Paraíba,PB,2,Nordeste,2622,53,0.17,198,13.26,997,2.63,29053,0.04,1065,27987,3244,1153,6198,17392
2513901,São Bento,25,Paraíba,PB,2,Nordeste,32235,1434,0.38,246,131.12,10940,2.94,489152,0.7,52332,436820,14190,54486,191113,177031
2513927,São Bentinho,25,Paraíba,PB,2,Nordeste,4327,189,0.37,200,21.67,1491,2.9,49347,0.07,3210,46137,4179,3964,11294,26700
2513943,São Domingos do Cariri,25,Paraíba,PB,2,Nordeste,2585,144,0.48,234,11.05,920,2.81,26601,0.04,740,25861,2509,1304,5260,16788
2513968,São Domingos,25,Paraíba,PB,2,Nordeste,2595,-225,-0.69,170,15.23,921,2.82,32167,0.05,1081,31086,4113,1680,5502,19791
2513984,São Francisco,25,Paraíba,PB,2,Nordeste,3137,-254,-0.65,91,34.58,1120,2.8,36586,0.05,1880,34706,3305,1614,8932,20855
2514008,São João do Cariri,25,Paraíba,PB,2,Nordeste,4226,-13,-0.03,613,6.89,1526,2.75,49289,0.07,1754,47535,8124,2207,11353,25852
2514107,São João do Tigre,25,Paraíba,PB,2,Nordeste,4263,-133,-0.26,813,5.25,1701,2.5,37766,0.05,928,36838,4219,1054,6678,24887
2514206,São José da Lagoa Tapada,25,Paraíba,PB,2,Nordeste,7126,-394,-0.45,334,21.35,2529,2.82,63289,0.09,2665,60624,6537,3921,13348,36817
2514305,São José de Caiana,25,Paraíba,PB,2,Nordeste,5034,-1060,-1.58,183,27.47,1675,3.01,50960,0.07,1518,49442,4361,1844,9213,34024
2514404,São José de Espinharas,25,Paraíba,PB,2,Nordeste,4083,-717,-1.34,727,5.62,1344,3.03,51495,0.07,1241,50254,13213,1943,7843,27255
2514453,São José dos Ramos,25,Paraíba,PB,2,Nordeste,5891,383,0.56,101,58.53,1956,3,53964,0.08,1185,52780,6046,2007,9772,34955
2514503,São José de Piranhas,25,Paraíba,PB,2,Nordeste,19067,-142,-0.06,687,27.76,6659,2.85,220073,0.31,12763,207310,14691,26055,68602,97962
2514552,São José de Princesa,25,Paraíba,PB,2,Nordeste,3416,-948,-2.02,158,21.61,1173,2.91,33725,0.05,803,32922,6565,873,5055,20429
2514602,São José do Bonfim,25,Paraíba,PB,2,Nordeste,3242,9,0.02,154,21.1,1100,2.95,29975,0.04,1206,28769,1907,1341,6329,19192
2514651,São José do Brejo do Cruz,25,Paraíba,PB,2,Nordeste,1699,15,0.07,254,6.69,542,3.13,26347,0.04,641,25706,3918,1056,5259,15474
2514701,São José do Sabugi,25,Paraíba,PB,2,Nordeste,4138,128,0.26,214,19.38,1412,2.92,96280,0.14,4119,92161,4906,52212,10701,24342
2514800,São José dos Cordeiros,25,Paraíba,PB,2,Nordeste,3411,-235,-0.55,377,9.06,1288,2.65,34378,0.05,1345,33033,3327,3092,6619,19994
2514909,São Mamede,25,Paraíba,PB,2,Nordeste,7470,-278,-0.3,533,14,2673,2.79,75749,0.11,3419,72330,9813,4582,18909,39027
2515005,São Miguel de Taipu,25,Paraíba,PB,2,Nordeste,7066,185,0.22,92,76.46,2281,3.1,78421,0.11,2568,75853,24828,3058,10751,37216
2515104,São Sebastião de Lagoa de Roça,25,Paraíba,PB,2,Nordeste,11040,147,0.11,46,238.07,3764,2.93,99821,0.14,3600,96221,11223,4453,20364,60181
2515203,São Sebastião do Umbuzeiro,25,Paraíba,PB,2,Nordeste,3279,44,0.11,464,7.06,1260,2.6,35134,0.05,1222,33912,4107,1216,7749,20840
2515302,Sapé,25,Paraíba,PB,2,Nordeste,51306,1163,0.19,314,163.56,16897,3.03,631896,0.9,54430,577465,44490,33462,239336,260177
2515401,São Vicente do Seridó,25,Paraíba,PB,2,Nordeste,10291,325,0.27,263,39.17,3405,3.02,79634,0.11,2242,77391,4759,2728,15776,54129
2515500,Serra Branca,25,Paraíba,PB,2,Nordeste,13614,627,0.39,698,19.5,5054,2.68,135273,0.19,8143,127130,6328,6651,45445,68706
2515609,Serra da Raiz,25,Paraíba,PB,2,Nordeste,3094,-134,-0.35,32,97.67,1000,3.09,34534,0.05,1071,33463,3879,1875,6688,21020
2515708,Serra Grande,25,Paraíba,PB,2,Nordeste,2942,148,0.43,64,45.72,1046,2.81,29524,0.04,954,28570,2404,1244,6302,18619
2515807,Serra Redonda,25,Paraíba,PB,2,Nordeste,6828,-242,-0.29,55,123.7,2430,2.81,71719,0.1,2891,68828,5537,12199,13757,37335
2515906,Serraria,25,Paraíba,PB,2,Nordeste,4885,-1353,-2.02,65,75.08,1636,2.98,62011,0.09,1350,60661,16110,2503,9302,32747
2515930,Sertãozinho,25,Paraíba,PB,2,Nordeste,5054,659,1.17,32,155.72,1716,2.95,52575,0.07,1789,50786,7692,2989,10672,29432
2515971,Sobrado,25,Paraíba,PB,2,Nordeste,8236,863,0.93,62,132.94,2762,2.98,96755,0.14,7766,88989,15207,4564,27782,41436
2516003,Solânea,25,Paraíba,PB,2,Nordeste,26774,-606,-0.19,233,114.89,9096,2.93,324606,0.46,32321,292284,10301,18595,133550,129839
2516102,Soledade,25,Paraíba,PB,2,Nordeste,13968,194,0.12,578,24.16,4780,2.9,186494,0.27,11052,175442,24986,11267,60763,78425
2516151,Sossêgo,25,Paraíba,PB,2,Nordeste,3345,176,0.45,147,22.71,1160,2.88,35749,0.05,1287,34462,1829,1142,8142,23348
2516201,Sousa,25,Paraíba,PB,2,Nordeste,67259,1460,0.18,728,92.33,22551,2.97,1253768,1.78,165223,1088545,29152,166540,574782,318071
2516300,Sumé,25,Paraíba,PB,2,Nordeste,17166,1070,0.54,833,20.6,6633,2.58,195326,0.28,13676,181649,18751,13502,61801,87595
2516409,Tacima,25,Paraíba,PB,2,Nordeste,8010,-2219,-2.02,245,32.66,2728,2.93,83556,0.12,2817,80739,7253,2168,16691,54627
2516508,Taperoá,25,Paraíba,PB,2,Nordeste,14068,-475,-0.28,628,22.39,4973,2.83,132671,0.19,4788,127884,14362,6304,29914,77303
2516607,Tavares,25,Paraíba,PB,2,Nordeste,14101,-75,-0.04,240,58.88,4796,2.94,130641,0.19,5613,125028,11784,5810,31609,75825
2516706,Teixeira,25,Paraíba,PB,2,Nordeste,14631,478,0.28,155,94.12,5027,2.9,153164,0.22,6957,146207,18330,9210,42588,76079
2516755,Tenório,25,Paraíba,PB,2,Nordeste,2966,153,0.44,87,33.92,1076,2.75,30606,0.04,1138,29468,2025,1689,6551,19203
2516805,Triunfo,25,Paraíba,PB,2,Nordeste,9892,691,0.61,224,44.09,3172,3.11,80899,0.12,3764,77135,7454,2727,21064,45891
2516904,Uiraúna,25,Paraíba,PB,2,Nordeste,14930,458,0.26,293,50.92,5096,2.92,177872,0.25,13102,164770,7982,8270,70685,77833
2517001,Umbuzeiro,25,Paraíba,PB,2,Nordeste,9124,-558,-0.49,186,49.17,2998,3.04,83562,0.12,2651,80910,7670,3113,16458,53669
2517100,Várzea,25,Paraíba,PB,2,Nordeste,2668,164,0.53,191,13.95,991,2.69,34040,0.05,1152,32888,4074,2038,7296,19480
2517209,Vieirópolis,25,Paraíba,PB,2,Nordeste,4864,-181,-0.3,147,33.07,1622,2.99,45263,0.06,1309,43954,3589,4319,7947,28099
2517407,Zabelê,25,Paraíba,PB,2,Nordeste,2228,153,0.59,107,20.86,835,2.66,25084,0.04,822,24261,2649,1034,5324,15254
2600054,Abreu e Lima,26,Pernambuco,PE,2,Nordeste,98462,4037,0.35,126,779.07,34672,2.79,1825291,0.94,285610,1539681,13683,423723,680032,422244
2600104,Afogados da Ingazeira,26,Pernambuco,PE,2,Nordeste,40241,5153,1.15,378,106.54,14825,2.71,468609,0.24,46676,421933,10058,33337,223737,154801
2600203,Afrânio,26,Pernambuco,PE,2,Nordeste,18674,1088,0.5,1491,12.53,5813,3.21,272962,0.14,15435,257527,20804,83262,62785,90676
2600302,Agrestina,26,Pernambuco,PE,2,Nordeste,23779,1100,0.4,200,118.68,8551,2.78,313377,0.16,21693,291684,43205,35743,91773,120962
2600401,Água Preta,26,Pernambuco,PE,2,Nordeste,26461,-6634,-1.85,532,49.74,8781,3.01,249521,0.13,11118,238403,18854,4980,61436,153132
2600500,Águas Belas,26,Pernambuco,PE,2,Nordeste,41548,1313,0.27,886,46.89,13433,3.09,380145,0.2,27305,352841,49124,14412,116825,172480
2600609,Alagoinha,26,Pernambuco,PE,2,Nordeste,13542,-17,-0.01,214,63.2,4882,2.77,145771,0.08,6761,139010,29905,3926,38310,66869
2600708,Aliança,26,Pernambuco,PE,2,Nordeste,35741,-1674,-0.38,273,131.03,12258,2.91,329048,0.17,12811,316236,53609,17377,85691,159560
2600807,Altinho,26,Pernambuco,PE,2,Nordeste,20674,-1663,-0.64,450,45.92,7896,2.62,184723,0.1,9422,175301,18568,7580,52658,96495
2600906,Amaraji,26,Pernambuco,PE,2,Nordeste,18205,-3685,-1.52,233,78.05,6408,2.84,297482,0.15,15629,281854,84892,32005,63940,101017
2601003,Angelim,26,Pernambuco,PE,2,Nordeste,10241,39,0.03,118,86.72,3476,2.94,131815,0.07,4824,126991,41280,4935,26340,54434
2601052,Araçoiaba,26,Pernambuco,PE,2,Nordeste,19243,1087,0.49,96,199.7,6292,3.06,167658,0.09,7872,159786,12691,5016,45808,96270
2601102,Araripina,26,Pernambuco,PE,2,Nordeste,85088,6659,0.68,2037,41.76,27498,3.09,1052997,0.54,85397,967600,52218,193867,359867,361648
2601201,Arcoverde,26,Pernambuco,PE,2,Nordeste,77586,9333,1.07,344,225.59,27641,2.77,1268771,0.66,134312,1134459,11471,238084,572842,312062
2601300,Barra de Guabiraba,26,Pernambuco,PE,2,Nordeste,12263,-633,-0.42,119,103.36,4052,3.02,153684,0.08,7668,146015,35723,7607,34416,68270
2601409,Barreiros,26,Pernambuco,PE,2,Nordeste,40121,-611,-0.13,233,171.87,13356,3,456514,0.24,37839,418674,17239,19019,184431,197985
2601508,Belém de Maria,26,Pernambuco,PE,2,Nordeste,10378,-975,-0.75,73,141.88,3410,3.04,89944,0.05,3368,86576,9529,2827,20624,53596
2601607,Belém do São Francisco,26,Pernambuco,PE,2,Nordeste,18301,-1952,-0.84,1831,10,5621,3.25,362012,0.19,11774,350238,159471,11642,78039,101085
2601706,Belo Jardim,26,Pernambuco,PE,2,Nordeste,79507,7075,0.78,647,122.8,29197,2.72,1962323,1.02,279273,1683050,127559,668011,531949,355531
2601805,Betânia,26,Pernambuco,PE,2,Nordeste,11232,-771,-0.55,1244,9.03,3774,2.97,98471,0.05,3727,94744,5505,3550,22487,63203
2601904,Bezerros,26,Pernambuco,PE,2,Nordeste,61686,3018,0.42,493,125.22,23797,2.59,748309,0.39,68558,679751,25292,98667,300858,254934
2602001,Bodocó,26,Pernambuco,PE,2,Nordeste,34478,-680,-0.16,1622,21.26,11130,3.09,293307,0.15,11315,281992,55904,8028,65700,152360
2602100,Bom Conselho,26,Pernambuco,PE,2,Nordeste,44260,-1243,-0.23,792,55.87,15188,2.91,605374,0.31,42180,563194,83466,110368,161167,208193
2602209,Bom Jardim,26,Pernambuco,PE,2,Nordeste,37629,-871,-0.19,224,167.91,13250,2.84,353925,0.18,20219,333706,45419,23019,98031,167237
2602308,Bonito,26,Pernambuco,PE,2,Nordeste,37476,7,0,393,95.31,13257,2.82,453365,0.23,28119,425245,88807,42476,130406,163556
2602407,Brejão,26,Pernambuco,PE,2,Nordeste,9079,235,0.22,160,56.82,3049,2.98,204904,0.11,11055,193849,116860,6691,28192,42105
2602506,Brejinho,26,Pernambuco,PE,2,Nordeste,7720,413,0.46,106,72.8,2882,2.68,69219,0.04,2159,67060,5534,7982,14590,38954
2602605,Brejo da Madre de Deus,26,Pernambuco,PE,2,Nordeste,48650,3470,0.62,762,63.82,17173,2.83,423569,0.22,27382,396187,12977,15657,128322,239232
2602704,Buenos Aires,26,Pernambuco,PE,2,Nordeste,12808,271,0.18,93,137.44,4424,2.89,119571,0.06,4322,115249,16238,7835,28510,62666
2602803,Buíque,26,Pernambuco,PE,2,Nordeste,52097,-8,0,1337,38.98,17119,3.03,470108,0.24,21757,448351,66015,12035,112939,257362
2602902,Cabo de Santo Agostinho,26,Pernambuco,PE,2,Nordeste,203216,18191,0.78,445,456.27,71666,2.83,10091234,5.22,2370651,7720584,48319,2622645,3973226,1076393
2603009,Cabrobó,26,Pernambuco,PE,2,Nordeste,30294,-579,-0.16,1659,18.26,9997,3.03,406206,0.21,43182,363024,41777,17232,154318,149696
2603108,Cachoeirinha,26,Pernambuco,PE,2,Nordeste,19899,1080,0.47,179,111.01,7317,2.72,227951,0.12,20435,207516,26907,10896,84729,84984
2603207,Caetés,26,Pernambuco,PE,2,Nordeste,28827,2250,0.68,295,97.74,9272,3.11,358678,0.19,10381,348297,43053,132688,46613,125943
2603306,Calçado,26,Pernambuco,PE,2,Nordeste,11093,-32,-0.02,122,90.97,3765,2.94,122298,0.06,3730,118568,40301,4095,21087,53085
2603405,Calumbi,26,Pernambuco,PE,2,Nordeste,5228,-420,-0.64,179,29.16,1795,2.91,52446,0.03,3104,49342,1587,1614,14927,31214
2603454,Camaragibe,26,Pernambuco,PE,2,Nordeste,147771,3305,0.19,51,2879.35,53357,2.76,2157380,1.12,331099,1826281,17021,104161,1008891,696208
2603504,Camocim de São Félix,26,Pernambuco,PE,2,Nordeste,17419,315,0.15,72,241.9,6305,2.76,159053,0.08,11888,147164,6813,5558,55330,79463
2603603,Camutanga,26,Pernambuco,PE,2,Nordeste,7750,-418,-0.44,39,198.13,2555,3.03,142960,0.07,12232,130728,12325,39843,32911,45649
2603702,Canhotinho,26,Pernambuco,PE,2,Nordeste,24329,-192,-0.07,423,57.49,7838,2.89,228009,0.12,11681,216328,32163,10659,59493,114013
2603801,Capoeiras,26,Pernambuco,PE,2,Nordeste,18341,-1240,-0.54,337,54.4,6033,3.03,223443,0.12,12078,211365,44812,28094,52140,86319
2603900,Carnaíba,26,Pernambuco,PE,2,Nordeste,18644,70,0.03,428,43.58,6798,2.74,174528,0.09,9018,165510,19543,9851,44487,91630
2603926,Carnaubeira da Penha,26,Pernambuco,PE,2,Nordeste,12239,457,0.32,1005,12.18,3410,3.59,84886,0.04,2689,82198,5592,1608,16384,58613
2604007,Carpina,26,Pernambuco,PE,2,Nordeste,79293,4435,0.48,147,539.35,27652,2.86,1697949,0.88,217637,1480312,31493,358856,734027,355936
2604106,Caruaru,26,Pernambuco,PE,2,Nordeste,378052,63140,1.53,923,409.52,138485,2.72,7518244,3.89,1079266,6438978,123222,843310,3905496,1566950
2604155,Casinhas,26,Pernambuco,PE,2,Nordeste,12967,-799,-0.5,116,111.91,4210,3.08,101964,0.05,2465,99499,10700,2449,19768,66582
2604205,Catende,26,Pernambuco,PE,2,Nordeste,32156,-5664,-1.34,209,154.16,10858,2.95,324147,0.17,14846,309302,11678,6593,99232,191799
2604304,Cedro,26,Pernambuco,PE,2,Nordeste,10518,-260,-0.2,149,70.71,3403,3.09,101519,0.05,3903,97616,14521,3752,23719,55624
2604403,Chã de Alegria,26,Pernambuco,PE,2,Nordeste,12980,566,0.37,49,263.14,4384,2.96,168585,0.09,14830,153755,22288,4609,62861,63997
2604502,Chã Grande,26,Pernambuco,PE,2,Nordeste,20546,409,0.17,85,242.32,7287,2.82,240357,0.12,16654,223704,35934,10866,74222,102681
2604601,Condado,26,Pernambuco,PE,2,Nordeste,24587,305,0.1,90,274.27,8301,2.95,243216,0.13,13046,230170,14091,11223,85269,119586
2604700,Correntes,26,Pernambuco,PE,2,Nordeste,17131,-104,-0.05,318,53.91,5159,3.31,184198,0.1,5643,178554,56423,7682,32704,81745
2604809,Cortês,26,Pernambuco,PE,2,Nordeste,10198,-2303,-1.68,103,99.15,3611,2.82,114116,0.06,4431,109684,8156,2930,28911,69687
2604908,Cumaru,26,Pernambuco,PE,2,Nordeste,15920,-1263,-0.63,292,54.48,5675,2.8,109846,0.06,4453,105393,15966,3952,28751,56724
2605004,Cupira,26,Pernambuco,PE,2,Nordeste,23518,554,0.2,95,247.15,8469,2.78,292039,0.15,23632,268407,17596,26636,110130,114045
2605103,Custódia,26,Pernambuco,PE,2,Nordeste,37699,3844,0.9,1404,26.85,13447,2.8,518556,0.27,54366,464190,25060,57660,206610,174860
2605152,Dormentes,26,Pernambuco,PE,2,Nordeste,17188,271,0.13,1539,11.17,5812,2.96,222531,0.12,29626,192905,17937,9063,81012,84893
2605202,Escada,26,Pernambuco,PE,2,Nordeste,59836,-3653,-0.49,343,174.66,21027,2.84,1135340,0.59,116282,1019058,69743,335836,348225,265255
2605301,Exu,26,Pernambuco,PE,2,Nordeste,31843,207,0.05,1337,23.82,10157,3.13,314560,0.16,13334,301227,68588,8989,82073,141576
2605400,Feira Nova,26,Pernambuco,PE,2,Nordeste,21427,856,0.34,108,198.9,7693,2.79,211970,0.11,13028,198942,13866,27939,56867,100269
2605459,Fernando de Noronha,26,Pernambuco,PE,2,Nordeste,3167,537,1.56,19,170.19,717,2.99,136712,0.07,16661,120051,831,6882,103392,8947
2605509,Ferreiros,26,Pernambuco,PE,2,Nordeste,15026,3608,2.31,93,162.42,4937,3.04,109986,0.06,6291,103695,11056,6214,32838,53586
2605608,Flores,26,Pernambuco,PE,2,Nordeste,20347,-1822,-0.71,996,20.44,7520,2.7,183787,0.1,12716,171071,11248,12363,54601,92859
2605707,Floresta,26,Pernambuco,PE,2,Nordeste,30144,859,0.24,3605,8.36,9418,3.2,410239,0.21,45722,364516,18712,29626,165117,151060
2605806,Frei Miguelinho,26,Pernambuco,PE,2,Nordeste,13636,-657,-0.39,213,64.11,5143,2.65,133073,0.07,6565,126509,7461,8966,36767,73316
2605905,Gameleira,26,Pernambuco,PE,2,Nordeste,18214,-9698,-3.49,258,70.66,6189,2.94,242332,0.13,9173,233159,35344,5264,55725,136825
2606002,Garanhuns,26,Pernambuco,PE,2,Nordeste,142506,13098,0.81,459,310.77,49029,2.9,2995776,1.55,376513,2619264,63701,610666,1346031,598865
2606101,Glória do Goitá,26,Pernambuco,PE,2,Nordeste,29347,282,0.08,235,125.04,10182,2.88,473303,0.24,49249,424054,43975,130442,110623,139015
2606200,Goiana,26,Pernambuco,PE,2,Nordeste,81042,5811,0.62,445,181.95,27959,2.89,7469510,3.86,2106613,5362897,201515,3017630,1715367,428386
2606309,Granito,26,Pernambuco,PE,2,Nordeste,6967,112,0.14,522,13.35,2257,3.08,73775,0.04,2693,71082,17185,3439,15095,35363
2606408,Gravatá,26,Pernambuco,PE,2,Nordeste,86516,10040,1.03,507,170.52,32074,2.69,1245187,0.64,129853,1115334,47673,134636,574595,358430
2606507,Iati,26,Pernambuco,PE,2,Nordeste,17165,-1195,-0.56,635,27.03,5674,3.02,197405,0.1,7653,189752,46169,11511,39183,92889
2606606,Ibimirim,26,Pernambuco,PE,2,Nordeste,26595,630,0.2,1882,14.13,8861,3,311940,0.16,11656,300284,102641,9044,65765,122834
2606705,Ibirajuba,26,Pernambuco,PE,2,Nordeste,7140,-394,-0.45,190,37.66,2641,2.7,70154,0.04,1880,68274,13794,3089,12802,38589
2606804,Igarassu,26,Pernambuco,PE,2,Nordeste,115196,13175,1.02,307,375.38,40513,2.84,2648115,1.37,357668,2290448,63152,892753,822681,511862
2606903,Iguaracy,26,Pernambuco,PE,2,Nordeste,11082,-697,-0.51,838,13.22,4054,2.73,99616,0.05,4329,95287,14660,3205,23732,53689
2607000,Inajá,26,Pernambuco,PE,2,Nordeste,25599,5592,2.08,1231,20.79,7310,3.5,189409,0.1,10019,179391,26520,8498,44183,100189
2607109,Ingazeira,26,Pernambuco,PE,2,Nordeste,4768,272,0.49,244,19.57,1692,2.82,40500,0.02,1218,39283,4327,1354,8907,24694
2607208,Ipojuca,26,Pernambuco,PE,2,Nordeste,98932,18295,1.72,522,189.6,33191,2.97,13614273,7.04,2675195,10939078,150593,6280076,3642760,865649
2607307,Ipubi,26,Pernambuco,PE,2,Nordeste,29009,1912,0.57,694,41.8,9330,3.11,359667,0.19,26019,333647,29168,71374,96811,136294
2607406,Itacuruba,26,Pernambuco,PE,2,Nordeste,4284,-85,-0.16,430,9.96,1344,3.19,65972,0.03,2067,63905,7963,2185,14251,39505
2607505,Itaíba,26,Pernambuco,PE,2,Nordeste,32650,6528,1.88,1062,30.75,10727,3.04,266888,0.14,12874,254014,53162,15832,64852,120168
2607604,Ilha de Itamaracá,26,Pernambuco,PE,2,Nordeste,24540,2656,0.96,66,371,7778,2.77,260103,0.13,15365,244738,6917,17750,100463,119608
2607653,Itambé,26,Pernambuco,PE,2,Nordeste,34935,-463,-0.11,304,114.92,11542,3.02,497812,0.26,47600,450212,70287,16211,192196,171519
2607703,Itapetim,26,Pernambuco,PE,2,Nordeste,13788,-192,-0.12,412,33.47,5489,2.51,118358,0.06,5215,113143,12685,4377,33316,62766
2607752,Itapissuma,26,Pernambuco,PE,2,Nordeste,27749,3980,1.3,74,375.15,8221,2.92,2010207,1.04,575295,1434912,28664,841026,411673,153549
2607802,Itaquitinga,26,Pernambuco,PE,2,Nordeste,16554,449,0.23,163,101.72,5143,3.01,138324,0.07,4051,134273,18981,9156,30172,75963
2607901,Jaboatão dos Guararapes,26,Pernambuco,PE,2,Nordeste,643759,-861,-0.01,259,2488.21,235053,2.73,13295777,6.88,2348589,10947188,35514,2072659,6056583,2782432
2607950,Jaqueira,26,Pernambuco,PE,2,Nordeste,10247,-1254,-0.96,87,117.5,3262,3.14,100725,0.05,3113,97611,8135,3923,22870,62684
2608008,Jataúba,26,Pernambuco,PE,2,Nordeste,15843,-199,-0.1,715,22.17,5766,2.74,145030,0.08,6440,138589,11165,4805,39259,83360
2608057,Jatobá,26,Pernambuco,PE,2,Nordeste,14020,57,0.03,278,50.46,4687,2.98,133400,0.07,7522,125879,11480,5599,35118,73682
2608107,João Alfredo,26,Pernambuco,PE,2,Nordeste,27725,-2344,-0.67,134,206.68,10271,2.7,317215,0.16,20187,297028,11397,56947,89778,138906
2608206,Joaquim Nabuco,26,Pernambuco,PE,2,Nordeste,13269,-2463,-1.41,123,108.24,4378,3.03,140697,0.07,11231,129467,7710,21292,28477,71989
2608255,Jucati,26,Pernambuco,PE,2,Nordeste,11517,913,0.69,121,95.56,3812,3.02,123791,0.06,2723,121067,37760,3630,20918,58759
2608305,Jupi,26,Pernambuco,PE,2,Nordeste,15329,1624,0.94,105,146.22,5313,2.88,185918,0.1,9154,176764,37251,27532,42736,69245
2608404,Jurema,26,Pernambuco,PE,2,Nordeste,13648,-893,-0.53,148,92.06,4791,2.85,114074,0.06,3784,110290,8996,4047,26581,70666
2608453,Lagoa do Carro,26,Pernambuco,PE,2,Nordeste,17981,1974,0.97,70,258.1,6337,2.84,273053,0.14,19853,253200,76681,9801,75298,91420
2608503,Lagoa de Itaenga,26,Pernambuco,PE,2,Nordeste,19003,-1656,-0.69,56,338.55,6707,2.83,318581,0.16,23438,295143,23228,74836,85717,111362
2608602,Lagoa do Ouro,26,Pernambuco,PE,2,Nordeste,11933,-199,-0.14,199,60.04,4152,2.87,130522,0.07,4275,126248,34237,3714,24081,64215
2608701,Lagoa dos Gatos,26,Pernambuco,PE,2,Nordeste,14073,-1592,-0.89,225,62.56,4967,2.83,115586,0.06,3634,111952,14646,4890,23738,68679
2608750,Lagoa Grande,26,Pernambuco,PE,2,Nordeste,24088,1328,0.47,1850,13.02,8055,2.98,380783,0.2,24789,355994,128208,21832,90439,115515
2608800,Lajedo,26,Pernambuco,PE,2,Nordeste,39582,2954,0.65,189,209.32,13932,2.83,494081,0.26,45718,448363,39806,24341,201225,182990
2608909,Limoeiro,26,Pernambuco,PE,2,Nordeste,56510,1071,0.16,274,206.44,20188,2.74,752891,0.39,66750,686141,38226,72418,332996,242501
2609006,Macaparana,26,Pernambuco,PE,2,Nordeste,23879,-46,-0.02,108,221,7957,2.99,324092,0.17,20867,303225,85849,11682,88440,117254
2609105,Machados,26,Pernambuco,PE,2,Nordeste,11333,-2294,-1.52,62,183.92,3841,2.95,184145,0.1,11041,173104,40159,17955,42850,72140
2609154,Manari,26,Pernambuco,PE,2,Nordeste,23763,5876,2.4,345,68.94,6694,3.55,145440,0.08,3805,141635,7112,3324,26430,104768
2609204,Maraial,26,Pernambuco,PE,2,Nordeste,9359,-2871,-2.2,200,46.83,3094,3.02,92643,0.05,2118,90525,4679,2553,19264,64029
2609303,Mirandiba,26,Pernambuco,PE,2,Nordeste,14166,-142,-0.08,822,17.24,4467,3.17,160290,0.08,15593,144697,9715,5651,57739,71592
2609402,Moreno,26,Pernambuco,PE,2,Nordeste,55268,-1428,-0.21,194,284.6,19589,2.81,759083,0.39,96290,662793,66286,130650,203909,261947
2609501,Nazaré da Mata,26,Pernambuco,PE,2,Nordeste,30648,-148,-0.04,131,234.72,10664,2.86,590819,0.31,51946,538873,47497,134862,196148,160367
2609600,Olinda,26,Pernambuco,PE,2,Nordeste,349976,-27803,-0.64,41,8474,127261,2.74,5627058,2.91,630188,4996870,3838,703608,2797809,1491614
2609709,Orobó,26,Pernambuco,PE,2,Nordeste,21808,-1070,-0.4,139,157.43,7391,2.94,373202,0.19,13674,359528,188191,6597,65415,99325
2609808,Orocó,26,Pernambuco,PE,2,Nordeste,13613,433,0.27,555,24.54,4286,3.17,175355,0.09,9515,165841,50946,8262,33495,73137
2609907,Ouricuri,26,Pernambuco,PE,2,Nordeste,65245,2017,0.26,2382,27.4,21487,3.03,711391,0.37,56264,655127,52212,48085,271329,283500
2610004,Palmares,26,Pernambuco,PE,2,Nordeste,54584,-4942,-0.72,339,160.82,18422,2.92,832184,0.43,87297,744888,14952,28733,428796,272407
2610103,Palmeirina,26,Pernambuco,PE,2,Nordeste,7031,-1342,-1.45,169,41.65,2476,2.84,74871,0.04,1470,73401,16525,2276,14014,40587
2610202,Panelas,26,Pernambuco,PE,2,Nordeste,22991,-3046,-1.03,380,60.43,8199,2.8,208042,0.11,6422,201620,16308,5752,52101,127458
2610301,Paranatama,26,Pernambuco,PE,2,Nordeste,12199,1333,0.97,185,65.81,4207,2.9,214128,0.11,8680,205448,16578,97253,26459,65159
2610400,Parnamirim,26,Pernambuco,PE,2,Nordeste,18612,-2034,-0.86,2610,7.13,6086,3.06,185681,0.1,11294,174386,13251,8465,50363,102307
2610509,Passira,26,Pernambuco,PE,2,Nordeste,28340,-288,-0.08,327,86.61,10376,2.73,230801,0.12,12134,218666,17677,7188,68928,124874
2610608,Paudalho,26,Pernambuco,PE,2,Nordeste,56659,5298,0.82,270,210.12,18911,2.99,832246,0.43,41441,790804,314374,43843,190252,242336
2610707,Paulista,26,Pernambuco,PE,2,Nordeste,342167,41701,1.09,97,3529.97,124313,2.75,4526572,2.34,489239,4037333,13871,694399,2069410,1259652
2610806,Pedra,26,Pernambuco,PE,2,Nordeste,22795,1151,0.43,923,24.71,7725,2.95,212945,0.11,8966,203979,43145,28222,40254,92359
2610905,Pesqueira,26,Pernambuco,PE,2,Nordeste,62722,-15,0,960,65.33,22033,2.82,761269,0.39,72376,688893,36806,66139,286117,299831
2611002,Petrolândia,26,Pernambuco,PE,2,Nordeste,34161,1669,0.42,1057,32.33,10915,3.13,1774562,0.92,47832,1726729,65831,1229631,248008,183259
2611101,Petrolina,26,Pernambuco,PE,2,Nordeste,386786,92824,2.31,4562,84.79,128380,3,6879661,3.56,708387,6171274,999360,756807,2905549,1509559
2611200,Poção,26,Pernambuco,PE,2,Nordeste,10500,-519,-0.4,205,51.19,3844,2.73,89032,0.05,4093,84938,4391,3511,23149,53888
2611309,Pombos,26,Pernambuco,PE,2,Nordeste,27552,1599,0.5,240,114.88,9861,2.79,479772,0.25,54930,424842,53460,100908,146517,123957
2611408,Primavera,26,Pernambuco,PE,2,Nordeste,13838,429,0.26,113,122.31,4490,3.08,263578,0.14,15028,248550,50871,73078,49572,75029
2611507,Quipapá,26,Pernambuco,PE,2,Nordeste,17929,-6257,-2.46,231,77.74,6123,2.93,186005,0.1,8501,177504,14998,6350,44036,112120
2611533,Quixaba,26,Pernambuco,PE,2,Nordeste,6554,-185,-0.23,211,31.11,2277,2.88,57747,0.03,2111,55636,6213,1628,14230,33566
2611606,Recife,26,Pernambuco,PE,2,Nordeste,1488920,-48784,-0.27,219,6803.6,547461,2.7,50311002,26.03,8854494,41456508,57630,5721619,28435779,7241480
2611705,Riacho das Almas,26,Pernambuco,PE,2,Nordeste,20635,1473,0.62,314,65.72,7743,2.66,217391,0.11,9864,207527,47052,9711,56468,94296
2611804,Ribeirão,26,Pernambuco,PE,2,Nordeste,33507,-10990,-2.34,290,115.71,11917,2.81,493739,0.26,33142,460596,68805,38922,142523,210346
2611903,Rio Formoso,26,Pernambuco,PE,2,Nordeste,20009,-2142,-0.84,227,87.97,6438,3.11,309163,0.16,20400,288762,53504,45024,72853,117382
2612000,Sairé,26,Pernambuco,PE,2,Nordeste,10887,-353,-0.27,190,57.16,4118,2.64,168389,0.09,7859,160530,62867,5775,41191,50697
2612109,Salgadinho,26,Pernambuco,PE,2,Nordeste,5727,-3585,-3.97,87,65.66,2051,2.79,77727,0.04,1639,76088,7320,1784,14000,52984
2612208,Salgueiro,26,Pernambuco,PE,2,Nordeste,62372,5743,0.81,1679,37.16,20397,3.04,969877,0.5,121122,848755,27974,100803,442769,277209
2612307,Saloá,26,Pernambuco,PE,2,Nordeste,13836,-1473,-0.84,252,55,4791,2.88,150198,0.08,5216,144982,25557,11123,31527,76775
2612406,Sanharó,26,Pernambuco,PE,2,Nordeste,18624,-3331,-1.36,268,69.48,6603,2.82,217739,0.11,12954,204785,23032,8182,61068,112503
2612455,Santa Cruz,26,Pernambuco,PE,2,Nordeste,13841,247,0.15,1246,11.11,4366,3.17,130968,0.07,5053,125914,24179,3625,27584,70525
2612471,Santa Cruz da Baixa Verde,26,Pernambuco,PE,2,Nordeste,11567,-201,-0.14,115,100.64,3982,2.9,126212,0.07,7406,118806,8774,21811,29534,58687
2612505,Santa Cruz do Capibaribe,26,Pernambuco,PE,2,Nordeste,98254,10672,0.96,335,293.03,34712,2.81,1549852,0.8,209941,1339911,5100,191641,682181,460989
2612554,Santa Filomena,26,Pernambuco,PE,2,Nordeste,12106,-1265,-0.82,1005,12.04,4091,2.96,109429,0.06,3773,105656,13129,4174,22538,65815
2612604,Santa Maria da Boa Vista,26,Pernambuco,PE,2,Nordeste,40578,1143,0.24,3001,13.52,12529,3.23,591773,0.31,23919,567854,223948,24222,113863,205821
2612703,Santa Maria do Cambucá,26,Pernambuco,PE,2,Nordeste,14013,992,0.61,92,152.07,4940,2.84,117906,0.06,6220,111686,6319,8067,33278,64022
2612802,Santa Terezinha,26,Pernambuco,PE,2,Nordeste,10244,-845,-0.66,200,51.14,3734,2.74,92572,0.05,3951,88622,5612,5738,22348,54923
2612901,São Benedito do Sul,26,Pernambuco,PE,2,Nordeste,13113,-828,-0.51,160,81.71,3851,3.4,106077,0.05,2603,103475,7408,2591,19564,73912
2613008,São Bento do Una,26,Pernambuco,PE,2,Nordeste,49448,-3794,-0.61,719,68.76,17189,2.87,1335884,0.69,42766,1293118,829435,42597,174702,246383
2613107,São Caitano,26,Pernambuco,PE,2,Nordeste,37126,1852,0.43,382,97.07,13465,2.75,406434,0.21,41845,364589,29195,39679,126557,169159
2613206,São João,26,Pernambuco,PE,2,Nordeste,23835,2523,0.94,259,92.2,7923,3.01,264106,0.14,19131,244975,58942,8642,74331,103061
2613305,São Joaquim do Monte,26,Pernambuco,PE,2,Nordeste,20037,-451,-0.19,227,88.12,7203,2.78,175782,0.09,8181,167601,16344,5892,45595,99770
2613404,São José da Coroa Grande,26,Pernambuco,PE,2,Nordeste,18825,645,0.29,69,272.1,6103,3.08,251483,0.13,25907,225576,12481,8893,101623,102580
2613503,São José do Belmonte,26,Pernambuco,PE,2,Nordeste,34843,2226,0.55,1474,23.64,11524,3.02,303735,0.16,19758,283977,17173,16820,100884,149099
2613602,São José do Egito,26,Pernambuco,PE,2,Nordeste,31004,-578,-0.15,774,40.05,11850,2.61,393329,0.2,29445,363884,63989,14658,137307,147930
2613701,São Lourenço da Mata,26,Pernambuco,PE,2,Nordeste,111243,8354,0.65,264,421.88,39424,2.82,1314286,0.68,140158,1174128,49752,124284,532260,467833
2613800,São Vicente Férrer,26,Pernambuco,PE,2,Nordeste,16677,-292,-0.14,113,148.17,5669,2.94,213880,0.11,11834,202046,61090,6452,52349,82156
2613909,Serra Talhada,26,Pernambuco,PE,2,Nordeste,92228,12996,1.27,2980,30.95,32415,2.84,1583082,0.82,242486,1340596,45865,112466,815823,366442
2614006,Serrita,26,Pernambuco,PE,2,Nordeste,18207,-239,-0.11,1535,11.86,5578,3.26,148601,0.08,4719,143882,20366,4060,31272,88183
2614105,Sertânia,26,Pernambuco,PE,2,Nordeste,32811,-976,-0.24,2422,13.55,11767,2.78,360987,0.19,47432,313555,15583,18548,114497,164928
2614204,Sirinhaém,26,Pernambuco,PE,2,Nordeste,37596,-2700,-0.58,374,100.44,11889,3.16,586992,0.3,38669,548324,123081,72012,143745,209486
2614303,Moreilândia,26,Pernambuco,PE,2,Nordeste,10540,-477,-0.37,404,26.07,3487,3.02,89463,0.05,2654,86809,12146,2117,19190,53355
2614402,Solidão,26,Pernambuco,PE,2,Nordeste,5210,-534,-0.81,138,37.65,1796,2.89,48858,0.03,1211,47648,5646,1114,9702,31185
2614501,Surubim,26,Pernambuco,PE,2,Nordeste,64120,5605,0.77,253,253.54,22722,2.82,821966,0.43,82206,739761,24842,70179,373501,271239
2614600,Tabira,26,Pernambuco,PE,2,Nordeste,27681,1245,0.38,390,70.9,9976,2.77,284171,0.15,23572,260600,13321,14344,103092,129843
2614709,Tacaimbó,26,Pernambuco,PE,2,Nordeste,13738,1013,0.64,228,60.36,4827,2.71,156567,0.08,8129,148438,38440,15371,33927,60700
2614808,Tacaratu,26,Pernambuco,PE,2,Nordeste,23902,1834,0.67,1265,18.9,7343,3.25,204058,0.11,8089,195969,9778,25216,44630,116344
2614857,Tamandaré,26,Pernambuco,PE,2,Nordeste,23561,2846,1.08,214,110.23,7632,3.09,335931,0.17,24939,310992,12349,20999,156251,121394
2615003,Taquaritinga do Norte,26,Pernambuco,PE,2,Nordeste,24736,-167,-0.06,475,52.06,8905,2.77,291228,0.15,19272,271956,8650,49557,91914,121835
2615102,Terezinha,26,Pernambuco,PE,2,Nordeste,6513,-224,-0.28,151,43,2153,3.02,70058,0.04,2298,67760,10711,2688,13761,40601
2615201,Terra Nova,26,Pernambuco,PE,2,Nordeste,8920,64,0.06,319,27.99,2839,3.14,79876,0.04,7820,72057,4812,2544,17280,47421
2615300,Timbaúba,26,Pernambuco,PE,2,Nordeste,46147,-7678,-1.27,288,160.41,16204,2.84,673361,0.35,62922,610439,25455,54558,297880,232546
2615409,Toritama,26,Pernambuco,PE,2,Nordeste,41137,5583,1.22,26,1600.41,14213,2.89,707404,0.37,73355,634050,422,144676,283636,205315
2615508,Tracunhaém,26,Pernambuco,PE,2,Nordeste,13867,812,0.5,137,100.98,4665,2.97,137614,0.07,7158,130456,22778,7334,38592,61751
2615607,Trindade,26,Pernambuco,PE,2,Nordeste,30321,3179,0.93,296,102.52,9899,3.06,344865,0.18,30111,314754,9344,59767,120254,125390
2615706,Triunfo,26,Pernambuco,PE,2,Nordeste,14705,-301,-0.17,192,76.78,5276,2.78,146940,0.08,9961,136979,9494,5081,50757,71647
2615805,Tupanatinga,26,Pernambuco,PE,2,Nordeste,26940,2515,0.82,935,28.82,7917,3.4,200473,0.1,8370,192103,18661,6958,41052,125431
2615904,Tuparetama,26,Pernambuco,PE,2,Nordeste,8005,39,0.04,190,42.24,2953,2.7,79114,0.04,5271,73843,6151,3187,26464,38042
2616001,Venturosa,26,Pernambuco,PE,2,Nordeste,17251,818,0.41,336,51.33,5797,2.97,221338,0.11,10614,210724,29465,41608,57846,81805
2616100,Verdejante,26,Pernambuco,PE,2,Nordeste,9169,27,0.02,476,19.26,2958,3.1,72259,0.04,2568,69691,5165,2739,17075,44712
2616183,Vertente do Lério,26,Pernambuco,PE,2,Nordeste,7558,-315,-0.34,74,102.65,2655,2.84,74898,0.04,2565,72333,4725,10938,17065,39604
2616209,Vertentes,26,Pernambuco,PE,2,Nordeste,21959,3737,1.57,196,111.85,7860,2.79,178813,0.09,11495,167318,7087,8165,61313,90752
2616308,Vicência,26,Pernambuco,PE,2,Nordeste,26359,-4373,-1.27,228,115.6,9077,2.9,448980,0.23,18832,430148,139243,38594,95997,156314
2616407,Vitória de Santo Antão,26,Pernambuco,PE,2,Nordeste,134110,6093,0.39,337,398.46,48335,2.77,4205949,2.18,757493,3448456,102982,1128775,1632206,584493
2616506,Xexéu,26,Pernambuco,PE,2,Nordeste,11611,-2482,-1.6,111,104.78,3951,2.94,136406,0.07,7380,129026,11390,3815,36947,76873
2700102,Água Branca,27,Alagoas,AL,2,Nordeste,19008,-381,-0.17,468,40.6,5710,3.33,166660,0.26,5412,161248,16892,7360,40594,96402
2700201,Anadia,27,Alagoas,AL,2,Nordeste,13811,-3507,-1.87,186,74.2,4731,2.92,232436,0.37,5404,227032,90380,10366,42188,84097
2700300,Arapiraca,27,Alagoas,AL,2,Nordeste,234696,21025,0.79,346,678.99,77704,3.01,5233674,8.28,571889,4661784,906092,442521,2393971,919199
2700409,Atalaia,27,Alagoas,AL,2,Nordeste,37512,-6814,-1.38,533,70.34,11955,3.13,1077112,1.7,25313,1051799,606700,44729,181005,219364
2700508,Barra de Santo Antônio,27,Alagoas,AL,2,Nordeste,16365,2135,1.17,131,124.58,5229,3.12,204559,0.32,3574,200984,79440,5671,38580,77294
2700607,Barra de São Miguel,27,Alagoas,AL,2,Nordeste,7944,370,0.4,74,106.99,2528,3.13,227378,0.36,10127,217251,50044,18897,100162,48147
2700706,Batalha,27,Alagoas,AL,2,Nordeste,16448,-321,-0.16,316,52.07,5123,3.21,190692,0.3,10037,180655,21433,12307,59448,87466
2700805,Belém,27,Alagoas,AL,2,Nordeste,4722,-107,-0.19,67,70.87,1676,2.82,179197,0.28,1008,178190,130863,3475,16556,27296
2700904,Belo Monte,27,Alagoas,AL,2,Nordeste,5936,-540,-0.72,334,17.77,1844,3.22,116390,0.18,1789,114602,47232,17122,14643,35604
2701001,Boca da Mata,27,Alagoas,AL,2,Nordeste,21187,-4729,-1.66,193,109.78,7023,3.01,450512,0.71,20240,430271,186490,40925,80840,122017
2701100,Branquinha,27,Alagoas,AL,2,Nordeste,9603,-980,-0.81,168,57.14,3064,3.06,690818,1.09,2279,688539,574689,10483,46542,56825
2701209,Cacimbinhas,27,Alagoas,AL,2,Nordeste,10476,176,0.14,282,37.19,3579,2.92,115876,0.18,3099,112778,27822,4482,25730,54745
2701308,Cajueiro,27,Alagoas,AL,2,Nordeste,16024,-4082,-1.87,94,169.82,4961,3.23,193910,0.31,4757,189153,31246,4799,44057,109051
2701357,Campestre,27,Alagoas,AL,2,Nordeste,6665,67,0.08,66,101.12,2090,3.19,61777,0.1,977,60800,13037,1342,12153,34268
2701407,Campo Alegre,27,Alagoas,AL,2,Nordeste,32106,-19015,-3.8,313,102.66,10301,3.11,606217,0.96,46863,559354,98439,91263,124015,245638
2701506,Campo Grande,27,Alagoas,AL,2,Nordeste,8142,-1102,-1.05,170,47.85,2655,3.07,91062,0.14,3225,87837,13132,5415,18623,50667
2701605,Canapi,27,Alagoas,AL,2,Nordeste,15559,-1779,-0.9,603,25.81,5047,3.08,134880,0.21,4101,130778,12939,3748,29105,84987
2701704,Capela,27,Alagoas,AL,2,Nordeste,15032,-2335,-1.2,264,57,4650,3.2,213771,0.34,5065,208706,56687,6353,51951,93716
2701803,Carneiros,27,Alagoas,AL,2,Nordeste,8999,584,0.56,112,80.57,2742,3.25,70792,0.11,1876,68916,4443,2260,16274,45940
2701902,Chã Preta,27,Alagoas,AL,2,Nordeste,5910,-1228,-1.56,158,37.45,1931,3.04,135112,0.21,1413,133699,83614,2423,14422,33240
2702009,Coité do Nóia,27,Alagoas,AL,2,Nordeste,10810,-116,-0.09,89,121.79,3609,2.99,147470,0.23,2700,144770,68179,3499,25420,47672
2702108,Colônia Leopoldina,27,Alagoas,AL,2,Nordeste,15816,-4203,-1.94,208,76.06,5176,3.05,368572,0.58,10547,358025,184326,22283,57488,93929
2702207,Coqueiro Seco,27,Alagoas,AL,2,Nordeste,5581,55,0.08,40,140.91,1859,3,77816,0.12,1177,76639,28261,2138,12820,33421
2702306,Coruripe,27,Alagoas,AL,2,Nordeste,50414,-1658,-0.27,898,56.15,16396,3.07,1735605,2.75,189340,1546265,547765,401705,337817,258977
2702355,Craíbas,27,Alagoas,AL,2,Nordeste,25397,2612,0.91,279,91.07,8074,3.14,316716,0.5,16932,299784,77633,49328,64156,108667
2702405,Delmiro Gouveia,27,Alagoas,AL,2,Nordeste,51319,2920,0.49,629,81.65,17074,3,623323,0.99,34555,588767,44872,55930,248633,239333
2702504,Dois Riachos,27,Alagoas,AL,2,Nordeste,9805,-1089,-0.87,142,69.23,3265,3,86124,0.14,2720,83404,12269,2659,17753,50723
2702553,Estrela de Alagoas,27,Alagoas,AL,2,Nordeste,15429,-1858,-0.94,261,59.17,5540,2.78,127020,0.2,2897,124123,22089,4284,25903,71847
2702603,Feira Grande,27,Alagoas,AL,2,Nordeste,22712,1199,0.45,176,129.11,7399,3.07,350251,0.55,4055,346196,181625,11322,44619,108630
2702702,Feliz Deserto,27,Alagoas,AL,2,Nordeste,3963,-440,-0.87,110,36.01,1327,2.99,126801,0.2,4054,122747,69681,13441,16758,22867
2702801,Flexeiras,27,Alagoas,AL,2,Nordeste,9618,-2707,-2.05,334,28.82,3103,3.1,269941,0.43,2584,267357,173693,6663,29905,57096
2702900,Girau do Ponciano,27,Alagoas,AL,2,Nordeste,36102,-735,-0.17,513,70.31,11035,3.2,482110,0.76,13701,468409,177466,13111,101028,176804
2703007,Ibateguara,27,Alagoas,AL,2,Nordeste,13731,-1418,-0.82,265,51.75,4585,2.99,146439,0.23,2382,144056,48025,4064,26062,65905
2703106,Igaci,27,Alagoas,AL,2,Nordeste,23995,-1202,-0.41,334,71.77,8423,2.85,262941,0.42,4925,258016,92761,7259,49724,108272
2703205,Igreja Nova,27,Alagoas,AL,2,Nordeste,21372,-1702,-0.64,427,50.11,7097,3.01,438268,0.69,30922,407346,164734,69031,59802,113779
2703304,Inhapi,27,Alagoas,AL,2,Nordeste,15167,-2719,-1.36,372,40.77,4793,3.16,141572,0.22,5142,136429,18677,3926,34367,79459
2703403,Jacaré dos Homens,27,Alagoas,AL,2,Nordeste,5083,-378,-0.6,149,34.12,1632,3.11,63558,0.1,1154,62404,15370,1969,11502,33563
2703502,Jacuípe,27,Alagoas,AL,2,Nordeste,5352,-1645,-2.21,209,25.64,1751,3.04,153525,0.24,1050,152474,102834,3137,14499,32004
2703601,Japaratinga,27,Alagoas,AL,2,Nordeste,9219,1465,1.45,85,108.01,2873,3.2,190123,0.3,5910,184214,78750,5260,62570,37634
2703700,Jaramataia,27,Alagoas,AL,2,Nordeste,4985,-742,-1.15,105,47.29,1595,3.12,61957,0.1,1175,60782,19361,1497,10135,29790
2703759,Jequiá da Praia,27,Alagoas,AL,2,Nordeste,9470,-2254,-1.76,334,28.33,2985,3.17,283288,0.45,6201,277087,173957,14962,28171,59998
2703809,Joaquim Gomes,27,Alagoas,AL,2,Nordeste,17152,-5423,-2.26,298,57.52,5335,3.21,338476,0.54,3820,334656,182022,7869,41250,103515
2703908,Jundiá,27,Alagoas,AL,2,Nordeste,4093,-144,-0.29,89,46.1,1367,2.99,44245,0.07,882,43363,10502,1522,8459,22880
2704005,Junqueiro,27,Alagoas,AL,2,Nordeste,23907,-285,-0.1,248,96.51,8022,2.98,425620,0.67,9618,416001,197530,21480,80673,116319
2704104,Lagoa da Canoa,27,Alagoas,AL,2,Nordeste,18457,238,0.11,84,220.72,5935,3.1,239908,0.38,4384,235524,95819,10236,40564,88905
2704203,Limoeiro de Anadia,27,Alagoas,AL,2,Nordeste,24740,-1896,-0.61,309,80.01,8055,3.07,541608,0.86,25417,516192,272140,27962,77416,138674
2704302,Maceió,27,Alagoas,AL,2,Nordeste,957916,25274,0.22,509,1880.77,335771,2.84,22872756,36.19,3198193,19674563,216129,3328945,12389122,3740367
2704401,Major Isidoro,27,Alagoas,AL,2,Nordeste,17700,-1053,-0.48,443,39.98,5880,3.01,208851,0.33,6977,201873,56673,7105,51192,86903
2704500,Maragogi,27,Alagoas,AL,2,Nordeste,32174,3425,0.94,334,96.28,10035,3.19,722600,1.14,28462,694138,277826,25721,241026,149566
2704609,Maravilha,27,Alagoas,AL,2,Nordeste,9534,-956,-0.79,332,28.68,3205,2.97,79834,0.13,2467,77366,16742,2467,17997,40161
2704708,Marechal Deodoro,27,Alagoas,AL,2,Nordeste,60370,14352,2.29,341,177.05,19623,3.07,2835700,4.49,740587,2095112,129249,1044472,639810,281581
2704807,Maribondo,27,Alagoas,AL,2,Nordeste,13679,31,0.02,180,75.95,4435,3.08,163136,0.26,7566,155570,30965,5183,62525,56898
2704906,Mar Vermelho,27,Alagoas,AL,2,Nordeste,3155,-468,-1.15,92,34.39,1062,2.97,54831,0.09,2367,52464,13710,1782,17202,19770
2705002,Mata Grande,27,Alagoas,AL,2,Nordeste,21844,-2875,-1.03,915,23.88,7057,3.09,307996,0.49,5493,302503,130659,6904,49755,115185
2705101,Matriz de Camaragibe,27,Alagoas,AL,2,Nordeste,23857,-280,-0.1,238,100.19,7342,3.24,312881,0.5,23874,289007,63789,45177,75874,104167
2705200,Messias,27,Alagoas,AL,2,Nordeste,15405,-328,-0.18,114,134.95,4979,3.08,175581,0.28,6875,168707,36124,24454,37560,70569
2705309,Minador do Negrão,27,Alagoas,AL,2,Nordeste,4845,-430,-0.71,167,28.93,1621,2.99,60547,0.1,1443,59104,19715,1534,10681,27175
2705408,Monteirópolis,27,Alagoas,AL,2,Nordeste,7184,250,0.3,87,82.95,2211,3.25,71505,0.11,3672,67833,5990,7810,14871,39161
2705507,Murici,27,Alagoas,AL,2,Nordeste,25187,-1440,-0.46,418,60.25,7707,3.25,423387,0.67,12100,411287,202964,20106,73220,114998
2705606,Novo Lino,27,Alagoas,AL,2,Nordeste,10024,-1649,-1.26,216,46.5,3242,3.09,182701,0.29,3455,179246,82235,4216,31779,61016
2705705,Olho d'Água das Flores,27,Alagoas,AL,2,Nordeste,20695,78,0.03,188,109.95,6787,3.04,229413,0.36,19113,210300,14376,13311,93370,89242
2705804,Olho d'Água do Casado,27,Alagoas,AL,2,Nordeste,8349,-142,-0.14,328,25.48,2600,3.21,81415,0.13,2697,78718,9368,2860,19137,47354
2705903,Olho d'Água Grande,27,Alagoas,AL,2,Nordeste,4330,-620,-1.11,117,37.01,1377,3.14,59873,0.09,1233,58641,17871,1513,9198,30058
2706000,Olivença,27,Alagoas,AL,2,Nordeste,10812,-217,-0.17,175,61.68,3575,3.02,92094,0.15,3417,88677,10661,3005,22527,52485
2706109,Ouro Branco,27,Alagoas,AL,2,Nordeste,11446,598,0.45,197,58.23,3970,2.88,94348,0.15,3198,91150,10275,5012,22046,53817
2706208,Palestina,27,Alagoas,AL,2,Nordeste,4325,-321,-0.59,38,113.25,1321,3.26,38730,0.06,627,38103,2194,1453,7561,26895
2706307,Palmeira dos Índios,27,Alagoas,AL,2,Nordeste,71574,1233,0.14,451,158.7,24453,2.92,997069,1.58,65833,931236,117273,78720,411289,323954
2706406,Pão de Açúcar,27,Alagoas,AL,2,Nordeste,23823,-454,-0.16,689,34.58,7567,3.15,231339,0.37,9119,222220,38690,13338,56683,113510
2706422,Pariconha,27,Alagoas,AL,2,Nordeste,10573,346,0.28,255,41.51,3262,3.24,119538,0.19,2476,117061,42002,4697,18992,51370
2706448,Paripueira,27,Alagoas,AL,2,Nordeste,13835,2488,1.67,93,149.1,4383,3.15,180548,0.29,6641,173906,28914,27466,53736,63790
2706505,Passo de Camaragibe,27,Alagoas,AL,2,Nordeste,13804,-959,-0.56,251,54.93,4229,3.26,273482,0.43,4308,269174,134815,7458,42368,84533
2706604,Paulo Jacinto,27,Alagoas,AL,2,Nordeste,6576,-850,-1.01,118,55.51,2291,2.87,86050,0.14,1945,84105,26946,3146,14839,39174
2706703,Penedo,27,Alagoas,AL,2,Nordeste,58647,-1949,-0.27,688,85.19,19610,2.99,826574,1.31,38448,788126,172223,36264,316283,263356
2706802,Piaçabuçu,27,Alagoas,AL,2,Nordeste,15897,-1306,-0.66,244,65.24,5246,3.03,403826,0.64,8576,395250,248002,11926,56686,78637
2706901,Pilar,27,Alagoas,AL,2,Nordeste,35370,2065,0.5,260,136.24,11594,3.05,557176,0.88,41587,515589,67520,82531,162785,202754
2707008,Pindoba,27,Alagoas,AL,2,Nordeste,2731,-135,-0.4,117,23.32,829,3.28,44144,0.07,480,43664,16526,840,5693,20605
2707107,Piranhas,27,Alagoas,AL,2,Nordeste,22609,-436,-0.16,404,55.96,7024,3.22,296792,0.47,12203,284589,62420,13567,82510,126091
2707206,Poço das Trincheiras,27,Alagoas,AL,2,Nordeste,12518,-1230,-0.78,284,44.04,4049,3.08,107354,0.17,2291,105064,16755,2778,20081,65450
2707305,Porto Calvo,27,Alagoas,AL,2,Nordeste,24071,-1637,-0.55,313,76.85,7636,3.15,341389,0.54,18009,323381,79115,33666,97258,113342
2707404,Porto de Pedras,27,Alagoas,AL,2,Nordeste,9295,866,0.82,257,36.15,2820,3.27,231351,0.37,4209,227142,126201,7977,41523,51441
2707503,Porto Real do Colégio,27,Alagoas,AL,2,Nordeste,20079,938,0.4,236,85.13,6509,3.08,221238,0.35,8188,213050,68577,5413,47025,92035
2707602,Quebrangulo,27,Alagoas,AL,2,Nordeste,11080,-400,-0.3,320,34.64,3683,3,173900,0.28,3581,170319,84025,6848,23917,55529
2707701,Rio Largo,27,Alagoas,AL,2,Nordeste,93927,23242,2.4,294,319.68,31230,3.01,1311046,2.07,201842,1109204,48593,213110,509108,338394
2707800,Roteiro,27,Alagoas,AL,2,Nordeste,6474,-182,-0.23,129,50.21,1987,3.26,157727,0.25,2031,155697,89382,2929,21442,41945
2707909,Santa Luzia do Norte,27,Alagoas,AL,2,Nordeste,6919,28,0.03,29,239.77,2184,3.17,194039,0.31,41846,152193,18895,55918,37822,39559
2708006,Santana do Ipanema,27,Alagoas,AL,2,Nordeste,46220,1353,0.25,436,105.97,15098,3.05,575685,0.91,52207,523478,27852,28754,289395,177476
2708105,Santana do Mundaú,27,Alagoas,AL,2,Nordeste,11323,326,0.24,232,48.77,3815,2.97,1379720,2.18,3652,1376068,1210894,20265,86871,58039
2708204,São Brás,27,Alagoas,AL,2,Nordeste,6555,-163,-0.2,139,47.15,2129,3.08,108439,0.17,3512,104927,47877,6945,12668,37436
2708303,São José da Laje,27,Alagoas,AL,2,Nordeste,20813,-1873,-0.72,257,81.11,6822,3.05,413726,0.65,45694,368033,92909,102784,74994,97346
2708402,São José da Tapera,27,Alagoas,AL,2,Nordeste,30604,595,0.16,491,62.35,9534,3.21,283922,0.45,9895,274027,33181,20931,69296,150620
2708501,São Luís do Quitunde,27,Alagoas,AL,2,Nordeste,30873,-1539,-0.4,397,77.72,9300,3.32,766119,1.21,77262,688857,242847,175990,122476,147545
2708600,São Miguel dos Campos,27,Alagoas,AL,2,Nordeste,51990,-2512,-0.39,336,154.88,16921,3.06,992621,1.57,66221,926400,98193,205651,331462,291094
2708709,São Miguel dos Milagres,27,Alagoas,AL,2,Nordeste,8482,1319,1.42,77,110.54,2685,3.16,176046,0.28,4056,171990,70873,5269,54865,40983
2708808,São Sebastião,27,Alagoas,AL,2,Nordeste,31786,-224,-0.06,315,100.93,10475,3.02,670597,1.06,15203,655394,348726,15236,143987,147445
2708907,Satuba,27,Alagoas,AL,2,Nordeste,24278,11835,5.73,41,588.3,7880,3.08,203612,0.32,15907,187706,5245,33822,75845,72794
2708956,Senador Rui Palmeira,27,Alagoas,AL,2,Nordeste,12302,-672,-0.44,339,36.34,3681,3.34,101818,0.16,2537,99281,12251,2308,19520,65203
2709004,Tanque d'Arca,27,Alagoas,AL,2,Nordeste,5796,-453,-0.63,125,46.51,2063,2.81,79167,0.13,1168,77999,30741,1723,12018,33517
2709103,Taquarana,27,Alagoas,AL,2,Nordeste,19032,417,0.18,154,123.71,6492,2.92,380128,0.6,11017,369111,199782,10341,68697,90292
2709152,Teotônio Vilela,27,Alagoas,AL,2,Nordeste,38053,-3099,-0.65,299,127.17,12346,3.08,784584,1.24,22447,762138,369265,29974,147256,215643
2709202,Traipu,27,Alagoas,AL,2,Nordeste,23565,-2427,-0.81,682,34.57,7354,3.2,262374,0.42,5486,256888,87507,10140,33979,125262
2709301,União dos Palmares,27,Alagoas,AL,2,Nordeste,59280,-3046,-0.42,420,141.02,19749,2.96,1283500,2.03,49149,1234351,590138,35061,298968,310183
2709400,Viçosa,27,Alagoas,AL,2,Nordeste,24092,-1422,-0.48,368,65.49,7917,3.03,481429,0.76,11306,470124,207732,21989,106390,134013
2800100,Amparo do São Francisco,28,Sergipe,SE,2,Nordeste,2170,-105,-0.39,36,60.81,743,2.92,33738,0.07,1611,32127,1420,3880,6085,20742
2800209,Aquidabã,28,Sergipe,SE,2,Nordeste,20131,75,0.03,360,55.99,7417,2.71,261809,0.58,13542,248267,41774,13231,77684,115578
2800308,Aracaju,28,Sergipe,SE,2,Nordeste,602757,31608,0.45,182,3308.89,218513,2.75,16447105,36.22,1976230,14470876,3914,2055772,9198345,3212845
2800407,Arauá,28,Sergipe,SE,2,Nordeste,10318,-560,-0.44,199,51.86,3630,2.84,122779,0.27,5858,116920,29030,6014,24725,57151
2800506,Areia Branca,28,Sergipe,SE,2,Nordeste,18081,1224,0.59,148,122.06,6149,2.81,231211,0.51,14349,216862,46882,12739,57359,99881
2800605,Barra dos Coqueiros,28,Sergipe,SE,2,Nordeste,41511,16535,4.32,92,449.9,14525,2.86,1113778,2.45,177073,936705,3239,537161,193721,202583
2800670,Boquim,28,Sergipe,SE,2,Nordeste,24638,-895,-0.3,205,119.93,8868,2.77,303558,0.67,24685,278873,25210,12260,104506,136897
2800704,Brejo Grande,28,Sergipe,SE,2,Nordeste,7841,99,0.11,141,55.43,2471,3.17,92232,0.2,4080,88152,15073,3950,18698,50430
2801009,Campo do Brito,28,Sergipe,SE,2,Nordeste,18149,1400,0.67,202,90.06,6792,2.67,229424,0.51,13358,216066,17851,31506,70578,96131
2801108,Canhoba,28,Sergipe,SE,2,Nordeste,3791,-165,-0.35,172,22.09,1268,2.99,65003,0.14,2825,62177,21222,3150,10513,27291
2801207,Canindé de São Francisco,28,Sergipe,SE,2,Nordeste,26834,2180,0.71,934,28.73,8712,3.07,3161604,6.96,23108,3138496,25091,2787086,129776,196543
2801306,Capela,28,Sergipe,SE,2,Nordeste,31645,884,0.24,442,71.56,10837,2.91,355621,0.78,17720,337901,27651,18208,105429,186613
2801405,Carira,28,Sergipe,SE,2,Nordeste,19939,-260,-0.11,639,31.22,7399,2.69,423278,0.93,33614,389665,127888,24924,116572,120280
2801504,Carmópolis,28,Sergipe,SE,2,Nordeste,13853,350,0.21,46,298.59,4689,2.95,376994,0.83,32899,344095,3576,113283,96386,130850
2801603,Cedro de São João,28,Sergipe,SE,2,Nordeste,5391,-242,-0.37,84,64.4,1933,2.79,57569,0.13,2415,55154,3129,3131,16325,32568
2801702,Cristinápolis,28,Sergipe,SE,2,Nordeste,17100,1013,0.51,229,74.82,5757,2.96,225021,0.5,12964,212057,36854,13432,54696,107075
2801900,Cumbe,28,Sergipe,SE,2,Nordeste,3824,11,0.02,128,29.78,1368,2.79,58743,0.13,3277,55466,17963,2825,10991,23688
2802007,Divina Pastora,28,Sergipe,SE,2,Nordeste,4340,14,0.03,91,47.95,1453,2.99,120171,0.26,3635,116535,6221,45993,23768,40554
2802106,Estância,28,Sergipe,SE,2,Nordeste,65078,669,0.09,647,100.53,23221,2.79,2066404,4.55,395213,1671191,76615,625547,592393,376637
2802205,Feira Nova,28,Sergipe,SE,2,Nordeste,5975,651,0.97,183,32.6,2120,2.82,93814,0.21,6203,87610,28718,6487,17751,34654
2802304,Frei Paulo,28,Sergipe,SE,2,Nordeste,14530,656,0.39,399,36.4,5066,2.87,320616,0.71,31425,289191,77931,45013,83157,83091
2802403,Gararu,28,Sergipe,SE,2,Nordeste,11096,-309,-0.23,657,16.89,3949,2.8,136759,0.3,7536,129223,36132,7200,23543,62348
2802502,General Maynard,28,Sergipe,SE,2,Nordeste,3037,108,0.3,20,153.44,1111,2.73,36504,0.08,894,35610,998,1953,7598,25061
2802601,Gracho Cardoso,28,Sergipe,SE,2,Nordeste,5834,189,0.27,243,24.04,2115,2.75,84742,0.19,4949,79793,28176,3918,16084,31615
2802700,Ilha das Flores,28,Sergipe,SE,2,Nordeste,8321,-27,-0.03,53,157.91,2767,3,85965,0.19,3485,82479,7469,3821,21628,49562
2802809,Indiaroba,28,Sergipe,SE,2,Nordeste,16549,718,0.37,316,52.32,5261,3.14,203744,0.45,9620,194124,43565,5511,40531,104518
2802908,Itabaiana,28,Sergipe,SE,2,Nordeste,103439,16472,1.46,337,306.67,37877,2.72,1913873,4.21,234443,1679430,174636,133415,893481,477899
2803005,Itabaianinha,28,Sergipe,SE,2,Nordeste,40678,1768,0.37,502,81.07,13332,3.05,471155,1.04,29987,441167,53699,39084,145486,202898
2803104,Itabi,28,Sergipe,SE,2,Nordeste,4745,-227,-0.39,183,25.87,1829,2.58,66004,0.15,3890,62114,11951,4533,15539,30090
2803203,Itaporanga d'Ajuda,28,Sergipe,SE,2,Nordeste,34411,3992,1.03,740,46.52,12179,2.82,864283,1.9,152722,711561,49066,259502,209024,193969
2803302,Japaratuba,28,Sergipe,SE,2,Nordeste,16209,-655,-0.33,366,44.33,5679,2.85,380292,0.84,17183,363109,43044,120252,84921,114891
2803401,Japoatã,28,Sergipe,SE,2,Nordeste,13407,171,0.11,402,33.32,4575,2.93,191960,0.42,10154,181805,53366,7866,45189,75385
2803500,Lagarto,28,Sergipe,SE,2,Nordeste,101579,6718,0.57,969,104.84,36747,2.76,1634264,3.6,169534,1464731,113183,230107,600969,520472
2803609,Laranjeiras,28,Sergipe,SE,2,Nordeste,23975,-2927,-0.96,162,147.74,7833,3.06,666530,1.47,99860,566671,25309,183251,173139,184972
2803708,Macambira,28,Sergipe,SE,2,Nordeste,6838,437,0.55,137,49.73,2486,2.73,86849,0.19,4951,81897,16973,4579,20679,39666
2803807,Malhada dos Bois,28,Sergipe,SE,2,Nordeste,3579,123,0.29,63,56.63,1197,2.98,46928,0.1,2662,44266,1857,2569,14596,25243
2803906,Malhador,28,Sergipe,SE,2,Nordeste,11533,-509,-0.36,102,113.19,4176,2.76,172061,0.38,7202,164859,60460,6220,34009,64171
2804003,Maruim,28,Sergipe,SE,2,Nordeste,15719,-624,-0.32,96,164.5,5251,2.99,347421,0.77,45044,302376,11819,98500,86662,105395
2804102,Moita Bonita,28,Sergipe,SE,2,Nordeste,11050,49,0.04,95,115.81,4204,2.63,222054,0.49,12216,209838,106051,7376,39861,56551
2804201,Monte Alegre de Sergipe,28,Sergipe,SE,2,Nordeste,14336,921,0.55,387,37.05,4814,2.97,190720,0.42,13475,177245,33163,9811,51385,82886
2804300,Muribeca,28,Sergipe,SE,2,Nordeste,7822,478,0.53,74,105.26,2775,2.82,91097,0.2,4153,86945,8020,10641,24868,43415
2804409,Neópolis,28,Sergipe,SE,2,Nordeste,16426,-2080,-0.99,271,60.54,5729,2.87,278433,0.61,23449,254984,58575,20208,79153,97048
2804458,Nossa Senhora Aparecida,28,Sergipe,SE,2,Nordeste,9232,724,0.68,341,27.09,3376,2.73,107700,0.24,6844,100857,24452,8651,23066,44688
2804508,Nossa Senhora da Glória,28,Sergipe,SE,2,Nordeste,41202,8705,2,758,54.33,14290,2.85,699386,1.54,74526,624860,88640,72533,274096,189591
2804607,Nossa Senhora das Dores,28,Sergipe,SE,2,Nordeste,24996,416,0.14,482,51.81,9129,2.73,390194,0.86,33262,356932,36606,46842,128370,145113
2804706,Nossa Senhora de Lourdes,28,Sergipe,SE,2,Nordeste,6268,30,0.04,84,74.83,2244,2.78,76431,0.17,4202,72229,12827,3392,21412,34599
2804805,Nossa Senhora do Socorro,28,Sergipe,SE,2,Nordeste,192330,31503,1.5,155,1240.69,67033,2.86,2773894,6.11,394295,2379598,9391,467582,1019014,883610
2804904,Pacatuba,28,Sergipe,SE,2,Nordeste,12502,-603,-0.39,381,32.78,4190,2.98,205532,0.45,15745,189787,32031,30746,35562,91448
2805000,Pedra Mole,28,Sergipe,SE,2,Nordeste,2778,-196,-0.57,82,33.79,957,2.9,51907,0.11,2498,49409,17702,1787,8320,21600
2805109,Pedrinhas,28,Sergipe,SE,2,Nordeste,7396,-1437,-1.47,33,221.81,2682,2.75,90063,0.2,4001,86062,7173,2610,23798,52481
2805208,Pinhão,28,Sergipe,SE,2,Nordeste,5677,-296,-0.42,156,36.3,2028,2.79,92712,0.2,5476,87236,26759,3494,19095,37887
2805307,Pirambu,28,Sergipe,SE,2,Nordeste,7913,-456,-0.47,209,37.92,2629,3,127541,0.28,4770,122771,7781,21849,31121,62020
2805406,Poço Redondo,28,Sergipe,SE,2,Nordeste,33439,2551,0.66,1220,27.4,10755,3.1,364635,0.8,22219,342416,67887,24534,75106,174889
2805505,Poço Verde,28,Sergipe,SE,2,Nordeste,21794,-189,-0.07,441,49.38,8211,2.65,337890,0.74,31458,306431,51019,30253,104239,120920
2805604,Porto da Folha,28,Sergipe,SE,2,Nordeste,26576,-570,-0.18,878,30.27,9167,2.89,311793,0.69,18967,292826,49872,25040,73587,144326
2805703,Propriá,28,Sergipe,SE,2,Nordeste,26618,-1833,-0.55,96,276.35,9183,2.89,528745,1.16,63985,464760,13934,61073,239301,150452
2805802,Riachão do Dantas,28,Sergipe,SE,2,Nordeste,18313,-1073,-0.47,531,34.51,6273,2.92,307687,0.68,13227,294461,128328,9566,46960,109607
2805901,Riachuelo,28,Sergipe,SE,2,Nordeste,8311,-1044,-0.98,78,106.13,2659,3.12,173350,0.38,24083,149267,11004,38624,40052,59588
2806008,Ribeirópolis,28,Sergipe,SE,2,Nordeste,17033,-140,-0.07,259,65.75,6528,2.6,306386,0.67,34766,271620,32401,30437,109049,99733
2806107,Rosário do Catete,28,Sergipe,SE,2,Nordeste,9295,74,0.07,103,90.52,3148,2.95,350190,0.77,39207,310984,5903,154151,65978,84952
2806206,Salgado,28,Sergipe,SE,2,Nordeste,20279,914,0.39,248,81.91,7332,2.76,190621,0.42,10674,179947,23120,10919,49653,96256
2806305,Santa Luzia do Itanhy,28,Sergipe,SE,2,Nordeste,13616,647,0.41,325,41.86,4513,3.01,166743,0.37,6713,160030,45853,4577,28688,80911
2806404,Santana do São Francisco,28,Sergipe,SE,2,Nordeste,7346,308,0.36,44,166.89,2366,3.1,90382,0.2,3224,87158,19078,3678,18183,46220
2806503,Santa Rosa de Lima,28,Sergipe,SE,2,Nordeste,3937,188,0.41,68,58.18,1365,2.87,48841,0.11,1462,47379,6304,2046,9046,29983
2806602,Santo Amaro das Brotas,28,Sergipe,SE,2,Nordeste,11092,-318,-0.24,237,46.81,3791,2.91,138553,0.31,5206,133347,15492,16340,31349,70165
2806701,São Cristóvão,28,Sergipe,SE,2,Nordeste,95612,16748,1.62,438,218.27,33252,2.81,952353,2.1,73328,879025,32217,111673,326137,408999
2806800,São Domingos,28,Sergipe,SE,2,Nordeste,10327,56,0.05,102,101.25,3851,2.68,114077,0.25,6939,107138,6151,13532,28227,59228
2806909,São Francisco,28,Sergipe,SE,2,Nordeste,3243,116,0.3,84,38.61,1142,2.84,41880,0.09,1454,40426,2759,1538,9197,26932
2807006,São Miguel do Aleixo,28,Sergipe,SE,2,Nordeste,3434,-264,-0.62,145,23.7,1281,2.67,44875,0.1,2361,42514,6597,2885,8695,24337
2807105,Simão Dias,28,Sergipe,SE,2,Nordeste,42578,3997,0.82,560,76.01,15526,2.74,720278,1.59,76229,644049,136302,87272,218657,201819
2807204,Siriri,28,Sergipe,SE,2,Nordeste,7834,-170,-0.18,168,46.54,2708,2.89,134118,0.3,5004,129115,9055,33619,28819,57621
2807303,Telha,28,Sergipe,SE,2,Nordeste,3274,317,0.85,48,68.41,1117,2.93,39875,0.09,1257,38618,5363,1946,7692,23617
2807402,Tobias Barreto,28,Sergipe,SE,2,Nordeste,50905,2865,0.48,1025,49.68,18570,2.71,608120,1.34,49408,558712,24541,35933,245830,252407
2807501,Tomar do Geru,28,Sergipe,SE,2,Nordeste,12012,-1275,-0.84,305,39.4,4364,2.74,139519,0.31,5625,133894,21740,5337,30242,76575
2807600,Umbaúba,28,Sergipe,SE,2,Nordeste,23917,1483,0.53,118,203.52,8285,2.89,351278,0.77,25785,325493,30315,15884,144494,134800
2900108,Abaíra,29,Bahia,BA,2,Nordeste,7301,-1540,-1.58,539,13.55,2722,2.67,67365,0.02,2537,64828,4408,5464,20072,34884
2900207,Abaré,29,Bahia,BA,2,Nordeste,17639,484,0.23,1605,10.99,5545,3.18,172536,0.06,10477,162059,20683,7964,51767,81644
2900306,Acajutiba,29,Bahia,BA,2,Nordeste,13795,-782,-0.46,181,76.02,4768,2.88,137425,0.05,4740,132685,22819,5896,43056,60915
2900355,Adustina,29,Bahia,BA,2,Nordeste,14200,-1661,-0.92,629,22.57,5206,2.72,305106,0.1,6383,298723,164826,9881,52591,71425
2900405,Água Fria,29,Bahia,BA,2,Nordeste,14497,-1500,-0.82,743,19.52,5448,2.66,143084,0.05,4645,138440,26159,8464,30348,73468
2900504,Érico Cardoso,29,Bahia,BA,2,Nordeste,10604,-278,-0.22,735,14.42,3107,3.41,72740,0.02,2459,70281,5940,3198,19117,42026
2900603,Aiquara,29,Bahia,BA,2,Nordeste,4446,-202,-0.37,168,26.48,1505,2.94,46861,0.02,1107,45755,10500,2021,9873,23360
2900702,Alagoinhas,29,Bahia,BA,2,Nordeste,151065,9602,0.55,708,213.42,55586,2.71,4454314,1.46,945518,3508796,98635,1060996,1746052,603114
2900801,Alcobaça,29,Bahia,BA,2,Nordeste,24530,2707,0.98,1478,16.6,8511,2.85,305795,0.1,18755,287040,74347,23850,92113,96730
2900900,Almadina,29,Bahia,BA,2,Nordeste,5218,-1086,-1.56,245,21.28,2050,2.54,58472,0.02,1467,57005,13828,2458,13533,27185
2901007,Amargosa,29,Bahia,BA,2,Nordeste,36522,1965,0.46,432,84.61,13443,2.71,417073,0.14,35327,381746,24873,35815,185830,135228
2901106,Amélia Rodrigues,29,Bahia,BA,2,Nordeste,24138,-987,-0.33,167,144.65,8600,2.8,366459,0.12,43934,322525,40658,42648,137198,102021
2901155,América Dourada,29,Bahia,BA,2,Nordeste,15137,-673,-0.36,822,18.41,5148,2.93,148109,0.05,6758,141351,37307,8926,33469,61649
2901205,Anagé,29,Bahia,BA,2,Nordeste,25438,15,0,1900,13.39,8875,2.86,198291,0.06,11022,187269,19014,11049,70143,87064
2901304,Andaraí,29,Bahia,BA,2,Nordeste,13080,97,0.06,1590,8.22,4455,2.93,117332,0.04,5132,112200,9733,4580,37778,60109
2901353,Andorinha,29,Bahia,BA,2,Nordeste,15012,-178,-0.1,1362,11.02,5961,2.52,203249,0.07,7253,195996,9472,63052,56357,67116
2901403,Angical,29,Bahia,BA,2,Nordeste,13732,-341,-0.2,1530,8.97,4546,3.02,159587,0.05,4881,154706,45951,6146,44109,58500
2901502,Anguera,29,Bahia,BA,2,Nordeste,11031,772,0.61,188,58.73,3150,3.5,78343,0.03,3550,74793,4203,3587,22488,44515
2901601,Antas,29,Bahia,BA,2,Nordeste,14206,-2866,-1.52,320,44.43,4484,3.17,143067,0.05,6871,136195,20633,7095,41455,67013
2901700,Antônio Cardoso,29,Bahia,BA,2,Nordeste,11146,-375,-0.28,294,37.97,3438,3.24,109894,0.04,9702,100192,7285,4565,38079,50263
2901809,Antônio Gonçalves,29,Bahia,BA,2,Nordeste,10862,77,0.06,345,31.46,3548,3.06,80543,0.03,3004,77540,5437,3878,21568,46657
2901908,Aporá,29,Bahia,BA,2,Nordeste,15930,-908,-0.46,479,33.24,5647,2.81,139547,0.05,4292,135256,20047,6342,34861,74006
2901957,Apuarema,29,Bahia,BA,2,Nordeste,6913,-550,-0.64,151,45.83,2489,2.76,68734,0.02,2065,66669,12017,2908,16766,34978
2902005,Aracatu,29,Bahia,BA,2,Nordeste,13936,193,0.12,1490,9.35,4607,3.02,125212,0.04,5016,120196,30229,5134,31358,53476
2902054,Araçás,29,Bahia,BA,2,Nordeste,11557,-68,-0.05,475,24.35,4117,2.81,206292,0.07,7251,199041,9732,77545,50495,61270
2902104,Araci,29,Bahia,BA,2,Nordeste,48035,-2654,-0.45,1496,32.1,16851,2.85,467389,0.15,19177,448212,66529,29208,144701,207773
2902203,Aramari,29,Bahia,BA,2,Nordeste,9833,-728,-0.59,369,26.65,3492,2.81,98892,0.03,5829,93063,8400,16796,23679,44189
2902252,Arataca,29,Bahia,BA,2,Nordeste,10191,-1170,-0.9,436,23.38,3471,2.93,99800,0.03,2530,97270,21446,3999,20492,51333
2902302,Aratuípe,29,Bahia,BA,2,Nordeste,8677,141,0.14,174,49.86,3114,2.78,74609,0.02,2513,72096,15264,2673,18442,35717
2902401,Aurelino Leal,29,Bahia,BA,2,Nordeste,11179,-2373,-1.59,445,25.1,3950,2.83,120705,0.04,4096,116610,24307,7713,27125,57464
2902500,Baianópolis,29,Bahia,BA,2,Nordeste,13614,514,0.32,3321,4.1,4416,3.08,233204,0.08,5876,227328,110001,7068,49825,60435
2902609,Baixa Grande,29,Bahia,BA,2,Nordeste,18220,-2020,-0.87,968,18.83,6490,2.8,166809,0.05,6874,159935,20613,7766,54218,77338
2902658,Banzaê,29,Bahia,BA,2,Nordeste,11958,-896,-0.6,410,29.2,3935,3.03,103194,0.03,3694,99500,15256,4115,25291,54838
2902708,Barra,29,Bahia,BA,2,Nordeste,51092,1801,0.3,11428,4.47,15476,3.29,434741,0.14,16738,418003,39835,39228,132799,206141
2902807,Barra da Estiva,29,Bahia,BA,2,Nordeste,26026,3853,1.34,1657,15.7,8633,3.01,317455,0.1,16836,300619,85487,11320,124512,79300
2902906,Barra do Choça,29,Bahia,BA,2,Nordeste,36539,1722,0.4,766,47.71,12260,2.98,524830,0.17,25020,499811,205472,36659,129857,127822
2903003,Barra do Mendes,29,Bahia,BA,2,Nordeste,13836,603,0.37,1436,9.63,5044,2.74,102858,0.03,3847,99012,7751,4570,37648,49042
2903102,Barra do Rocha,29,Bahia,BA,2,Nordeste,5774,-817,-1.1,214,26.93,2141,2.7,67758,0.02,1686,66072,21037,3074,13932,28028
2903201,Barreiras,29,Bahia,BA,2,Nordeste,159743,22316,1.26,8051,19.84,54356,2.93,6137204,2.01,540159,5597046,1761538,810786,2377093,647628
2903235,Barro Alto,29,Bahia,BA,2,Nordeste,13453,9,0.01,415,32.46,4748,2.83,106675,0.03,4391,102283,13245,4821,28532,55684
2903276,Barrocas,29,Bahia,BA,2,Nordeste,15203,774,0.44,207,73.34,5209,2.92,319416,0.1,6966,312450,13089,171844,69638,57880
2903300,Barro Preto,29,Bahia,BA,2,Nordeste,5583,-1290,-1.72,202,27.7,2145,2.6,68795,0.02,1593,67202,19382,2169,15024,30627
2903409,Belmonte,29,Bahia,BA,2,Nordeste,20121,-1683,-0.67,1939,10.37,7259,2.76,334868,0.11,17140,317728,74158,24728,108393,110449
2903508,Belo Campo,29,Bahia,BA,2,Nordeste,18412,561,0.26,773,23.83,6361,2.89,155311,0.05,9101,146210,11503,5982,58767,69958
2903607,Biritinga,29,Bahia,BA,2,Nordeste,15146,-466,-0.25,554,27.35,5358,2.82,139913,0.05,8951,130962,13985,11247,32868,72863
2903706,Boa Nova,29,Bahia,BA,2,Nordeste,13690,-1651,-0.94,849,16.13,4728,2.89,105774,0.03,4227,101547,12545,4647,28452,55904
2903805,Boa Vista do Tupim,29,Bahia,BA,2,Nordeste,16873,-1757,-0.82,2972,5.68,5925,2.84,141047,0.05,5191,135856,23521,6536,33896,71902
2903904,Bom Jesus da Lapa,29,Bahia,BA,2,Nordeste,65550,2779,0.36,4116,15.93,20927,3.12,1135496,0.37,83493,1052003,213074,185336,390558,263034
2903953,Bom Jesus da Serra,29,Bahia,BA,2,Nordeste,9730,-519,-0.43,468,20.79,3170,3.07,69656,0.02,2407,67249,5608,2519,17539,41582
2904001,Boninal,29,Bahia,BA,2,Nordeste,13622,292,0.18,897,15.19,4339,3.12,105742,0.03,4888,100855,7396,4702,32724,56033
2904050,Bonito,29,Bahia,BA,2,Nordeste,15844,590,0.32,791,20.02,5413,2.92,224301,0.07,9132,215169,77461,16967,52147,68594
2904100,Boquira,29,Bahia,BA,2,Nordeste,19322,-1862,-0.76,1426,13.55,6448,3,180894,0.06,6434,174460,15434,11925,55941,91159
2904209,Botuporã,29,Bahia,BA,2,Nordeste,11024,200,0.15,628,17.56,3637,3.03,106811,0.03,4205,102606,11497,4085,37196,49828
2904308,Brejões,29,Bahia,BA,2,Nordeste,12943,-1768,-1.06,519,24.96,4728,2.73,133116,0.04,8779,124337,11573,6150,43893,62720
2904407,Brejolândia,29,Bahia,BA,2,Nordeste,9108,-649,-0.57,2247,4.05,3190,2.85,107128,0.04,4156,102972,36993,3008,24165,38806
2904506,Brotas de Macaúbas,29,Bahia,BA,2,Nordeste,11765,60,0.04,2521,4.67,4252,2.76,86290,0.03,4694,81596,5475,4076,26505,45539
2904605,Brumado,29,Bahia,BA,2,Nordeste,70512,6019,0.75,2208,31.94,24535,2.87,1557428,0.51,100379,1457048,44173,662894,517497,232484
2904704,Buerarema,29,Bahia,BA,2,Nordeste,14804,-3573,-1.79,219,67.45,5719,2.58,205890,0.07,20114,185776,21662,7508,87095,69511
2904753,Buritirama,29,Bahia,BA,2,Nordeste,19589,-164,-0.07,4047,4.84,5900,3.32,141554,0.05,6581,134974,16808,4148,37088,76929
2904803,Caatiba,29,Bahia,BA,2,Nordeste,6205,-3047,-3.27,512,12.11,2175,2.85,74798,0.02,2342,72456,20407,2844,16167,33039
2904852,Cabaceiras do Paraguaçu,29,Bahia,BA,2,Nordeste,16559,-861,-0.42,222,74.58,5197,3.18,167712,0.05,4727,162985,19675,34177,35273,73860
2904902,Cachoeira,29,Bahia,BA,2,Nordeste,29251,-2614,-0.71,395,74.07,10718,2.72,453927,0.15,37749,416178,29213,89701,175469,121795
2905008,Caculé,29,Bahia,BA,2,Nordeste,22462,921,0.35,611,36.76,7827,2.87,315170,0.1,50550,264620,12055,21549,147340,83676
2905107,Caém,29,Bahia,BA,2,Nordeste,10384,-138,-0.11,541,19.2,3564,2.91,90549,0.03,2631,87918,19484,4537,21296,42601
2905156,Caetanos,29,Bahia,BA,2,Nordeste,11266,-2349,-1.57,767,14.69,3672,3.06,98630,0.03,3287,95343,8120,5093,24542,57588
2905206,Caetité,29,Bahia,BA,2,Nordeste,52012,3099,0.51,2652,19.62,17668,2.94,916292,0.3,60830,855462,23560,360645,269204,202053
2905305,Cafarnaum,29,Bahia,BA,2,Nordeste,17466,142,0.07,644,27.14,5814,3,192516,0.06,9384,183131,28222,18907,55282,80721
2905404,Cairu,29,Bahia,BA,2,Nordeste,17761,2387,1.21,449,39.57,6534,2.71,655332,0.21,14724,640608,20109,298325,227403,94771
2905503,Caldeirão Grande,29,Bahia,BA,2,Nordeste,13080,642,0.42,458,28.54,4290,3.05,94026,0.03,3557,90469,5559,4344,26319,54247
2905602,Camacan,29,Bahia,BA,2,Nordeste,22578,-8595,-2.65,585,38.6,8286,2.72,332258,0.11,19641,312617,28408,19694,127351,137163
2905701,Camaçari,29,Bahia,BA,2,Nordeste,299579,56609,1.76,785,381.42,109668,2.73,25697266,8.42,6390141,19307125,17891,10382610,7528249,1378375
2905800,Camamu,29,Bahia,BA,2,Nordeste,30425,-3547,-0.91,840,36.23,10423,2.92,391809,0.13,30082,361727,71719,18100,131093,140815
2905909,Campo Alegre de Lourdes,29,Bahia,BA,2,Nordeste,30671,2650,0.76,2915,10.52,10093,3.03,273625,0.09,14640,258984,36537,21481,84991,115975
2906006,Campo Formoso,29,Bahia,BA,2,Nordeste,71377,4318,0.52,7162,9.97,24287,2.93,1316997,0.43,83400,1233597,76813,588825,289276,278683
2906105,Canápolis,29,Bahia,BA,2,Nordeste,10225,628,0.53,460,22.21,3307,3.09,76177,0.02,2512,73665,10898,4908,18570,39289
2906204,Canarana,29,Bahia,BA,2,Nordeste,24206,11,0,580,41.75,8304,2.9,226550,0.07,11848,214702,42872,12204,66542,93084
2906303,Canavieiras,29,Bahia,BA,2,Nordeste,32683,326,0.08,1334,24.49,11903,2.72,366433,0.12,17224,349210,88550,18409,117021,125230
2906402,Candeal,29,Bahia,BA,2,Nordeste,7772,-1065,-1.06,448,17.36,2774,2.8,64681,0.02,1673,63007,10508,2925,15440,34134
2906501,Candeias,29,Bahia,BA,2,Nordeste,72382,-9252,-1,252,287.45,26441,2.74,4921774,1.61,924049,3997726,15198,1541335,1997063,444129
2906600,Candiba,29,Bahia,BA,2,Nordeste,13016,-541,-0.34,434,30.02,4479,2.9,131085,0.04,6323,124761,21962,6708,41833,54258
2906709,Cândido Sales,29,Bahia,BA,2,Nordeste,25247,-768,-0.25,1170,21.58,8890,2.84,225249,0.07,14814,210435,10030,10316,86672,103417
2906808,Cansanção,29,Bahia,BA,2,Nordeste,37439,3771,0.89,1352,27.69,12743,2.94,309622,0.1,13721,295901,34309,12868,99572,149151
2906824,Canudos,29,Bahia,BA,2,Nordeste,16105,583,0.31,3565,4.52,5446,2.95,142999,0.05,6357,136642,28797,6607,40747,60491
2906857,Capela do Alto Alegre,29,Bahia,BA,2,Nordeste,10744,-865,-0.64,630,17.07,4309,2.49,126705,0.04,6789,119917,21533,14153,34027,50204
2906873,Capim Grosso,29,Bahia,BA,2,Nordeste,33235,5142,1.41,465,71.51,12296,2.7,496973,0.16,62499,434474,11717,26921,275634,120202
2906899,Caraíbas,29,Bahia,BA,2,Nordeste,9940,-282,-0.23,806,12.34,3450,2.87,81633,0.03,4449,77184,11698,4720,22989,37778
2906907,Caravelas,29,Bahia,BA,2,Nordeste,20586,-247,-0.1,2378,8.66,7218,2.84,384963,0.13,21060,363902,124948,16036,125179,97739
2907004,Cardeal da Silva,29,Bahia,BA,2,Nordeste,8299,-310,-0.31,293,28.28,2799,2.96,99895,0.03,4908,94987,6160,19588,25691,43548
2907103,Carinhanha,29,Bahia,BA,2,Nordeste,28869,921,0.27,2526,11.43,9304,3.1,259373,0.08,11699,247674,54583,8877,80255,103959
2907202,Casa Nova,29,Bahia,BA,2,Nordeste,72085,7145,0.87,9647,7.47,23408,3.08,814454,0.27,54651,759803,146900,98350,226987,287566
2907301,Castro Alves,29,Bahia,BA,2,Nordeste,24712,-510,-0.17,714,34.62,8706,2.83,289851,0.09,21718,268133,17994,38525,111007,100607
2907400,Catolândia,29,Bahia,BA,2,Nordeste,3434,137,0.34,703,4.89,1123,3.05,66472,0.02,8746,57725,6958,2636,31778,16354
2907509,Catu,29,Bahia,BA,2,Nordeste,48195,-2833,-0.47,427,112.88,18321,2.63,604877,0.2,58256,546621,8399,79187,262001,197033
2907558,Caturama,29,Bahia,BA,2,Nordeste,8841,-419,-0.39,716,12.34,3015,2.92,70277,0.02,2243,68034,9991,3276,16834,37933
2907608,Central,29,Bahia,BA,2,Nordeste,16348,-441,-0.22,567,28.83,5726,2.85,148978,0.05,10661,138317,6849,8733,54285,68450
2907707,Chorrochó,29,Bahia,BA,2,Nordeste,10579,-155,-0.12,3005,3.52,3214,3.29,95780,0.03,3385,92395,8351,5396,25611,53037
2907806,Cícero Dantas,29,Bahia,BA,2,Nordeste,30906,-360,-0.1,820,37.69,11671,2.64,337752,0.11,19666,318086,40420,14937,133041,129689
2907905,Cipó,29,Bahia,BA,2,Nordeste,17230,781,0.39,168,102.36,5711,3.02,148415,0.05,8206,140209,5152,6800,55546,72711
2908002,Coaraci,29,Bahia,BA,2,Nordeste,17351,-3613,-1.56,275,63.21,6661,2.6,182247,0.06,7596,174651,16228,9830,68659,79935
2908101,Cocos,29,Bahia,BA,2,Nordeste,19151,1040,0.47,10141,1.89,6295,3.04,380269,0.12,23822,356448,176558,27043,74237,78609
2908200,Conceição da Feira,29,Bahia,BA,2,Nordeste,20800,425,0.17,165,126.22,6923,3,315177,0.1,28831,286346,30443,74147,90055,91701
2908309,Conceição do Almeida,29,Bahia,BA,2,Nordeste,15794,-1904,-0.94,285,55.45,5744,2.74,183030,0.06,12215,170815,17639,16983,67810,68383
2908408,Conceição do Coité,29,Bahia,BA,2,Nordeste,67825,6447,0.84,1015,66.81,24342,2.79,760903,0.25,65964,694939,35034,110230,327139,222537
2908507,Conceição do Jacuípe,29,Bahia,BA,2,Nordeste,35308,5196,1.34,115,307.38,12812,2.75,2340927,0.77,700130,1640797,41518,1020299,438255,140725
2908606,Conde,29,Bahia,BA,2,Nordeste,23651,248,0.09,931,25.4,7680,3.07,262956,0.09,13311,249646,37419,20699,75644,115884
2908705,Condeúba,29,Bahia,BA,2,Nordeste,17053,-518,-0.25,1348,12.65,5875,2.9,165471,0.05,9097,156375,11125,9389,62208,73652
2908804,Contendas do Sincorá,29,Bahia,BA,2,Nordeste,4333,152,0.3,977,4.43,1518,2.85,43743,0.01,2008,41734,7138,2082,12654,19860
2908903,Coração de Maria,29,Bahia,BA,2,Nordeste,26692,3479,1.17,378,70.54,8932,2.98,204381,0.07,11201,193181,17437,17611,64525,93607
2909000,Cordeiros,29,Bahia,BA,2,Nordeste,7546,-628,-0.66,524,14.41,2639,2.86,65901,0.02,2752,63148,5112,3516,19380,35141
2909109,Coribe,29,Bahia,BA,2,Nordeste,13990,-349,-0.21,2663,5.25,4986,2.8,153771,0.05,8541,145229,42161,5445,42397,55226
2909208,Coronel João Sá,29,Bahia,BA,2,Nordeste,17056,-237,-0.11,797,21.39,6026,2.83,173421,0.06,5360,168061,35226,6289,43647,82899
2909307,Correntina,29,Bahia,BA,2,Nordeste,32459,1489,0.39,11504,2.82,11277,2.87,2398297,0.79,165114,2233183,1394606,91079,570604,176894
2909406,Cotegipe,29,Bahia,BA,2,Nordeste,13063,-573,-0.36,4283,3.05,4411,2.96,150930,0.05,4794,146136,46227,5572,32259,62077
2909505,Cravolândia,29,Bahia,BA,2,Nordeste,4415,-818,-1.41,183,24.18,1619,2.73,44162,0.01,1884,42277,4238,2297,11528,24215
2909604,Crisópolis,29,Bahia,BA,2,Nordeste,19729,-370,-0.15,637,30.99,7269,2.71,181882,0.06,7051,174831,27464,7523,51565,88279
2909703,Cristópolis,29,Bahia,BA,2,Nordeste,13993,713,0.44,1053,13.29,4675,2.99,138215,0.05,8745,129470,21514,4982,44297,58678
2909802,Cruz das Almas,29,Bahia,BA,2,Nordeste,60346,1784,0.25,139,433.78,21726,2.77,945176,0.31,104692,840485,15776,89043,502142,233524
2909901,Curaçá,29,Bahia,BA,2,Nordeste,34180,1989,0.5,5951,5.74,11240,3.04,330178,0.11,21618,308560,56807,19385,91578,140791
2910008,Dário Meira,29,Bahia,BA,2,Nordeste,10817,-1492,-1.07,414,26.15,3793,2.85,114835,0.04,3309,111526,21631,3898,28056,57942
2910057,Dias d'Ávila,29,Bahia,BA,2,Nordeste,71485,5045,0.61,184,389.01,25852,2.76,2856728,0.94,342412,2514315,3042,1505841,703233,302200
2910107,Dom Basílio,29,Bahia,BA,2,Nordeste,11884,331,0.24,690,17.24,3782,3.14,130013,0.04,8067,121945,25693,5186,39944,51122
2910206,Dom Macedo Costa,29,Bahia,BA,2,Nordeste,4407,500,1.01,95,46.5,1639,2.69,40774,0.01,1337,39438,5564,2394,11956,19523
2910305,Elísio Medrado,29,Bahia,BA,2,Nordeste,7809,-117,-0.12,179,43.55,2983,2.61,70318,0.02,2938,67379,12461,3103,18754,33062
2910404,Encruzilhada,29,Bahia,BA,2,Nordeste,19107,-3001,-1.21,1890,10.11,6763,2.82,220297,0.07,11136,209161,62825,8181,60272,77883
2910503,Entre Rios,29,Bahia,BA,2,Nordeste,38098,-1678,-0.36,1188,32.08,13675,2.77,580641,0.19,40601,540040,77403,85186,205322,172128
2910602,Esplanada,29,Bahia,BA,2,Nordeste,32556,-635,-0.16,1299,25.06,10823,3,587222,0.19,37646,549576,75623,129583,183102,161268
2910701,Euclides da Cunha,29,Bahia,BA,2,Nordeste,61456,4717,0.67,2025,30.34,21720,2.83,790011,0.26,48843,741168,194782,41479,284662,220244
2910727,Eunápolis,29,Bahia,BA,2,Nordeste,113709,12454,0.97,1426,79.74,41384,2.73,3002293,0.98,360649,2641644,124984,816014,1213479,487166
2910750,Fátima,29,Bahia,BA,2,Nordeste,17896,-80,-0.04,364,49.11,6802,2.63,292882,0.1,6657,286225,147608,11070,51934,75613
2910776,Feira da Mata,29,Bahia,BA,2,Nordeste,5631,36,0.05,1176,4.79,1976,2.85,56114,0.02,2150,53964,12856,1721,13844,25544
2910800,Feira de Santana,29,Bahia,BA,2,Nordeste,616279,59691,0.85,1304,472.45,221593,2.77,15153239,4.96,2460797,12692442,65592,2847867,7784907,1994076
2910859,Filadélfia,29,Bahia,BA,2,Nordeste,17897,1533,0.75,580,30.87,6075,2.95,130404,0.04,6149,124255,9099,7852,43777,63527
2910909,Firmino Alves,29,Bahia,BA,2,Nordeste,4873,-511,-0.83,172,28.27,1800,2.7,62943,0.02,1881,61062,15194,3313,14687,27868
2911006,Floresta Azul,29,Bahia,BA,2,Nordeste,11055,114,0.09,321,34.44,3861,2.86,96407,0.03,3949,92458,15450,4562,27090,45355
2911105,Formosa do Rio Preto,29,Bahia,BA,2,Nordeste,25899,3409,1.18,15634,1.66,8150,3.17,3803358,1.25,108356,3695002,2852057,107700,599491,135755
2911204,Gandu,29,Bahia,BA,2,Nordeste,32178,2291,0.62,230,140.11,11898,2.7,403131,0.13,33004,370127,58033,20302,169966,121826
2911253,Gavião,29,Bahia,BA,2,Nordeste,4360,-240,-0.45,385,11.34,1660,2.63,46602,0.02,1382,45220,9298,1831,11069,23023
2911303,Gentio do Ouro,29,Bahia,BA,2,Nordeste,10884,129,0.1,3818,2.85,3651,2.98,119018,0.04,9986,109032,4888,34229,20980,48935
2911402,Glória,29,Bahia,BA,2,Nordeste,15524,729,0.4,1567,9.91,5408,2.86,227533,0.07,7992,219541,111244,12437,33740,62121
2911501,Gongogi,29,Bahia,BA,2,Nordeste,5549,-2811,-3.36,202,27.44,1987,2.79,68686,0.02,1699,66987,16330,2623,15011,33022
2911600,Governador Mangabeira,29,Bahia,BA,2,Nordeste,20605,689,0.28,107,192.84,7000,2.92,196161,0.06,12836,183325,19099,10333,70839,83054
2911659,Guajeru,29,Bahia,BA,2,Nordeste,8050,-1564,-1.47,873,9.22,2770,2.91,63270,0.02,2172,61098,13084,3336,15839,28839
2911709,Guanambi,29,Bahia,BA,2,Nordeste,87817,9365,0.94,1272,69.02,30379,2.89,1482600,0.49,167775,1314825,45633,163344,779958,325890
2911808,Guaratinga,29,Bahia,BA,2,Nordeste,19049,-2759,-1.12,2189,8.7,7244,2.63,237049,0.08,5130,231918,88967,8308,42266,92377
2911857,Heliópolis,29,Bahia,BA,2,Nordeste,12309,-883,-0.58,313,39.27,4479,2.74,130815,0.04,5153,125662,33933,5799,32708,53222
2911907,Iaçu,29,Bahia,BA,2,Nordeste,24607,-988,-0.33,2342,10.5,9006,2.73,228067,0.07,9987,218080,25525,13531,75422,103602
2912004,Ibiassucê,29,Bahia,BA,2,Nordeste,10429,-479,-0.37,483,21.58,3531,2.95,91831,0.03,5875,85956,8186,6178,33519,38073
2912103,Ibicaraí,29,Bahia,BA,2,Nordeste,21665,-2607,-0.94,231,93.81,8317,2.6,209560,0.07,8889,200671,15730,8279,83010,93652
2912202,Ibicoara,29,Bahia,BA,2,Nordeste,20785,3686,1.64,817,25.43,6808,3.05,516577,0.17,17454,499123,305419,21637,92619,79448
2912301,Ibicuí,29,Bahia,BA,2,Nordeste,13934,-1618,-0.91,1139,12.23,5314,2.62,172706,0.06,7619,165087,60253,5994,37683,61157
2912400,Ibipeba,29,Bahia,BA,2,Nordeste,16603,-195,-0.1,1382,12.01,5819,2.85,159806,0.05,8825,150981,39610,9819,38205,63346
2912509,Ibipitanga,29,Bahia,BA,2,Nordeste,13863,-308,-0.18,954,14.53,4755,2.92,108952,0.04,5374,103578,6352,4660,35350,57216
2912608,Ibiquera,29,Bahia,BA,2,Nordeste,3725,-224,-0.49,698,5.33,1286,2.9,34365,0.01,1120,33246,5469,1336,8018,18423
2912707,Ibirapitanga,29,Bahia,BA,2,Nordeste,25341,2723,0.95,473,53.61,8358,3.03,246006,0.08,6459,239547,86904,9100,48424,95119
2912806,Ibirapuã,29,Bahia,BA,2,Nordeste,8896,948,0.94,771,11.54,3219,2.76,380020,0.12,45615,334406,63888,147371,83888,39259
2912905,Ibirataia,29,Bahia,BA,2,Nordeste,18792,-376,-0.16,318,59.07,6913,2.72,189992,0.06,9904,180088,33534,11771,62537,72247
2913002,Ibitiara,29,Bahia,BA,2,Nordeste,14634,-758,-0.42,1834,7.98,5085,2.86,109516,0.04,4903,104613,9975,3838,32634,58166
2913101,Ibititá,29,Bahia,BA,2,Nordeste,16969,-134,-0.07,573,29.61,6003,2.82,143179,0.05,6543,136636,29012,9318,34518,63789
2913200,Ibotirama,29,Bahia,BA,2,Nordeste,26309,664,0.21,1740,15.12,9147,2.87,385378,0.13,35707,349672,20451,53938,172378,102905
2913309,Ichu,29,Bahia,BA,2,Nordeste,6190,233,0.32,138,44.85,2173,2.84,51744,0.02,2131,49613,4340,3293,13621,28359
2913408,Igaporã,29,Bahia,BA,2,Nordeste,15527,298,0.16,837,18.56,4886,3.18,188306,0.06,13378,174929,12137,58081,41640,63071
2913457,Igrapiúna,29,Bahia,BA,2,Nordeste,13151,-1119,-0.68,591,22.24,4484,2.93,174771,0.06,7844,166928,52744,18572,33477,62134
2913507,Iguaí,29,Bahia,BA,2,Nordeste,21358,-4570,-1.6,860,24.83,7907,2.69,230823,0.08,10085,220737,38004,9168,72378,101187
2913606,Ilhéus,29,Bahia,BA,2,Nordeste,178703,-3735,-0.17,1589,112.49,66605,2.68,4531657,1.48,852166,3679491,147223,1071815,1796077,664377
2913705,Inhambupe,29,Bahia,BA,2,Nordeste,33790,-1386,-0.33,1082,31.22,12152,2.78,569615,0.19,20500,549114,235785,25044,129120,159165
2913804,Ipecaetá,29,Bahia,BA,2,Nordeste,13709,-1778,-1.01,373,36.8,4102,3.34,98296,0.03,3068,95229,7566,4167,23017,60479
2913903,Ipiaú,29,Bahia,BA,2,Nordeste,40706,-3779,-0.74,280,145.14,14843,2.73,505557,0.17,36724,468833,27337,39029,236106,166361
2914000,Ipirá,29,Bahia,BA,2,Nordeste,56873,-3097,-0.44,3105,18.31,21216,2.68,581591,0.19,39143,542447,58133,57707,217775,208832
2914109,Ipupiara,29,Bahia,BA,2,Nordeste,9935,706,0.62,1056,9.41,3551,2.8,96277,0.03,7110,89166,4310,9704,40659,34495
2914208,Irajuba,29,Bahia,BA,2,Nordeste,6101,-845,-1.08,459,13.29,2191,2.78,73300,0.02,7760,65540,4538,2650,28609,29743
2914307,Iramaia,29,Bahia,BA,2,Nordeste,10752,-923,-0.68,1708,6.29,3684,2.91,91852,0.03,5374,86478,13039,3244,29974,40221
2914406,Iraquara,29,Bahia,BA,2,Nordeste,23879,1709,0.62,992,24.08,8146,2.93,577370,0.19,64975,512395,34215,229745,152279,96156
2914505,Irará,29,Bahia,BA,2,Nordeste,28043,931,0.28,268,104.68,9942,2.81,278943,0.09,19193,259750,15572,12276,105341,126560
2914604,Irecê,29,Bahia,BA,2,Nordeste,74507,8390,1,319,233.44,25983,2.86,1407826,0.46,173689,1234137,34845,92715,839702,266875
2914653,Itabela,29,Bahia,BA,2,Nordeste,28165,-226,-0.07,925,30.45,9620,2.92,425210,0.14,33328,391883,71641,31274,155791,133176
2914703,Itaberaba,29,Bahia,BA,2,Nordeste,65073,3392,0.45,2386,27.27,23503,2.76,898941,0.29,93915,805027,44292,79181,435232,246322
2914802,Itabuna,29,Bahia,BA,2,Nordeste,186708,-17770,-0.75,401,465.57,71961,2.58,4035598,1.32,450301,3585297,28959,568604,2126961,860773
2914901,Itacaré,29,Bahia,BA,2,Nordeste,27725,3754,1.22,726,38.17,9884,2.78,331891,0.11,14763,317128,44124,17000,134507,121497
2915007,Itaeté,29,Bahia,BA,2,Nordeste,13472,-1728,-1,1332,10.12,4536,2.97,112178,0.04,4302,107876,13853,4504,29339,60180
2915106,Itagi,29,Bahia,BA,2,Nordeste,13803,651,0.4,311,44.44,4652,2.96,111672,0.04,4119,107552,16151,5294,30993,55114
2915205,Itagibá,29,Bahia,BA,2,Nordeste,15310,-213,-0.12,811,18.88,5441,2.81,710257,0.23,20448,689808,43898,429545,146590,69775
2915304,Itagimirim,29,Bahia,BA,2,Nordeste,6347,-807,-0.99,877,7.24,2345,2.7,114243,0.04,6774,107469,33059,5888,31467,37055
2915353,Itaguaçu da Bahia,29,Bahia,BA,2,Nordeste,12311,-730,-0.48,4310,2.86,4088,3,134831,0.04,4973,129858,15130,30571,24589,59568
2915403,Itaju do Colônia,29,Bahia,BA,2,Nordeste,6037,-1339,-1.66,1225,4.93,2106,2.87,81147,0.03,2180,78967,27573,3525,15341,32528
2915502,Itajuípe,29,Bahia,BA,2,Nordeste,18781,-2200,-0.92,271,69.37,6999,2.68,228715,0.07,16716,212000,30188,32145,66564,83102
2915601,Itamaraju,29,Bahia,BA,2,Nordeste,59603,-3910,-0.53,2361,25.25,21746,2.74,909996,0.3,65361,844635,179704,83037,337037,244857
2915700,Itamari,29,Bahia,BA,2,Nordeste,7051,-1139,-1.24,143,49.14,2555,2.76,92061,0.03,3395,88666,26824,3360,20459,38022
2915809,Itambé,29,Bahia,BA,2,Nordeste,24394,-1056,-0.35,1535,15.9,8090,3.01,270514,0.09,9931,260583,58119,21186,75009,106268
2915908,Itanagra,29,Bahia,BA,2,Nordeste,5914,-438,-0.59,534,11.08,2069,2.86,68166,0.02,3192,64974,4198,6673,16978,37126
2916005,Itanhém,29,Bahia,BA,2,Nordeste,17813,-2071,-0.91,1394,12.78,6806,2.61,261276,0.09,11267,250009,86586,13229,71426,78768
2916104,Itaparica,29,Bahia,BA,2,Nordeste,19789,-936,-0.38,121,163.04,7389,2.66,246157,0.08,14852,231305,8228,14604,107411,101062
2916203,Itapé,29,Bahia,BA,2,Nordeste,10341,-542,-0.42,453,22.82,3715,2.78,103489,0.03,3886,99603,25088,5028,26840,42646
2916302,Itapebi,29,Bahia,BA,2,Nordeste,9174,-1308,-1.1,1013,9.06,3310,2.76,353204,0.12,3725,349479,33932,238392,27180,49975
2916401,Itapetinga,29,Bahia,BA,2,Nordeste,65897,-2446,-0.3,1651,39.91,24058,2.73,1278849,0.42,125774,1153075,58689,323965,487847,282574
2916500,Itapicuru,29,Bahia,BA,2,Nordeste,31679,-212,-0.06,1558,20.34,11341,2.79,417267,0.14,12764,404503,151928,22701,85412,144462
2916609,Itapitanga,29,Bahia,BA,2,Nordeste,10279,29,0.02,421,24.44,3028,3.39,84843,0.03,1833,83010,15717,3183,18136,45974
2916708,Itaquara,29,Bahia,BA,2,Nordeste,8153,282,0.29,344,23.69,2775,2.94,87703,0.03,3054,84649,27041,3335,20417,33855
2916807,Itarantim,29,Bahia,BA,2,Nordeste,17052,-1360,-0.64,1674,10.19,6280,2.71,300224,0.1,14777,285447,89424,46897,65297,83829
2916856,Itatim,29,Bahia,BA,2,Nordeste,15737,2046,1.17,548,28.74,5542,2.83,344967,0.11,60867,284099,4468,21200,198637,59794
2916906,Itiruçu,29,Bahia,BA,2,Nordeste,10999,-1786,-1.25,322,34.13,3973,2.76,111121,0.04,6279,104842,15970,5240,37467,46166
2917003,Itiúba,29,Bahia,BA,2,Nordeste,33872,-1249,-0.3,1651,20.52,12063,2.81,326235,0.11,12452,313784,53451,11346,96208,152778
2917102,Itororó,29,Bahia,BA,2,Nordeste,16617,-3297,-1.5,314,52.95,6210,2.67,221801,0.07,11402,210399,21162,22720,72487,94029
2917201,Ituaçu,29,Bahia,BA,2,Nordeste,17914,-1,0,1199,14.94,6191,2.89,186426,0.06,6966,179461,43980,10903,49467,75111
2917300,Ituberá,29,Bahia,BA,2,Nordeste,21913,-4778,-1.63,415,52.75,8040,2.72,317765,0.1,21827,295938,53416,18975,112984,110564
2917334,Iuiu,29,Bahia,BA,2,Nordeste,11118,565,0.44,1525,7.29,3501,3.17,119556,0.04,5683,113873,32950,4633,28787,47502
2917359,Jaborandi,29,Bahia,BA,2,Nordeste,9272,20,0.02,9955,0.93,3257,2.84,938441,0.31,35860,902582,678517,58293,121443,44328
2917409,Jacaraci,29,Bahia,BA,2,Nordeste,14436,-37,-0.02,1332,10.83,4565,3.16,112177,0.04,6675,105502,11800,4361,33650,55691
2917508,Jacobina,29,Bahia,BA,2,Nordeste,82590,4832,0.5,2193,37.66,30907,2.67,1679353,0.55,132992,1546361,29874,529818,678372,308296
2917607,Jaguaquara,29,Bahia,BA,2,Nordeste,45964,-4943,-0.85,925,49.72,15915,2.88,607433,0.2,54349,553084,52837,31517,266125,202605
2917706,Jaguarari,29,Bahia,BA,2,Nordeste,32703,1519,0.4,2466,13.26,11861,2.76,729619,0.24,39511,690108,8060,332887,209857,139304
2917805,Jaguaripe,29,Bahia,BA,2,Nordeste,17659,1107,0.54,863,20.45,6380,2.76,199655,0.07,10710,188946,61332,7672,36659,83282
2917904,Jandaíra,29,Bahia,BA,2,Nordeste,9285,-1046,-0.89,641,14.49,3099,2.99,146034,0.05,3567,142467,66540,8265,23590,44072
2918001,Jequié,29,Bahia,BA,2,Nordeste,158812,7511,0.4,2969,53.49,57848,2.73,2569118,0.84,275202,2293916,52269,347093,1275019,619534
2918100,Jeremoabo,29,Bahia,BA,2,Nordeste,37626,-188,-0.04,4267,8.82,13560,2.77,421514,0.14,19951,401562,84470,25765,129847,161481
2918209,Jiquiriçá,29,Bahia,BA,2,Nordeste,13629,-426,-0.26,239,57.11,4812,2.83,127776,0.04,6915,120861,23570,5223,35923,56145
2918308,Jitaúna,29,Bahia,BA,2,Nordeste,14355,-58,-0.03,262,54.78,5121,2.79,158487,0.05,7443,151044,37828,6552,45464,61200
2918357,João Dourado,29,Bahia,BA,2,Nordeste,24854,2245,0.79,913,27.21,8250,3.01,262501,0.09,19466,243035,41118,16644,88275,96999
2918407,Juazeiro,29,Bahia,BA,2,Nordeste,235816,37575,1.46,6721,35.09,78151,3,4389629,1.44,547283,3842346,336024,407490,2163972,934860
2918456,Jucuruçu,29,Bahia,BA,2,Nordeste,9655,-635,-0.53,1458,6.62,3499,2.75,108581,0.04,2674,105907,49561,2681,17550,36115
2918506,Jussara,29,Bahia,BA,2,Nordeste,16354,1160,0.61,1355,12.07,5560,2.94,112399,0.04,4086,108313,11073,5516,31131,60594
2918555,Jussari,29,Bahia,BA,2,Nordeste,5888,-465,-0.63,329,17.89,2080,2.83,63620,0.02,1732,61887,15104,1820,14402,30561
2918605,Jussiape,29,Bahia,BA,2,Nordeste,7379,-720,-0.77,590,12.51,2533,2.91,63773,0.02,2632,61141,9827,3192,18531,29590
2918704,Lafaiete Coutinho,29,Bahia,BA,2,Nordeste,4075,125,0.26,498,8.18,1603,2.54,49885,0.02,1502,48383,11492,1977,11257,23656
2918753,Lagoa Real,29,Bahia,BA,2,Nordeste,14105,-221,-0.13,912,15.46,4373,3.22,106599,0.03,4502,102097,12581,5108,25385,59024
2918803,Laje,29,Bahia,BA,2,Nordeste,21052,-453,-0.18,450,46.8,7523,2.79,259371,0.08,18019,241352,50883,10338,78514,101617
2918902,Lajedão,29,Bahia,BA,2,Nordeste,3845,160,0.35,624,6.16,1486,2.59,85145,0.03,2400,82746,45190,2845,14669,20041
2919009,Lajedinho,29,Bahia,BA,2,Nordeste,3527,-416,-0.92,847,4.17,1276,2.76,58242,0.02,6633,51609,5081,2020,24959,19549
2919058,Lajedo do Tabocal,29,Bahia,BA,2,Nordeste,7494,-750,-0.79,383,19.57,2730,2.74,72858,0.02,3489,69368,10258,3801,20128,35181
2919108,Lamarão,29,Bahia,BA,2,Nordeste,8746,-535,-0.49,189,46.21,3048,2.87,65474,0.02,1676,63799,9426,3030,13850,37493
2919157,Lapão,29,Bahia,BA,2,Nordeste,25739,-439,-0.14,643,40.04,8725,2.94,273382,0.09,20358,253024,40092,29445,79884,103603
2919207,Lauro de Freitas,29,Bahia,BA,2,Nordeste,203334,39885,1.84,58,3509.27,75301,2.69,6452765,2.11,956988,5495777,2421,1143451,3428912,920994
2919306,Lençóis,29,Bahia,BA,2,Nordeste,10774,472,0.37,1283,8.4,3919,2.72,129653,0.04,7496,122157,11060,8426,51867,50804
2919405,Licínio de Almeida,29,Bahia,BA,2,Nordeste,11834,-463,-0.32,857,13.81,4014,2.95,126534,0.04,9430,117104,12573,4811,51708,48012
2919504,Livramento de Nossa Senhora,29,Bahia,BA,2,Nordeste,43911,2286,0.45,1953,22.49,14712,2.98,549316,0.18,33287,516029,101252,28293,213335,173149
2919553,Luís Eduardo Magalhães,29,Bahia,BA,2,Nordeste,107909,47804,5,4036,26.74,36342,2.96,7026844,2.3,1184825,5842019,1293290,1090543,3027046,431139
2919603,Macajuba,29,Bahia,BA,2,Nordeste,10460,-808,-0.62,701,14.92,3883,2.69,90187,0.03,3104,87083,8946,5010,23875,49252
2919702,Macarani,29,Bahia,BA,2,Nordeste,21599,4719,2.08,1210,17.85,7239,2.98,206218,0.07,6379,199839,62397,6132,49575,81735
2919801,Macaúbas,29,Bahia,BA,2,Nordeste,41859,-3710,-0.71,2459,17.02,14083,2.97,409777,0.13,20564,389213,26603,22766,151283,188562
2919900,Macururé,29,Bahia,BA,2,Nordeste,7256,-765,-0.83,2546,2.85,2436,2.98,58760,0.02,2662,56097,4923,1993,15358,33824
2919926,Madre de Deus,29,Bahia,BA,2,Nordeste,18504,1128,0.53,32,574.64,6773,2.72,560391,0.18,41468,518924,2850,51685,301232,163156
2919959,Maetinga,29,Bahia,BA,2,Nordeste,6973,20,0.02,615,11.34,2439,2.86,48090,0.02,2672,45417,3446,2515,17628,21830
2920007,Maiquinique,29,Bahia,BA,2,Nordeste,8731,-273,-0.26,588,14.84,3173,2.75,129189,0.04,6009,123180,27829,19179,30100,46072
2920106,Mairi,29,Bahia,BA,2,Nordeste,17674,-1341,-0.61,907,19.49,6377,2.77,146945,0.05,6276,140669,18207,5418,48404,68640
2920205,Malhada,29,Bahia,BA,2,Nordeste,15398,-963,-0.5,1979,7.78,4811,3.19,173428,0.06,6859,166568,59025,8009,32199,67336
2920304,Malhada de Pedras,29,Bahia,BA,2,Nordeste,8670,107,0.1,551,15.75,2989,2.9,72859,0.02,3184,69675,10119,3277,21228,35051
2920403,Manoel Vitorino,29,Bahia,BA,2,Nordeste,13860,-585,-0.34,2202,6.29,4825,2.87,126941,0.04,5239,121702,25215,4664,33540,58282
2920452,Mansidão,29,Bahia,BA,2,Nordeste,13919,1443,0.92,3130,4.45,3572,3.88,89321,0.03,3374,85947,10542,3309,20902,51194
2920502,Maracás,29,Bahia,BA,2,Nordeste,27620,2919,0.94,2413,11.45,9980,2.76,531944,0.17,29754,502190,48003,201954,159804,92429
2920601,Maragogipe,29,Bahia,BA,2,Nordeste,35859,-6802,-1.44,438,81.94,12953,2.76,356767,0.12,11090,345676,76207,14371,87596,167503
2920700,Maraú,29,Bahia,BA,2,Nordeste,24580,4891,1.87,849,28.96,8602,2.85,261155,0.09,8852,252303,46689,12778,98921,93914
2920809,Marcionílio Souza,29,Bahia,BA,2,Nordeste,9267,-1184,-1,1099,8.43,3243,2.86,90233,0.03,3958,86275,14811,3578,21796,46090
2920908,Mascote,29,Bahia,BA,2,Nordeste,13544,-1018,-0.6,743,18.24,4797,2.82,149395,0.05,8792,140603,25162,6031,44464,64945
2921005,Mata de São João,29,Bahia,BA,2,Nordeste,42566,2191,0.44,605,70.34,15325,2.78,1034985,0.34,127227,907758,11510,148946,495378,251924
2921054,Matina,29,Bahia,BA,2,Nordeste,10330,-841,-0.65,773,13.36,3230,3.2,86108,0.03,3080,83028,13320,2840,19692,47176
2921104,Medeiros Neto,29,Bahia,BA,2,Nordeste,22194,223,0.08,1312,16.92,8470,2.62,390428,0.13,30738,359691,80220,66627,120583,92261
2921203,Miguel Calmon,29,Bahia,BA,2,Nordeste,24661,-2100,-0.68,1600,15.42,9294,2.65,246157,0.08,12377,233780,24717,15263,94599,99201
2921302,Milagres,29,Bahia,BA,2,Nordeste,11071,-212,-0.16,420,26.34,3986,2.78,121912,0.04,12127,109784,1974,5195,55125,47490
2921401,Mirangaba,29,Bahia,BA,2,Nordeste,15734,-915,-0.47,1752,8.98,5576,2.82,132818,0.04,4694,128123,17731,6073,30273,74047
2921450,Mirante,29,Bahia,BA,2,Nordeste,10187,-162,-0.13,1173,8.69,3448,2.95,68252,0.02,2533,65719,9663,2802,18072,35182
2921500,Monte Santo,29,Bahia,BA,2,Nordeste,47780,-2013,-0.34,3034,15.75,16912,2.82,450067,0.15,21369,428697,61407,16643,139094,211553
2921609,Morpará,29,Bahia,BA,2,Nordeste,7982,-581,-0.58,2094,3.81,2761,2.88,72455,0.02,2472,69983,13327,3090,18719,34847
2921708,Morro do Chapéu,29,Bahia,BA,2,Nordeste,33594,-847,-0.21,5745,5.85,11882,2.82,453907,0.15,23566,430341,38701,137646,119026,134969
2921807,Mortugaba,29,Bahia,BA,2,Nordeste,11143,-553,-0.4,528,21.1,3841,2.9,101488,0.03,5863,95625,9173,6201,36102,44149
2921906,Mucugê,29,Bahia,BA,2,Nordeste,12137,1574,1.16,2462,4.93,4226,2.86,586116,0.19,15967,570149,417614,25061,81304,46169
2922003,Mucuri,29,Bahia,BA,2,Nordeste,37975,1949,0.44,1788,21.24,13376,2.83,2198798,0.72,193558,2005240,69265,1287203,434173,214599
2922052,Mulungu do Morro,29,Bahia,BA,2,Nordeste,13152,389,0.25,647,20.34,4502,2.92,111822,0.04,12834,98989,16187,5188,26877,50737
2922102,Mundo Novo,29,Bahia,BA,2,Nordeste,17299,-7069,-2.81,1492,11.59,6435,2.68,183063,0.06,5286,177777,27424,6936,51575,91842
2922201,Muniz Ferreira,29,Bahia,BA,2,Nordeste,7202,137,0.16,105,68.89,2774,2.59,60121,0.02,2456,57665,6636,3458,17219,30351
2922250,Muquém do São Francisco,29,Bahia,BA,2,Nordeste,10443,-32,-0.03,3852,2.71,3368,3.1,167893,0.05,13899,153994,35700,32052,38688,47554
2922300,Muritiba,29,Bahia,BA,2,Nordeste,28707,2,0,86,332.6,9991,2.87,272558,0.09,15072,257486,12421,27378,104776,112911
2922409,Mutuípe,29,Bahia,BA,2,Nordeste,20037,-1147,-0.46,276,72.64,7460,2.68,361794,0.12,17515,344280,45890,15568,198333,84489
2922508,Nazaré,29,Bahia,BA,2,Nordeste,27049,-224,-0.07,279,97.08,9968,2.71,290251,0.1,16572,273679,14616,16032,127261,115770
2922607,Nilo Peçanha,29,Bahia,BA,2,Nordeste,12052,-883,-0.59,389,30.99,4291,2.81,158890,0.05,4809,154081,47467,7288,34510,64816
2922656,Nordestina,29,Bahia,BA,2,Nordeste,18402,5861,3.25,465,39.54,5685,3.21,140292,0.05,6458,133834,8180,28563,37346,59745
2922706,Nova Canaã,29,Bahia,BA,2,Nordeste,13715,-2321,-1.29,805,17.05,4995,2.74,162115,0.05,3901,158214,39110,5093,45667,68344
2922730,Nova Fátima,29,Bahia,BA,2,Nordeste,7967,404,0.43,347,22.97,3052,2.61,90630,0.03,6507,84123,10602,5290,32934,35296
2922755,Nova Ibiá,29,Bahia,BA,2,Nordeste,6501,-326,-0.41,203,31.99,2401,2.7,92987,0.03,1685,91302,38501,3024,16899,32877
2922805,Nova Itarana,29,Bahia,BA,2,Nordeste,7780,226,0.25,475,16.37,2660,2.92,61918,0.02,3029,58889,5082,3265,16053,34489
2922854,Nova Redenção,29,Bahia,BA,2,Nordeste,7538,-1360,-1.37,565,13.33,2646,2.85,65914,0.02,2148,63765,7934,2967,17047,35817
2922904,Nova Soure,29,Bahia,BA,2,Nordeste,24236,-1675,-0.56,967,25.06,8691,2.78,247548,0.08,10997,236551,35756,17192,71239,112363
2923001,Nova Viçosa,29,Bahia,BA,2,Nordeste,39509,953,0.2,1316,30.01,13677,2.88,518507,0.17,46381,472126,45531,48820,216685,161090
2923035,Novo Horizonte,29,Bahia,BA,2,Nordeste,11162,361,0.27,628,17.79,3796,2.93,95646,0.03,4528,91118,11641,5971,25655,47851
2923050,Novo Triunfo,29,Bahia,BA,2,Nordeste,10660,-4445,-2.86,278,38.28,3262,3.27,96016,0.03,2613,93402,10489,4136,20417,58361
2923100,Olindina,29,Bahia,BA,2,Nordeste,22633,-4309,-1.44,637,35.51,8327,2.71,220756,0.07,13528,207228,11144,14521,72776,108787
2923209,Oliveira dos Brejinhos,29,Bahia,BA,2,Nordeste,20715,-809,-0.32,3313,6.25,7530,2.75,254405,0.08,15854,238551,13146,65249,77645,82510
2923308,Ouriçangas,29,Bahia,BA,2,Nordeste,7716,-624,-0.65,157,49.15,2783,2.77,65703,0.02,2350,63353,4508,6285,15687,36874
2923357,Ourolândia,29,Bahia,BA,2,Nordeste,19243,2721,1.28,1545,12.46,6100,3.15,245919,0.08,18602,227316,8793,78790,63560,76173
2923407,Palmas de Monte Alto,29,Bahia,BA,2,Nordeste,20078,-794,-0.32,2560,7.84,6773,2.96,207706,0.07,11326,196380,44974,14205,52719,84482
2923506,Palmeiras,29,Bahia,BA,2,Nordeste,10339,2023,1.83,737,14.02,3592,2.86,95243,0.03,4534,90709,6923,13007,33272,37507
2923605,Paramirim,29,Bahia,BA,2,Nordeste,20347,10,0,1087,18.72,6762,3.01,230760,0.08,14200,216560,14198,19541,93285,89537
2923704,Paratinga,29,Bahia,BA,2,Nordeste,29252,-746,-0.21,2625,11.14,9008,3.25,252869,0.08,16417,236452,27550,8217,81403,119282
2923803,Paripiranga,29,Bahia,BA,2,Nordeste,26604,-1136,-0.35,442,60.16,9664,2.75,437197,0.14,17230,419967,159813,15071,137093,107990
2923902,Pau Brasil,29,Bahia,BA,2,Nordeste,9370,-1658,-1.35,626,14.96,3294,2.84,94323,0.03,3224,91098,24850,4863,22167,39217
2924009,Paulo Afonso,29,Bahia,BA,2,Nordeste,112870,4562,0.34,1544,73.08,38770,2.9,4233480,1.39,165503,4067977,37439,2665014,860987,504537
2924058,Pé de Serra,29,Bahia,BA,2,Nordeste,13243,-280,-0.17,597,22.19,4878,2.71,119136,0.04,3717,115419,21077,7568,29816,56958
2924108,Pedrão,29,Bahia,BA,2,Nordeste,6235,-514,-0.66,158,39.34,2107,2.96,49016,0.02,1440,47575,4744,2056,11159,29617
2924207,Pedro Alexandre,29,Bahia,BA,2,Nordeste,13954,-2232,-1.23,890,15.69,4717,2.95,145376,0.05,3060,142315,52448,4014,25574,60279
2924306,Piatã,29,Bahia,BA,2,Nordeste,20086,1953,0.86,1826,11,6544,3.06,158732,0.05,6935,151797,16741,13826,53960,67270
2924405,Pilão Arcado,29,Bahia,BA,2,Nordeste,35357,2239,0.55,11598,3.05,10728,3.29,283613,0.09,10934,272679,41874,7729,74709,148367
2924504,Pindaí,29,Bahia,BA,2,Nordeste,14731,-969,-0.53,628,23.44,5018,2.93,236317,0.08,23560,212757,16138,89965,45304,61350
2924603,Pindobaçu,29,Bahia,BA,2,Nordeste,19083,-1174,-0.5,496,38.49,6759,2.82,157319,0.05,5720,151599,8218,6157,48797,88426
2924652,Pintadas,29,Bahia,BA,2,Nordeste,10325,-324,-0.26,647,15.95,3566,2.89,96539,0.03,4643,91895,17169,6162,25889,42676
2924678,Piraí do Norte,29,Bahia,BA,2,Nordeste,10974,1289,1.05,193,56.73,3218,3.4,93817,0.03,2022,91795,29172,3257,17501,41865
2924702,Piripá,29,Bahia,BA,2,Nordeste,9152,-3605,-2.73,512,17.88,3254,2.81,77449,0.03,3191,74258,5282,3401,24291,41283
2924801,Piritiba,29,Bahia,BA,2,Nordeste,17566,-4671,-1.95,980,17.92,6579,2.66,170306,0.06,9063,161243,18707,7057,55091,80388
2924900,Planaltino,29,Bahia,BA,2,Nordeste,8022,-648,-0.65,955,8.4,2922,2.74,73753,0.02,3144,70608,11714,2868,19176,36851
2925006,Planalto,29,Bahia,BA,2,Nordeste,23135,-1021,-0.36,769,30.08,8242,2.81,261741,0.09,17741,244000,38686,13840,90997,100477
2925105,Poções,29,Bahia,BA,2,Nordeste,48293,2438,0.43,938,51.49,16865,2.86,506451,0.17,45924,460527,26648,25416,242502,165960
2925204,Pojuca,29,Bahia,BA,2,Nordeste,32129,-2206,-0.55,315,102.02,11843,2.71,1173462,0.38,106399,1067063,7496,592460,279687,187420
2925253,Ponto Novo,29,Bahia,BA,2,Nordeste,17938,2409,1.21,530,33.84,6302,2.84,124334,0.04,6359,117975,10347,7601,37519,62508
2925303,Porto Seguro,29,Bahia,BA,2,Nordeste,167955,41374,2.38,2286,73.48,60102,2.78,2964270,0.97,238921,2725348,142736,198246,1691082,693284
2925402,Potiraguá,29,Bahia,BA,2,Nordeste,10274,197,0.16,1112,9.24,3340,3.07,101806,0.03,3608,98198,27997,7275,25189,37736
2925501,Prado,29,Bahia,BA,2,Nordeste,35003,7590,2.06,1692,20.69,11470,3.01,488298,0.16,23415,464883,148433,35558,157099,123793
2925600,Presidente Dutra,29,Bahia,BA,2,Nordeste,15130,487,0.27,232,65.2,5401,2.8,119353,0.04,4685,114668,11602,7424,39906,55735
2925709,Presidente Jânio Quadros,29,Bahia,BA,2,Nordeste,12621,-1014,-0.64,1209,10.44,4429,2.85,96309,0.03,3691,92618,10249,3567,27353,51450
2925758,Presidente Tancredo Neves,29,Bahia,BA,2,Nordeste,27726,3317,1.07,442,62.75,9570,2.9,300164,0.1,16413,283751,66226,16164,83865,117495
2925808,Queimadas,29,Bahia,BA,2,Nordeste,25978,992,0.32,2011,12.92,9031,2.87,247788,0.08,12668,235121,27879,12774,84301,110167
2925907,Quijingue,29,Bahia,BA,2,Nordeste,25272,-1303,-0.42,1381,18.3,8778,2.88,210501,0.07,9436,201065,19636,8434,61034,111960
2925931,Quixabeira,29,Bahia,BA,2,Nordeste,9461,499,0.45,366,25.82,3610,2.62,68820,0.02,2696,66123,5599,3766,20592,36166
2925956,Rafael Jambeiro,29,Bahia,BA,2,Nordeste,19662,-2400,-0.96,1091,18.03,6644,2.96,338404,0.11,47449,290955,13590,10526,174176,92663
2926004,Remanso,29,Bahia,BA,2,Nordeste,40586,1971,0.42,4574,8.87,13337,3.04,425128,0.14,22659,402469,69984,13534,159618,159333
2926103,Retirolândia,29,Bahia,BA,2,Nordeste,13651,492,0.31,242,56.33,4969,2.74,138397,0.05,9372,129025,7848,20753,41494,58930
2926202,Riachão das Neves,29,Bahia,BA,2,Nordeste,21642,-295,-0.11,5978,3.62,7168,3.02,1361701,0.45,52819,1308881,919981,53273,235289,100339
2926301,Riachão do Jacuípe,29,Bahia,BA,2,Nordeste,33386,923,0.23,1155,28.9,12502,2.67,360515,0.12,23282,337233,28844,28551,155816,124022
2926400,Riacho de Santana,29,Bahia,BA,2,Nordeste,30711,-2322,-0.61,3184,9.65,10101,3.04,291628,0.1,12829,278799,42081,9709,99298,127712
2926509,Ribeira do Amparo,29,Bahia,BA,2,Nordeste,13841,-257,-0.15,644,21.48,4811,2.86,176156,0.06,4740,171416,69074,6913,31231,64198
2926608,Ribeira do Pombal,29,Bahia,BA,2,Nordeste,54010,2717,0.43,1252,43.13,19303,2.8,657608,0.22,52963,604645,58399,57719,288091,200435
2926657,Ribeirão do Largo,29,Bahia,BA,2,Nordeste,9740,-520,-0.43,1364,7.14,3308,2.91,99267,0.03,2858,96409,43954,2658,17779,32017
2926707,Rio de Contas,29,Bahia,BA,2,Nordeste,13184,-94,-0.06,1115,11.82,4556,2.89,142040,0.05,4818,137222,31334,6285,47546,52057
2926806,Rio do Antônio,29,Bahia,BA,2,Nordeste,13146,-1166,-0.71,778,16.9,4604,2.85,115145,0.04,4610,110535,9209,5021,36127,60179
2926905,Rio do Pires,29,Bahia,BA,2,Nordeste,10497,-839,-0.64,656,16,3503,3,92898,0.03,4647,88251,6935,4389,32379,44548
2927002,Rio Real,29,Bahia,BA,2,Nordeste,35362,-2177,-0.5,740,47.8,12639,2.79,983973,0.32,20661,963313,604346,30434,172730,155803
2927101,Rodelas,29,Bahia,BA,2,Nordeste,10308,2252,2.08,2207,4.67,3199,3.22,106470,0.03,7384,99086,17905,7641,28622,44917
2927200,Ruy Barbosa,29,Bahia,BA,2,Nordeste,28282,-1486,-0.43,1992,14.2,10131,2.79,308530,0.1,19036,289493,19881,46147,106232,117234
2927309,Salinas da Margarida,29,Bahia,BA,2,Nordeste,14987,1524,0.9,151,99.54,5330,2.81,186454,0.06,5947,180507,73577,7645,40308,58977
2927408,Salvador,29,Bahia,BA,2,Nordeste,2418005,-257651,-0.84,693,3486.96,958680,2.51,58938115,19.3,8171919,50766196,54334,6493118,35251370,8967373
2927507,Santa Bárbara,29,Bahia,BA,2,Nordeste,20952,1473,0.61,347,60.38,7281,2.88,164355,0.05,8519,155836,9310,11105,56672,78749
2927606,Santa Brígida,29,Bahia,BA,2,Nordeste,14965,-442,-0.24,934,16.01,5246,2.85,119786,0.04,5891,113896,14686,6407,34219,58583
2927705,Santa Cruz Cabrália,29,Bahia,BA,2,Nordeste,29185,3358,1.02,1463,19.95,10434,2.75,429578,0.14,26722,402856,55259,38798,182669,126130
2927804,Santa Cruz da Vitória,29,Bahia,BA,2,Nordeste,4681,-1876,-2.77,284,16.48,1692,2.75,67720,0.02,2267,65453,14390,3137,16019,31906
2927903,Santa Inês,29,Bahia,BA,2,Nordeste,10300,-356,-0.28,379,27.16,3601,2.84,74418,0.02,3693,70724,2857,4027,25893,37948
2928000,Santaluz,29,Bahia,BA,2,Nordeste,37834,3001,0.69,1623,23.3,13465,2.81,412990,0.14,25354,387636,26900,54640,151366,154730
2928059,Santa Luzia,29,Bahia,BA,2,Nordeste,13769,-7,0,824,16.7,4695,2.91,109798,0.04,3695,106102,23484,4921,26555,51143
2928109,Santa Maria da Vitória,29,Bahia,BA,2,Nordeste,38604,-1139,-0.24,1985,19.45,13252,2.91,502909,0.16,44175,458734,48804,29579,213360,166992
2928208,Santana,29,Bahia,BA,2,Nordeste,24755,-439,-0.15,1909,12.97,8397,2.94,291550,0.1,16025,275525,60795,19896,92097,102737
2928307,Santanópolis,29,Bahia,BA,2,Nordeste,8716,167,0.16,223,39.14,3033,2.87,64935,0.02,1943,62992,3841,3130,17081,38939
2928406,Santa Rita de Cássia,29,Bahia,BA,2,Nordeste,27390,986,0.31,6030,4.54,9133,2.99,254486,0.08,10709,243777,51183,7554,84009,101031
2928505,Santa Terezinha,29,Bahia,BA,2,Nordeste,10441,812,0.68,719,14.52,4013,2.6,83167,0.03,4460,78707,7293,6190,22451,42772
2928604,Santo Amaro,29,Bahia,BA,2,Nordeste,56012,-2258,-0.33,495,113.27,20671,2.7,868007,0.28,66362,801645,68076,177838,317422,238309
2928703,Santo Antônio de Jesus,29,Bahia,BA,2,Nordeste,103055,11998,1.04,262,393.73,38249,2.69,2163314,0.71,304093,1859221,53966,279281,1167129,358844
2928802,Santo Estêvão,29,Bahia,BA,2,Nordeste,52274,4548,0.76,360,145.07,17408,3,743010,0.24,81028,661982,12302,138831,309834,201015
2928901,São Desidério,29,Bahia,BA,2,Nordeste,32828,4852,1.34,15157,2.17,10440,3.13,4833166,1.58,150718,4682448,3533041,259827,721965,167614
2928950,São Domingos,29,Bahia,BA,2,Nordeste,8426,-308,-0.3,290,29.06,3321,2.54,88554,0.03,4172,84382,12103,5704,26159,40417
2929008,São Félix,29,Bahia,BA,2,Nordeste,11026,-3204,-2.1,103,106.81,3930,2.8,163840,0.05,5391,158449,30416,15535,49242,63256
2929057,São Félix do Coribe,29,Bahia,BA,2,Nordeste,15194,868,0.49,1752,8.67,5271,2.88,201805,0.07,14375,187430,52851,10456,63425,60697
2929107,São Felipe,29,Bahia,BA,2,Nordeste,20283,-318,-0.13,222,91.2,7340,2.75,201670,0.07,9914,191756,36506,9047,64440,81763
2929206,São Francisco do Conde,29,Bahia,BA,2,Nordeste,37732,3025,0.7,270,139.9,13649,2.76,11926908,3.91,1701590,10225319,15880,7050260,2676570,482608
2929255,São Gabriel,29,Bahia,BA,2,Nordeste,18600,144,0.06,1146,16.23,6409,2.9,136649,0.04,4649,132000,10651,7292,37153,76904
2929305,São Gonçalo dos Campos,29,Bahia,BA,2,Nordeste,39513,6523,1.51,295,134.05,13404,2.95,990103,0.32,196868,793235,26357,214041,414189,138648
2929354,São José da Vitória,29,Bahia,BA,2,Nordeste,5315,-709,-1.04,128,41.55,2061,2.58,57016,0.02,2810,54207,6458,2319,17319,28110
2929370,São José do Jacuípe,29,Bahia,BA,2,Nordeste,10187,357,0.3,362,28.11,3816,2.67,99034,0.03,6719,92315,15650,6141,30758,39767
2929404,São Miguel das Matas,29,Bahia,BA,2,Nordeste,10334,-821,-0.64,231,44.75,3816,2.71,139092,0.05,13572,125519,29445,5584,45822,44669
2929503,São Sebastião do Passé,29,Bahia,BA,2,Nordeste,40958,-1195,-0.24,537,76.32,15128,2.7,689205,0.23,88712,600493,21766,162184,233141,183402
2929602,Sapeaçu,29,Bahia,BA,2,Nordeste,17963,1020,0.49,131,136.89,6357,2.82,158543,0.05,8098,150445,22995,12751,52816,61883
2929701,Sátiro Dias,29,Bahia,BA,2,Nordeste,16008,-638,-0.33,949,16.86,5669,2.82,236739,0.08,6886,229853,99037,11092,41809,77915
2929750,Saubara,29,Bahia,BA,2,Nordeste,11438,237,0.17,166,68.73,4431,2.58,141164,0.05,4951,136213,27590,9321,44859,54443
2929800,Saúde,29,Bahia,BA,2,Nordeste,10478,-1895,-1.38,509,20.58,3957,2.64,95994,0.03,3107,92887,6731,3606,32663,49887
2929909,Seabra,29,Bahia,BA,2,Nordeste,46160,4339,0.83,2402,19.22,15891,2.9,551367,0.18,53355,498012,18845,27620,287346,164201
2930006,Sebastião Laranjeiras,29,Bahia,BA,2,Nordeste,9360,-1084,-0.91,1985,4.72,3183,2.94,97196,0.03,4814,92382,21104,3116,23353,44809
2930105,Senhor do Bonfim,29,Bahia,BA,2,Nordeste,74490,1024,0.12,789,94.37,26881,2.76,953034,0.31,85658,867375,11864,81075,484678,289759
2930154,Serra do Ramalho,29,Bahia,BA,2,Nordeste,34222,2831,0.72,2341,14.62,11309,3.02,357797,0.12,16353,341444,93283,21795,96193,130173
2930204,Sento Sé,29,Bahia,BA,2,Nordeste,38158,1249,0.28,11980,3.19,11703,3.24,987033,0.32,28779,958255,50721,637888,91548,178098
2930303,Serra Dourada,29,Bahia,BA,2,Nordeste,17066,-590,-0.28,1592,10.72,5898,2.89,183649,0.06,8633,175015,43629,15099,51190,65098
2930402,Serra Preta,29,Bahia,BA,2,Nordeste,17996,1692,0.83,595,30.23,5831,3.08,123896,0.04,5301,118594,15328,8521,38776,55969
2930501,Serrinha,29,Bahia,BA,2,Nordeste,80435,5340,0.57,583,137.89,28893,2.77,1011713,0.33,98072,913641,24949,87736,504652,296303
2930600,Serrolândia,29,Bahia,BA,2,Nordeste,13335,671,0.43,322,41.41,5200,2.56,106854,0.03,4794,102060,6038,6637,35462,53923
2930709,Simões Filho,29,Bahia,BA,2,Nordeste,114441,-3606,-0.26,202,567.87,42104,2.7,4956142,1.62,1042336,3913805,9810,1459135,1861797,583063
2930758,Sítio do Mato,29,Bahia,BA,2,Nordeste,13408,1108,0.72,1628,8.24,4006,3.34,118059,0.04,4477,113581,31716,6240,24254,51371
2930766,Sítio do Quinto,29,Bahia,BA,2,Nordeste,14773,2220,1.37,684,21.6,5121,2.88,109748,0.04,4236,105512,27802,4343,29324,44043
2930774,Sobradinho,29,Bahia,BA,2,Nordeste,25475,3165,1.11,1356,18.79,8348,3.05,909680,0.3,19127,890553,22944,655661,96987,114961
2930808,Souto Soares,29,Bahia,BA,2,Nordeste,17058,1106,0.56,1027,16.62,5712,2.99,131315,0.04,6473,124842,5336,5212,42862,71432
2930907,Tabocas do Brejo Velho,29,Bahia,BA,2,Nordeste,11979,-292,-0.2,1437,8.34,3919,3.05,197283,0.06,7560,189724,21731,82874,31792,53327
2931004,Tanhaçu,29,Bahia,BA,2,Nordeste,21006,901,0.37,1278,16.44,7310,2.87,220273,0.07,12249,208024,40816,11667,72270,83271
2931053,Tanque Novo,29,Bahia,BA,2,Nordeste,17158,897,0.45,730,23.52,5500,3.12,171791,0.06,16285,155506,10646,7207,66286,71368
2931103,Tanquinho,29,Bahia,BA,2,Nordeste,7717,48,0.05,244,31.65,2595,2.97,58213,0.02,2219,55993,6444,3174,18015,28360
2931202,Taperoá,29,Bahia,BA,2,Nordeste,18044,-884,-0.4,454,39.74,6308,2.85,188881,0.06,6762,182119,37406,6344,49410,88959
2931301,Tapiramutá,29,Bahia,BA,2,Nordeste,15818,-1198,-0.61,715,22.13,5106,3.09,123778,0.04,3901,119877,22153,4774,30366,62584
2931350,Teixeira de Freitas,29,Bahia,BA,2,Nordeste,145223,6882,0.41,1166,124.59,52471,2.75,2553946,0.84,295206,2258739,90412,185520,1373228,609580
2931400,Teodoro Sampaio,29,Bahia,BA,2,Nordeste,7110,-804,-0.89,245,29.07,2608,2.72,88044,0.03,7196,80849,6294,7783,30281,36491
2931509,Teofilândia,29,Bahia,BA,2,Nordeste,21176,-534,-0.21,352,60.18,7371,2.86,173427,0.06,10181,163247,10976,10082,61905,80283
2931608,Teolândia,29,Bahia,BA,2,Nordeste,15332,1451,0.83,290,52.91,4735,3.23,200649,0.07,4459,196190,76256,9014,37603,73317
2931707,Terra Nova,29,Bahia,BA,2,Nordeste,10798,-2053,-1.44,193,55.88,3790,2.85,149215,0.05,16786,132429,7874,28045,42464,54045
2931806,Tremedal,29,Bahia,BA,2,Nordeste,16296,-1759,-0.85,2010,8.11,5882,2.77,127119,0.04,5016,122104,17565,5156,33770,65614
2931905,Tucano,29,Bahia,BA,2,Nordeste,48738,149,0.03,2198,22.17,17387,2.8,506229,0.17,35481,470748,40020,23929,198127,208671
2932002,Uauá,29,Bahia,BA,2,Nordeste,24665,-320,-0.11,3060,8.06,8736,2.82,225966,0.07,11725,214241,18458,9659,79756,106368
2932101,Ubaíra,29,Bahia,BA,2,Nordeste,18626,-1038,-0.45,659,28.26,6851,2.72,249504,0.08,10302,239202,28566,13139,118142,79355
2932200,Ubaitaba,29,Bahia,BA,2,Nordeste,17610,-3101,-1.34,181,97.24,6499,2.71,231262,0.08,13966,217297,10429,26269,90787,89812
2932309,Ubatã,29,Bahia,BA,2,Nordeste,16111,-8161,-3.36,178,90.69,5865,2.75,211663,0.07,16223,195440,18977,10117,74902,91443
2932408,Uibaí,29,Bahia,BA,2,Nordeste,13432,-146,-0.09,545,24.63,4874,2.75,105363,0.03,4044,101319,14417,5725,30217,50960
2932457,Umburanas,29,Bahia,BA,2,Nordeste,13642,-3447,-1.86,1776,7.68,4485,3.04,158556,0.05,9254,149301,7073,13196,50086,78946
2932507,Una,29,Bahia,BA,2,Nordeste,18131,-4958,-1.99,1127,16.09,6938,2.6,262977,0.09,16745,246231,63056,15994,84759,82423
2932606,Urandi,29,Bahia,BA,2,Nordeste,15355,-905,-0.48,902,17.02,5135,2.99,195167,0.06,18124,177043,23451,26567,61799,65226
2932705,Uruçuca,29,Bahia,BA,2,Nordeste,21420,280,0.11,510,41.99,7856,2.71,259974,0.09,17899,242075,43592,16671,88749,93063
2932804,Utinga,29,Bahia,BA,2,Nordeste,16277,-1772,-0.86,634,25.68,5926,2.74,175927,0.06,10126,165801,25834,8117,59780,72070
2932903,Valença,29,Bahia,BA,2,Nordeste,85655,-2445,-0.23,1124,76.21,32290,2.64,1576913,0.52,184036,1392877,133285,129034,750510,380049
2933000,Valente,29,Bahia,BA,2,Nordeste,24362,-368,-0.12,395,61.7,9062,2.69,245519,0.08,15172,230347,11712,16340,93441,108854
2933059,Várzea da Roça,29,Bahia,BA,2,Nordeste,13797,134,0.08,468,29.46,5030,2.74,105436,0.03,5157,100279,10836,5407,30652,53384
2933109,Várzea do Poço,29,Bahia,BA,2,Nordeste,8101,-505,-0.5,206,39.23,3220,2.52,97966,0.03,10753,87213,5706,3579,42342,35587
2933158,Várzea Nova,29,Bahia,BA,2,Nordeste,13377,236,0.15,1226,10.91,4860,2.75,208063,0.07,7303,200760,15292,88634,41718,55115
2933174,Varzedo,29,Bahia,BA,2,Nordeste,9913,730,0.64,221,44.77,3622,2.73,120819,0.04,8060,112759,30399,21209,28033,33117
2933208,Vera Cruz,29,Bahia,BA,2,Nordeste,42577,5010,1.05,298,143.1,16573,2.57,545196,0.18,46801,498395,32701,48042,251716,165935
2933257,Vereda,29,Bahia,BA,2,Nordeste,6003,-573,-0.76,782,7.67,2253,2.66,84323,0.03,2210,82113,34618,2352,13852,31292
2933307,Vitória da Conquista,29,Bahia,BA,2,Nordeste,370868,64854,1.61,3254,113.97,129081,2.86,7131575,2.34,939057,6192518,145831,959918,3812016,1274753
2933406,Wagner,29,Bahia,BA,2,Nordeste,9503,330,0.29,522,18.19,3280,2.9,80244,0.03,3885,76359,12178,4124,23277,36780
2933455,Wanderley,29,Bahia,BA,2,Nordeste,12968,410,0.27,2921,4.44,4251,3.05,149583,0.05,5617,143965,41842,5391,40742,55991
2933505,Wenceslau Guimarães,29,Bahia,BA,2,Nordeste,24474,2607,0.94,655,37.36,8317,2.94,293964,0.1,6547,287416,126993,10707,56909,92807
2933604,Xique-Xique,29,Bahia,BA,2,Nordeste,44757,-407,-0.08,5080,8.81,13521,3.29,416893,0.14,19307,397586,58815,14253,143752,180767
3100104,Abadia dos Dourados,31,Minas Gerais,MG,3,Sudeste,6272,-432,-0.55,880,7.12,2579,2.43,153873,0.02,9046,144827,55678,9667,43207,36275
3100203,Abaeté,31,Minas Gerais,MG,3,Sudeste,22675,-15,-0.01,1817,12.48,9026,2.5,555814,0.08,45552,510261,98419,77239,232737,101866
3100302,Abre Campo,31,Minas Gerais,MG,3,Sudeste,13927,616,0.38,471,29.6,4896,2.78,226522,0.03,16366,210156,43747,12331,96488,57589
3100401,Acaiaca,31,Minas Gerais,MG,3,Sudeste,3909,-11,-0.02,102,38.37,1507,2.59,58057,0.01,3323,54734,3440,6847,22479,21968
3100500,Açucena,31,Minas Gerais,MG,3,Sudeste,8943,-1333,-1.15,815,10.97,3285,2.67,138557,0.02,2668,135889,18446,54659,22908,39876
3100609,Água Boa,31,Minas Gerais,MG,3,Sudeste,12589,-2932,-1.73,1320,9.53,4467,2.81,172998,0.03,7615,165383,43548,11268,50074,60492
3100708,Água Comprida,31,Minas Gerais,MG,3,Sudeste,2108,83,0.34,492,4.28,822,2.56,159718,0.02,3730,155988,96711,6456,32425,20396
3100807,Aguanil,31,Minas Gerais,MG,3,Sudeste,4357,303,0.6,232,18.77,1622,2.67,71565,0.01,2707,68858,17142,2877,23822,25017
3100906,Águas Formosas,31,Minas Gerais,MG,3,Sudeste,18450,-29,-0.01,820,22.5,6600,2.79,254012,0.04,16573,237439,16728,21444,117101,82166
3101003,Águas Vermelhas,31,Minas Gerais,MG,3,Sudeste,14037,1315,0.82,1257,11.17,4185,3.35,214552,0.03,17005,197547,44902,8093,86587,57966
3101102,Aimorés,31,Minas Gerais,MG,3,Sudeste,25269,310,0.1,1349,18.73,9535,2.63,577756,0.08,30306,547451,51565,176742,203529,115615
3101201,Aiuruoca,31,Minas Gerais,MG,3,Sudeste,6233,71,0.1,650,9.59,2481,2.48,112993,0.02,5402,107591,29706,2820,45650,29415
3101300,Alagoa,31,Minas Gerais,MG,3,Sudeste,2749,40,0.12,161,17.04,1024,2.67,46047,0.01,1861,44186,10758,3653,11891,17884
3101409,Albertina,31,Minas Gerais,MG,3,Sudeste,2945,32,0.09,58,50.77,1034,2.85,106047,0.02,19778,86269,7835,5467,54223,18744
3101508,Além Paraíba,31,Minas Gerais,MG,3,Sudeste,30717,-3632,-0.93,510,60.2,11692,2.61,899673,0.13,50815,848859,10474,273725,408202,156457
3101607,Alfenas,31,Minas Gerais,MG,3,Sudeste,78970,5196,0.57,850,92.86,29127,2.7,2724216,0.4,321297,2402919,170287,436109,1421023,375501
3101631,Alfredo Vasconcelos,31,Minas Gerais,MG,3,Sudeste,6931,856,1.1,131,52.98,2464,2.81,117608,0.02,7434,110175,29228,10939,38202,31806
3101706,Almenara,31,Minas Gerais,MG,3,Sudeste,40364,1589,0.34,2294,17.59,14479,2.77,632753,0.09,38824,593929,18294,100144,288760,186731
3101805,Alpercata,31,Minas Gerais,MG,3,Sudeste,6903,-269,-0.32,167,41.34,2755,2.48,87460,0.01,4715,82745,8059,7995,32931,33760
3101904,Alpinópolis,31,Minas Gerais,MG,3,Sudeste,18300,-188,-0.09,461,39.72,6594,2.77,450320,0.07,32217,418103,105953,34984,191200,85966
3102001,Alterosa,31,Minas Gerais,MG,3,Sudeste,13915,198,0.12,362,38.44,5280,2.62,242399,0.04,12082,230317,60281,14672,92060,63304
3102050,Alto Caparaó,31,Minas Gerais,MG,3,Sudeste,5795,498,0.75,104,55.89,2176,2.64,84550,0.01,3646,80904,18503,2743,30590,29068
3102100,Alto Rio Doce,31,Minas Gerais,MG,3,Sudeste,10891,-1268,-0.91,518,21.02,3990,2.72,179127,0.03,5335,173792,71530,6747,48598,46917
3102209,Alvarenga,31,Minas Gerais,MG,3,Sudeste,3973,-471,-0.93,278,14.28,1540,2.57,48727,0.01,1979,46748,8154,2104,14212,22278
3102308,Alvinópolis,31,Minas Gerais,MG,3,Sudeste,15059,-202,-0.11,599,25.12,5592,2.69,335514,0.05,45630,289884,31702,87406,106039,64736
3102407,Alvorada de Minas,31,Minas Gerais,MG,3,Sudeste,4159,613,1.34,374,11.12,1366,3.04,61059,0.01,6741,54318,9323,1738,14746,28511
3102506,Amparo do Serra,31,Minas Gerais,MG,3,Sudeste,4541,-431,-0.75,136,33.34,1574,2.87,50662,0.01,2092,48570,8396,2010,14902,23262
3102605,Andradas,31,Minas Gerais,MG,3,Sudeste,40548,3278,0.7,469,86.38,15156,2.66,1016872,0.15,106991,909881,118837,175197,432805,183042
3102704,Cachoeira de Pajeú,31,Minas Gerais,MG,3,Sudeste,9110,151,0.14,696,13.1,2928,3.1,121538,0.02,9965,111573,5478,3295,59301,43499
3102803,Andrelândia,31,Minas Gerais,MG,3,Sudeste,11927,-246,-0.17,1005,11.86,4523,2.62,249223,0.04,16926,232296,53348,18504,104292,56152
3102852,Angelândia,31,Minas Gerais,MG,3,Sudeste,7718,-285,-0.3,185,41.67,2607,2.96,115789,0.02,5113,110677,30369,8850,31706,39752
3102902,Antônio Carlos,31,Minas Gerais,MG,3,Sudeste,11095,-19,-0.01,530,20.94,4073,2.72,196663,0.03,14639,182024,27322,43552,59760,51389
3103009,Antônio Dias,31,Minas Gerais,MG,3,Sudeste,9219,-346,-0.31,787,11.71,3210,2.87,392983,0.06,20862,372121,24820,188455,103386,55460
3103108,Antônio Prado de Minas,31,Minas Gerais,MG,3,Sudeste,1538,-133,-0.69,84,18.35,599,2.57,26588,0,693,25895,3420,1002,7423,14050
3103207,Araçaí,31,Minas Gerais,MG,3,Sudeste,2181,-62,-0.23,188,11.63,826,2.64,57252,0.01,4516,52736,10362,13726,11210,17438
3103306,Aracitaba,31,Minas Gerais,MG,3,Sudeste,2049,-9,-0.04,107,19.22,854,2.4,27554,0,766,26788,3644,1658,7681,13805
3103405,Araçuaí,31,Minas Gerais,MG,3,Sudeste,34297,-1716,-0.41,2236,15.34,12188,2.8,493448,0.07,34053,459395,19702,41736,245329,152628
3103504,Araguari,31,Minas Gerais,MG,3,Sudeste,117808,8007,0.59,2730,43.16,44069,2.65,5927562,0.87,532358,5395204,334912,2516115,1973180,570997
3103603,Arantina,31,Minas Gerais,MG,3,Sudeste,2915,92,0.27,89,32.6,1112,2.62,68276,0.01,1540,66736,28709,3828,16408,17792
3103702,Araponga,31,Minas Gerais,MG,3,Sudeste,8048,-104,-0.11,304,26.49,2862,2.81,96164,0.01,3295,92869,30304,3533,23025,36006
3103751,Araporã,31,Minas Gerais,MG,3,Sudeste,8479,2335,2.72,294,28.81,2878,2.94,1462238,0.21,48497,1413741,48350,1101923,199733,63735
3103801,Arapuá,31,Minas Gerais,MG,3,Sudeste,2631,-144,-0.44,174,15.13,1045,2.51,161000,0.02,21542,139458,20477,52081,48922,17977
3103900,Araújos,31,Minas Gerais,MG,3,Sudeste,9199,1316,1.29,246,37.47,3354,2.73,373981,0.05,20527,353453,158760,43092,108876,42725
3104007,Araxá,31,Minas Gerais,MG,3,Sudeste,111691,18019,1.48,1164,95.95,40329,2.75,6094234,0.89,855573,5238661,128153,2359879,2191379,559250
3104106,Arceburgo,31,Minas Gerais,MG,3,Sudeste,9177,-332,-0.3,163,56.34,3368,2.71,320228,0.05,48716,271512,18948,76199,122707,53658
3104205,Arcos,31,Minas Gerais,MG,3,Sudeste,41417,4820,1.04,510,81.23,15058,2.73,1525022,0.22,230914,1294108,45464,454170,607026,187447
3104304,Areado,31,Minas Gerais,MG,3,Sudeste,13881,150,0.09,283,49.03,5102,2.7,252554,0.04,14998,237556,36659,15744,117845,67307
3104403,Argirita,31,Minas Gerais,MG,3,Sudeste,2688,-213,-0.63,159,16.87,1012,2.66,36720,0.01,1269,35451,5323,1081,11795,17252
3104452,Aricanduva,31,Minas Gerais,MG,3,Sudeste,4719,-51,-0.09,243,19.39,1676,2.81,60656,0.01,1668,58988,17172,1237,13835,26744
3104502,Arinos,31,Minas Gerais,MG,3,Sudeste,17272,-402,-0.19,5279,3.27,6166,2.79,280277,0.04,15295,264982,76409,11466,90854,86253
3104601,Astolfo Dutra,31,Minas Gerais,MG,3,Sudeste,14138,1089,0.67,159,88.98,5177,2.72,272610,0.04,22887,249723,20496,72941,92611,63675
3104700,Ataléia,31,Minas Gerais,MG,3,Sudeste,13736,-719,-0.42,1837,7.48,4948,2.77,184822,0.03,8840,175982,44369,25566,51095,54952
3104809,Augusto de Lima,31,Minas Gerais,MG,3,Sudeste,4538,-422,-0.74,1255,3.62,1707,2.64,66732,0.01,3648,63084,12824,3198,21007,26056
3104908,Baependi,31,Minas Gerais,MG,3,Sudeste,18366,59,0.03,751,24.47,6787,2.69,325326,0.05,19443,305883,28041,29692,160814,87336
3105004,Baldim,31,Minas Gerais,MG,3,Sudeste,7492,-421,-0.45,556,13.47,2935,2.53,162971,0.02,8911,154060,19099,64140,33645,37176
3105103,Bambuí,31,Minas Gerais,MG,3,Sudeste,23546,812,0.29,1456,16.17,9593,2.44,647675,0.09,51176,596499,154882,82278,254179,105160
3105202,Bandeira,31,Minas Gerais,MG,3,Sudeste,4741,-246,-0.42,484,9.8,1754,2.69,51346,0.01,1602,49743,10160,1878,12767,24938
3105301,Bandeira do Sul,31,Minas Gerais,MG,3,Sudeste,5943,605,0.9,47,125.74,2232,2.66,79110,0.01,5301,73809,3257,10167,31942,28444
3105400,Barão de Cocais,31,Minas Gerais,MG,3,Sudeste,30778,2537,0.72,340,90.49,10617,2.89,1093189,0.16,130932,962256,15134,357256,417940,171926
3105509,Barão de Monte Alto,31,Minas Gerais,MG,3,Sudeste,4964,-756,-1.17,198,25.03,1896,2.62,57215,0.01,1726,55489,9089,3070,16513,26817
3105608,Barbacena,31,Minas Gerais,MG,3,Sudeste,125317,-967,-0.06,759,165.07,46664,2.67,3175494,0.47,373140,2802354,125721,488519,1624161,563953
3105707,Barra Longa,31,Minas Gerais,MG,3,Sudeste,5666,-477,-0.67,384,14.77,2017,2.8,71826,0.01,5756,66070,13930,2887,23969,25284
3105905,Barroso,31,Minas Gerais,MG,3,Sudeste,20080,481,0.2,82,244.67,7290,2.75,492242,0.07,67267,424975,4403,166107,161634,92831
3106002,Bela Vista de Minas,31,Minas Gerais,MG,3,Sudeste,10167,163,0.13,109,93.15,3595,2.83,319690,0.05,9919,309771,6467,159682,90671,52951
3106101,Belmiro Braga,31,Minas Gerais,MG,3,Sudeste,3244,-159,-0.4,393,8.25,1171,2.77,58257,0.01,2989,55268,11203,9334,15031,19699
3106200,Belo Horizonte,31,Minas Gerais,MG,3,Sudeste,2315560,-60049,-0.21,331,6988.18,889584,2.59,97509893,14.28,11886548,85623346,3110,15188789,58130693,12300753
3106309,Belo Oriente,31,Minas Gerais,MG,3,Sudeste,23928,531,0.19,335,71.45,8096,2.95,1876680,0.27,154109,1722571,14767,1247424,316881,143500
3106408,Belo Vale,31,Minas Gerais,MG,3,Sudeste,8627,1091,1.13,366,23.58,3244,2.65,208882,0.03,7103,201779,25367,65872,55333,55207
3106507,Berilo,31,Minas Gerais,MG,3,Sudeste,9826,-2474,-1.85,587,16.74,3569,2.75,106156,0.02,4562,101594,5460,2916,41275,51943
3106606,Bertópolis,31,Minas Gerais,MG,3,Sudeste,4451,-47,-0.09,428,10.4,1499,2.96,45883,0.01,1184,44699,9667,909,11314,22809
3106655,Berizal,31,Minas Gerais,MG,3,Sudeste,4201,-169,-0.33,489,8.6,1392,3.01,54308,0.01,1850,52458,8500,3617,14051,26290
3106705,Betim,31,Minas Gerais,MG,3,Sudeste,411859,32721,0.69,344,1197.05,146863,2.8,26185005,3.84,4031835,22153170,14566,10807859,9076450,2254295
3106804,Bias Fortes,31,Minas Gerais,MG,3,Sudeste,3361,-432,-1,284,11.85,1275,2.63,36717,0.01,1151,35566,7403,814,9850,17499
3106903,Bicas,31,Minas Gerais,MG,3,Sudeste,13978,325,0.2,140,99.78,5463,2.54,276121,0.04,20319,255802,6029,28764,154228,66781
3107000,Biquinhas,31,Minas Gerais,MG,3,Sudeste,2383,-247,-0.82,459,5.19,1027,2.32,52127,0.01,2200,49927,17681,1765,13640,16841
3107109,Boa Esperança,31,Minas Gerais,MG,3,Sudeste,39848,1332,0.28,861,46.3,13804,2.88,925930,0.14,82524,843406,160982,79904,423683,178837
3107208,Bocaina de Minas,31,Minas Gerais,MG,3,Sudeste,5348,341,0.55,504,10.62,2211,2.41,69173,0.01,3051,66122,12581,5904,22798,24839
3107307,Bocaiúva,31,Minas Gerais,MG,3,Sudeste,48032,1611,0.28,3207,14.98,16839,2.84,1051146,0.15,149998,901149,85159,188754,406153,221083
3107406,Bom Despacho,31,Minas Gerais,MG,3,Sudeste,51737,6113,1.05,1214,42.63,19174,2.69,1445368,0.21,143014,1302354,150885,208926,727227,215317
3107505,Bom Jardim de Minas,31,Minas Gerais,MG,3,Sudeste,6783,282,0.35,412,16.46,2680,2.52,119957,0.02,8426,111531,23866,11244,42890,33531
3107604,Bom Jesus da Penha,31,Minas Gerais,MG,3,Sudeste,4474,587,1.18,208,21.47,1644,2.7,159070,0.02,14962,144108,51386,13946,54405,24371
3107703,Bom Jesus do Amparo,31,Minas Gerais,MG,3,Sudeste,5631,140,0.21,196,28.79,1974,2.85,143382,0.02,17550,125832,9512,4802,83113,28404
3107802,Bom Jesus do Galho,31,Minas Gerais,MG,3,Sudeste,14537,-827,-0.46,592,24.54,5560,2.61,161979,0.02,6954,155025,27511,9311,53733,64470
3107901,Bom Repouso,31,Minas Gerais,MG,3,Sudeste,12649,2192,1.6,230,55.03,4472,2.83,144355,0.02,7739,136616,28134,7407,50910,50165
3108008,Bom Sucesso,31,Minas Gerais,MG,3,Sudeste,17151,-92,-0.04,705,24.33,6375,2.66,377036,0.06,30884,346153,57336,52891,161718,74208
3108107,Bonfim,31,Minas Gerais,MG,3,Sudeste,7434,616,0.72,302,24.63,3054,2.42,111673,0.02,7301,104372,19671,5949,46393,32360
3108206,Bonfinópolis de Minas,31,Minas Gerais,MG,3,Sudeste,5528,-337,-0.49,1850,2.99,2094,2.61,276477,0.04,10604,265873,159977,12776,61545,31574
3108255,Bonito de Minas,31,Minas Gerais,MG,3,Sudeste,10204,501,0.42,3936,2.59,3041,3.35,90974,0.01,3394,87580,9204,2540,23074,52763
3108305,Borda da Mata,31,Minas Gerais,MG,3,Sudeste,17404,286,0.14,301,57.8,6663,2.61,341368,0.05,28328,313041,19235,54807,152714,86285
3108404,Botelhos,31,Minas Gerais,MG,3,Sudeste,14828,-92,-0.05,334,44.38,5605,2.62,273195,0.04,24558,248636,58240,17292,107801,65304
3108503,Botumirim,31,Minas Gerais,MG,3,Sudeste,5790,-707,-0.96,1569,3.69,2086,2.77,60610,0.01,2026,58583,8346,6087,14245,29905
3108552,Brasilândia de Minas,31,Minas Gerais,MG,3,Sudeste,15020,794,0.45,2510,5.98,5255,2.86,386072,0.06,23629,362443,153627,19788,116029,73000
3108602,Brasília de Minas,31,Minas Gerais,MG,3,Sudeste,32025,812,0.21,1399,22.88,10748,2.98,357401,0.05,21911,335490,15529,20990,147068,151903
3108701,Brás Pires,31,Minas Gerais,MG,3,Sudeste,4260,-377,-0.7,223,19.07,1634,2.58,44829,0.01,1781,43049,5609,1864,13576,22001
3108800,Braúnas,31,Minas Gerais,MG,3,Sudeste,4441,-589,-1.03,378,11.74,1604,2.77,203235,0.03,2399,200836,13257,144901,16042,26636
3108909,Brazópolis,31,Minas Gerais,MG,3,Sudeste,14246,-415,-0.24,368,38.74,5441,2.6,184798,0.03,14986,169811,22188,15251,73622,58750
3109006,Brumadinho,31,Minas Gerais,MG,3,Sudeste,38915,4942,1.14,639,60.86,13868,2.79,2320574,0.34,274106,2046468,27546,1014056,705748,299119
3109105,Bueno Brandão,31,Minas Gerais,MG,3,Sudeste,10911,19,0.01,356,30.64,4196,2.59,182159,0.03,12552,169606,35916,8709,76588,48392
3109204,Buenópolis,31,Minas Gerais,MG,3,Sudeste,9150,-1142,-0.98,1600,5.72,3425,2.65,132145,0.02,7562,124583,17328,7435,52135,47686
3109253,Bugre,31,Minas Gerais,MG,3,Sudeste,4041,141,0.3,161,25.02,1438,2.81,42108,0.01,1101,41006,8875,2107,10409,19616
3109303,Buritis,31,Minas Gerais,MG,3,Sudeste,24034,1297,0.46,5225,4.6,8737,2.73,951521,0.14,46192,905329,449092,74778,257415,124045
3109402,Buritizeiro,31,Minas Gerais,MG,3,Sudeste,23910,-3012,-0.98,7218,3.31,8176,2.92,591364,0.09,32902,558463,238123,25921,165240,129178
3109451,Cabeceira Grande,31,Minas Gerais,MG,3,Sudeste,6627,174,0.22,1033,6.41,2602,2.55,388731,0.06,8510,380221,114758,171941,48668,44854
3109501,Cabo Verde,31,Minas Gerais,MG,3,Sudeste,11410,-2413,-1.59,368,30.99,4200,2.71,256779,0.04,17023,239755,73573,13493,89286,63403
3109600,Cachoeira da Prata,31,Minas Gerais,MG,3,Sudeste,3693,39,0.09,61,60.17,1377,2.68,49089,0.01,2999,46090,2088,2797,20859,20346
3109709,Cachoeira de Minas,31,Minas Gerais,MG,3,Sudeste,11884,850,0.62,304,39.06,4359,2.72,390009,0.06,47585,342424,32654,156075,103296,50399
3109808,Cachoeira Dourada,31,Minas Gerais,MG,3,Sudeste,2315,-190,-0.66,203,11.4,867,2.65,103352,0.02,2998,100354,45760,3738,22499,28356
3109907,Caetanópolis,31,Minas Gerais,MG,3,Sudeste,11435,1217,0.94,156,73.28,4208,2.71,268986,0.04,22207,246779,31415,67777,93581,54005
3110004,Caeté,31,Minas Gerais,MG,3,Sudeste,38776,-1974,-0.41,543,71.47,13577,2.84,911463,0.13,67467,843996,22971,203808,423915,193302
3110103,Caiana,31,Minas Gerais,MG,3,Sudeste,5304,336,0.55,106,49.82,1982,2.67,113233,0.02,13641,99592,20390,3201,47337,28664
3110202,Cajuri,31,Minas Gerais,MG,3,Sudeste,4088,41,0.08,83,49.23,1432,2.85,93463,0.01,7732,85731,11950,25989,25789,22003
3110301,Caldas,31,Minas Gerais,MG,3,Sudeste,14217,584,0.35,711,19.98,5717,2.48,267961,0.04,19432,248529,48825,33431,105938,60335
3110400,Camacho,31,Minas Gerais,MG,3,Sudeste,2838,-316,-0.88,223,12.73,1050,2.7,48530,0.01,1539,46991,16074,1945,11866,17106
3110509,Camanducaia,31,Minas Gerais,MG,3,Sudeste,26097,5017,1.8,529,49.36,9668,2.68,749782,0.11,101040,648742,19719,195722,327570,105731
3110608,Cambuí,31,Minas Gerais,MG,3,Sudeste,29536,3048,0.91,245,120.77,11323,2.6,1820502,0.27,345613,1474889,28425,726355,586489,133620
3110707,Cambuquira,31,Minas Gerais,MG,3,Sudeste,12313,-289,-0.19,246,49.98,4597,2.66,325158,0.05,12180,312978,143461,12200,99440,57877
3110806,Campanário,31,Minas Gerais,MG,3,Sudeste,2923,-641,-1.64,442,6.61,1086,2.69,48716,0.01,2353,46364,5417,1849,17967,21131
3110905,Campanha,31,Minas Gerais,MG,3,Sudeste,15935,502,0.27,336,47.48,5702,2.77,378380,0.06,29943,348436,62116,35697,175232,75392
3111002,Campestre,31,Minas Gerais,MG,3,Sudeste,20696,10,0,578,35.82,7842,2.63,416696,0.06,26034,390662,97017,33505,164689,95450
3111101,Campina Verde,31,Minas Gerais,MG,3,Sudeste,18011,-1313,-0.58,3651,4.93,7296,2.45,464263,0.07,27278,436985,135274,32132,180793,88787
3111150,Campo Azul,31,Minas Gerais,MG,3,Sudeste,3714,30,0.07,506,7.34,1276,2.91,38722,0.01,1172,37550,3499,1307,10278,22465
3111200,Campo Belo,31,Minas Gerais,MG,3,Sudeste,52277,733,0.12,528,98.97,19817,2.62,1118423,0.16,105943,1012480,55435,158534,546227,252283
3111309,Campo do Meio,31,Minas Gerais,MG,3,Sudeste,11377,-99,-0.07,275,41.31,4075,2.78,182938,0.03,10679,172258,44858,8564,68978,49860
3111408,Campo Florido,31,Minas Gerais,MG,3,Sudeste,8466,1596,1.76,1264,6.7,3032,2.78,653809,0.1,51027,602782,218451,184450,149879,50002
3111507,Campos Altos,31,Minas Gerais,MG,3,Sudeste,12979,-1227,-0.75,711,18.26,4679,2.77,371582,0.05,20614,350968,128980,15390,132467,74131
3111606,Campos Gerais,31,Minas Gerais,MG,3,Sudeste,26105,-1495,-0.46,770,33.92,9474,2.74,634940,0.09,36868,598072,208167,34149,232268,123488
3111705,Canaã,31,Minas Gerais,MG,3,Sudeste,4715,87,0.16,175,26.96,1703,2.77,71317,0.01,2299,69018,28422,2415,14749,23432
3111804,Canápolis,31,Minas Gerais,MG,3,Sudeste,10608,-828,-0.62,844,12.57,4034,2.61,555471,0.08,50726,504745,134880,170947,141917,57002
3111903,Cana Verde,31,Minas Gerais,MG,3,Sudeste,5272,-317,-0.49,213,24.78,1942,2.7,70612,0.01,3446,67165,11900,3662,24858,26745
3112000,Candeias,31,Minas Gerais,MG,3,Sudeste,14001,-594,-0.35,721,19.43,5419,2.56,299681,0.04,19038,280642,75993,26575,111558,66517
3112059,Cantagalo,31,Minas Gerais,MG,3,Sudeste,3974,-221,-0.45,142,28.01,1387,2.87,50529,0.01,1351,49178,7772,4054,12511,24842
3112109,Caparaó,31,Minas Gerais,MG,3,Sudeste,5048,-161,-0.26,131,38.62,1852,2.72,90502,0.01,3980,86522,28803,3208,26711,27799
3112208,Capela Nova,31,Minas Gerais,MG,3,Sudeste,4362,-393,-0.72,111,39.27,1667,2.61,56601,0.01,2990,53612,6253,2158,21359,23842
3112307,Capelinha,31,Minas Gerais,MG,3,Sudeste,39624,5147,1.17,965,41.05,14148,2.79,735878,0.11,52210,683667,136055,72951,314555,160106
3112406,Capetinga,31,Minas Gerais,MG,3,Sudeste,6562,-527,-0.64,298,22.02,2384,2.73,162221,0.02,9075,153146,58187,10656,49305,34999
3112505,Capim Branco,31,Minas Gerais,MG,3,Sudeste,10663,1782,1.54,95,111.85,3598,2.95,97315,0.01,4799,92515,3092,8438,39754,41231
3112604,Capinópolis,31,Minas Gerais,MG,3,Sudeste,14655,-635,-0.35,621,23.61,5574,2.62,513143,0.08,30495,482648,186385,47284,173455,75524
3112653,Capitão Andrade,31,Minas Gerais,MG,3,Sudeste,4585,-340,-0.59,279,16.43,1791,2.55,55518,0.01,2221,53297,6152,2662,16151,28331
3112703,Capitão Enéas,31,Minas Gerais,MG,3,Sudeste,14108,-98,-0.06,972,14.52,4573,3.08,360849,0.05,45208,315641,23734,90654,127727,73526
3112802,Capitólio,31,Minas Gerais,MG,3,Sudeste,10380,2197,2,522,19.89,3885,2.65,286279,0.04,25025,261254,35790,23889,150685,50890
3112901,Caputira,31,Minas Gerais,MG,3,Sudeste,8936,-94,-0.09,188,47.61,3089,2.89,107601,0.02,3698,103903,28876,4326,27893,42808
3113008,Caraí,31,Minas Gerais,MG,3,Sudeste,19548,-2795,-1.11,1242,15.73,6871,2.84,193805,0.03,9479,184326,18536,24497,47449,93845
3113107,Caranaíba,31,Minas Gerais,MG,3,Sudeste,2933,-355,-0.95,160,18.34,1047,2.8,36787,0.01,944,35844,6045,1377,9152,19270
3113206,Carandaí,31,Minas Gerais,MG,3,Sudeste,23812,385,0.14,487,48.87,8201,2.9,687318,0.1,73067,614251,103556,167127,223107,120460
3113305,Carangola,31,Minas Gerais,MG,3,Sudeste,31240,-1056,-0.28,353,88.4,12170,2.54,590249,0.09,34870,555379,28658,57749,320590,148382
3113404,Caratinga,31,Minas Gerais,MG,3,Sudeste,87360,2153,0.21,1258,69.42,32668,2.65,2014904,0.3,206562,1808342,90489,256909,1068744,392200
3113503,Carbonita,31,Minas Gerais,MG,3,Sudeste,8512,-636,-0.6,1456,5.85,3419,2.48,192622,0.03,7547,185074,87134,7262,49010,41669
3113602,Careaçu,31,Minas Gerais,MG,3,Sudeste,6816,518,0.66,181,37.66,2435,2.78,149275,0.02,14616,134659,16994,7472,78387,31807
3113701,Carlos Chagas,31,Minas Gerais,MG,3,Sudeste,18615,-1454,-0.62,3203,5.81,7123,2.6,473118,0.07,37629,435489,86873,98084,156958,93573
3113800,Carmésia,31,Minas Gerais,MG,3,Sudeste,2605,159,0.53,259,10.05,910,2.86,34738,0.01,925,33813,5333,808,9698,17974
3113909,Carmo da Cachoeira,31,Minas Gerais,MG,3,Sudeste,11547,-289,-0.21,506,22.81,3939,2.88,248557,0.04,13657,234900,76792,14095,87131,56881
3114006,Carmo da Mata,31,Minas Gerais,MG,3,Sudeste,11019,92,0.07,357,30.85,4252,2.58,190007,0.03,19230,170777,19773,30065,66929,54010
3114105,Carmo de Minas,31,Minas Gerais,MG,3,Sudeste,13797,47,0.03,322,42.81,4641,2.95,218184,0.03,16200,201984,41380,8634,85595,66375
3114204,Carmo do Cajuru,31,Minas Gerais,MG,3,Sudeste,23479,3467,1.34,456,51.51,8653,2.7,517529,0.08,48674,468855,70312,107753,184895,105895
3114303,Carmo do Paranaíba,31,Minas Gerais,MG,3,Sudeste,29011,-724,-0.21,1308,22.18,11056,2.59,857550,0.13,77367,780184,177590,78236,379592,144765
3114402,Carmo do Rio Claro,31,Minas Gerais,MG,3,Sudeste,20954,528,0.21,1066,19.66,7945,2.63,582135,0.09,33425,548710,190497,61166,197393,99654
3114501,Carmópolis de Minas,31,Minas Gerais,MG,3,Sudeste,17878,830,0.4,400,44.69,6287,2.82,408152,0.06,42105,366046,37613,69560,166184,92689
3114550,Carneirinho,31,Minas Gerais,MG,3,Sudeste,9422,-49,-0.04,2063,4.57,3750,2.51,374049,0.05,25570,348478,100338,82371,102645,63125
3114600,Carrancas,31,Minas Gerais,MG,3,Sudeste,4049,101,0.21,728,5.56,1508,2.65,112202,0.02,4118,108085,50292,3931,30936,22926
3114709,Carvalhópolis,31,Minas Gerais,MG,3,Sudeste,3341,0,0,81,41.2,1222,2.72,58835,0.01,2037,56798,16522,3579,15156,21541
3114808,Carvalhos,31,Minas Gerais,MG,3,Sudeste,4422,-134,-0.25,282,15.67,1685,2.6,69951,0.01,3353,66598,16655,3901,22267,23774
3114907,Casa Grande,31,Minas Gerais,MG,3,Sudeste,2214,-30,-0.11,158,14.04,765,2.89,55420,0.01,1097,54323,26670,1595,10788,15270
3115003,Cascalho Rico,31,Minas Gerais,MG,3,Sudeste,2712,-145,-0.43,367,7.38,1058,2.54,68042,0.01,1940,66103,25996,2701,15366,22040
3115102,Cássia,31,Minas Gerais,MG,3,Sudeste,17155,-257,-0.12,666,25.77,6408,2.66,386820,0.06,30731,356089,74753,21404,171460,88472
3115201,Conceição da Barra de Minas,31,Minas Gerais,MG,3,Sudeste,3560,-394,-0.87,273,13.04,1324,2.67,59462,0.01,1930,57532,21794,2203,13876,19659
3115300,Cataguases,31,Minas Gerais,MG,3,Sudeste,66261,-3496,-0.43,492,134.74,25400,2.6,1546575,0.23,244995,1301580,16476,234141,732720,318243
3115359,Catas Altas,31,Minas Gerais,MG,3,Sudeste,5473,627,1.02,240,22.8,1988,2.75,1093994,0.16,13683,1080311,7113,792485,242098,38615
3115409,Catas Altas da Noruega,31,Minas Gerais,MG,3,Sudeste,3110,-352,-0.89,142,21.96,1092,2.84,37392,0.01,1027,36364,7321,1582,9697,17764
3115458,Catuji,31,Minas Gerais,MG,3,Sudeste,7030,322,0.39,419,16.76,2489,2.82,69138,0.01,4254,64885,4513,1679,25909,32785
3115474,Catuti,31,Minas Gerais,MG,3,Sudeste,4739,-363,-0.61,288,16.47,1712,2.77,50517,0.01,1668,48849,6641,1847,13027,27333
3115508,Caxambu,31,Minas Gerais,MG,3,Sudeste,21056,-649,-0.25,100,209.55,8154,2.57,354479,0.05,22637,331841,2548,23065,211218,95010
3115607,Cedro do Abaeté,31,Minas Gerais,MG,3,Sudeste,1081,-129,-0.94,283,3.82,449,2.41,22133,0,636,21497,4116,875,5633,10872
3115706,Central de Minas,31,Minas Gerais,MG,3,Sudeste,6171,-601,-0.77,204,30.2,2507,2.46,81588,0.01,5258,76330,5714,3802,35496,31318
3115805,Centralina,31,Minas Gerais,MG,3,Sudeste,10207,12,0.01,322,31.66,3754,2.71,305485,0.04,22669,282816,86240,12205,136310,48061
3115904,Chácara,31,Minas Gerais,MG,3,Sudeste,3075,283,0.81,153,20.12,1203,2.56,43706,0.01,1551,42155,4861,2687,14764,19843
3116001,Chalé,31,Minas Gerais,MG,3,Sudeste,6075,430,0.61,213,28.56,2227,2.69,83874,0.01,3958,79916,19630,7586,25574,27126
3116100,Chapada do Norte,31,Minas Gerais,MG,3,Sudeste,10337,-4852,-3.16,831,12.44,3479,2.97,104391,0.02,2657,101734,7962,2332,26991,64450
3116159,Chapada Gaúcha,31,Minas Gerais,MG,3,Sudeste,12355,1550,1.12,3255,3.8,3882,3.17,294614,0.04,22732,271882,105446,9242,92628,64566
3116209,Chiador,31,Minas Gerais,MG,3,Sudeste,2800,15,0.04,253,11.07,1038,2.7,38001,0.01,1389,36612,4695,1390,11676,18852
3116308,Cipotânea,31,Minas Gerais,MG,3,Sudeste,5581,-966,-1.32,153,36.36,2042,2.71,62052,0.01,1878,60175,7138,4501,18791,29745
3116407,Claraval,31,Minas Gerais,MG,3,Sudeste,4658,116,0.21,228,20.46,1661,2.79,153890,0.02,12671,141218,37018,37719,40050,26431
3116506,Claro dos Poções,31,Minas Gerais,MG,3,Sudeste,7166,-609,-0.68,720,9.95,2797,2.56,75875,0.01,2802,73073,13946,4263,20647,34217
3116605,Cláudio,31,Minas Gerais,MG,3,Sudeste,30159,4388,1.32,631,47.82,10794,2.78,809658,0.12,112606,697052,46377,202835,322864,124977
3116704,Coimbra,31,Minas Gerais,MG,3,Sudeste,7117,63,0.07,107,66.59,2833,2.51,121879,0.02,9363,112516,22853,9895,45877,33891
3116803,Coluna,31,Minas Gerais,MG,3,Sudeste,8163,-861,-0.83,348,23.42,2977,2.72,104894,0.02,6092,98802,16037,5538,38335,38892
3116902,Comendador Gomes,31,Minas Gerais,MG,3,Sudeste,2773,-199,-0.58,1041,2.66,1084,2.56,133467,0.02,6650,126817,71630,5776,27306,22106
3117009,Comercinho,31,Minas Gerais,MG,3,Sudeste,6660,-1638,-1.82,655,10.17,2539,2.62,58301,0.01,2209,56092,5071,2484,17721,30816
3117108,Conceição da Aparecida,31,Minas Gerais,MG,3,Sudeste,10371,551,0.46,353,29.42,3804,2.72,212159,0.03,12782,199377,60913,9688,80327,48448
3117207,Conceição das Pedras,31,Minas Gerais,MG,3,Sudeste,2772,23,0.07,102,27.12,1019,2.72,48115,0.01,1995,46120,13430,1636,14511,16543
3117306,Conceição das Alagoas,31,Minas Gerais,MG,3,Sudeste,28381,5338,1.75,1340,21.18,9881,2.85,1149792,0.17,102368,1047424,272368,229160,410553,135344
3117405,Conceição de Ipanema,31,Minas Gerais,MG,3,Sudeste,4409,-47,-0.09,254,17.36,1680,2.62,62096,0.01,1561,60534,16393,6307,13107,24728
3117504,Conceição do Mato Dentro,31,Minas Gerais,MG,3,Sudeste,23162,5257,2.17,1720,13.47,7961,2.91,4189050,0.61,76675,4112375,16886,3007033,961848,126608
3117603,Conceição do Pará,31,Minas Gerais,MG,3,Sudeste,5415,257,0.41,250,21.63,2067,2.62,332649,0.05,24307,308342,20365,181630,73228,33118
3117702,Conceição do Rio Verde,31,Minas Gerais,MG,3,Sudeste,12541,-408,-0.27,370,33.92,4567,2.73,264557,0.04,12782,251775,77900,15707,98036,60132
3117801,Conceição dos Ouros,31,Minas Gerais,MG,3,Sudeste,10880,503,0.4,180,60.37,3966,2.74,191131,0.03,18450,172681,7869,45303,68466,51042
3117836,Cônego Marinho,31,Minas Gerais,MG,3,Sudeste,7237,166,0.19,1610,4.49,2373,3.05,58842,0.01,1378,57464,5031,1644,14211,36579
3117876,Confins,31,Minas Gerais,MG,3,Sudeste,7350,1414,1.8,42,173.53,2498,2.93,623884,0.09,42212,581672,257,37968,497862,45585
3117900,Congonhal,31,Minas Gerais,MG,3,Sudeste,11083,615,0.48,205,54.03,4162,2.64,171676,0.03,12570,159105,12179,18888,75208,52830
3118007,Congonhas,31,Minas Gerais,MG,3,Sudeste,52890,4371,0.72,304,173.94,17985,2.93,2989103,0.44,191942,2797161,2906,1460744,925144,408368
3118106,Congonhas do Norte,31,Minas Gerais,MG,3,Sudeste,4831,-115,-0.2,406,11.91,1720,2.8,44957,0.01,1667,43290,4301,1524,13683,23782
3118205,Conquista,31,Minas Gerais,MG,3,Sudeste,6694,168,0.21,618,10.83,2573,2.59,400439,0.06,20032,380407,91184,162975,82212,44036
3118304,Conselheiro Lafaiete,31,Minas Gerais,MG,3,Sudeste,131621,15109,1.02,370,355.5,47587,2.75,2549201,0.37,209124,2340076,17200,362444,1399193,561239
3118403,Conselheiro Pena,31,Minas Gerais,MG,3,Sudeste,20824,-1418,-0.55,1484,14.03,7998,2.59,331442,0.05,19185,312258,47596,20033,142432,102197
3118502,Consolação,31,Minas Gerais,MG,3,Sudeste,1563,-175,-0.88,89,17.54,622,2.5,28824,0,753,28071,8024,855,7028,12163
3118601,Contagem,31,Minas Gerais,MG,3,Sudeste,621865,18879,0.26,195,3193.21,228782,2.71,29558094,4.33,5164254,24393840,2557,6407969,15180422,2802892
3118700,Coqueiral,31,Minas Gerais,MG,3,Sudeste,9023,-266,-0.24,296,30.47,3250,2.76,198800,0.03,10023,188777,72300,7250,67161,42066
3118809,Coração de Jesus,31,Minas Gerais,MG,3,Sudeste,25377,-656,-0.21,2225,11.4,9295,2.72,242345,0.04,10941,231404,34405,12308,76689,108002
3118908,Cordisburgo,31,Minas Gerais,MG,3,Sudeste,7547,-1120,-1.15,824,9.16,2965,2.54,117201,0.02,6187,111014,31185,6529,36357,36943
3119005,Cordislândia,31,Minas Gerais,MG,3,Sudeste,3200,-235,-0.59,180,17.82,1147,2.77,80535,0.01,3558,76977,27936,13030,17594,18417
3119104,Corinto,31,Minas Gerais,MG,3,Sudeste,23532,-382,-0.13,2525,9.32,8668,2.7,672009,0.1,47227,624782,47915,284596,182319,109952
3119203,Coroaci,31,Minas Gerais,MG,3,Sudeste,10884,614,0.49,576,18.89,3298,3.3,119186,0.02,3257,115929,20226,11132,34597,49974
3119302,Coromandel,31,Minas Gerais,MG,3,Sudeste,28894,1347,0.4,3313,8.72,11454,2.51,1288088,0.19,84352,1203736,553680,112301,411860,125895
3119401,Coronel Fabriciano,31,Minas Gerais,MG,3,Sudeste,104736,1042,0.08,221,473.38,38423,2.71,1825683,0.27,158245,1667438,3009,186586,1040674,437169
3119500,Coronel Murta,31,Minas Gerais,MG,3,Sudeste,8200,-917,-0.88,815,10.06,2882,2.84,89353,0.01,2729,86623,6391,10245,26084,43904
3119609,Coronel Pacheco,31,Minas Gerais,MG,3,Sudeste,2762,-221,-0.64,132,21,990,2.79,54452,0.01,2589,51863,11688,2350,18789,19036
3119708,Coronel Xavier Chaves,31,Minas Gerais,MG,3,Sudeste,3486,185,0.46,141,24.73,1262,2.76,60761,0.01,1869,58892,21647,4311,13763,19171
3119807,Córrego Danta,31,Minas Gerais,MG,3,Sudeste,2960,-431,-1.13,657,4.5,1197,2.44,155898,0.02,16308,139589,32402,6048,80928,20211
3119906,Córrego do Bom Jesus,31,Minas Gerais,MG,3,Sudeste,4272,542,1.14,124,34.55,1689,2.53,42581,0.01,1425,41156,5530,1838,14156,19633
3119955,Córrego Fundo,31,Minas Gerais,MG,3,Sudeste,6133,343,0.48,101,60.66,2196,2.78,205133,0.03,24064,181069,13790,80678,52645,33955
3120003,Córrego Novo,31,Minas Gerais,MG,3,Sudeste,2875,-252,-0.7,205,14,1070,2.69,34989,0.01,1095,33894,4822,1563,10010,17499
3120102,Couto de Magalhães de Minas,31,Minas Gerais,MG,3,Sudeste,4245,41,0.08,486,8.74,1480,2.82,59376,0.01,4249,55127,7210,1769,22202,23945
3120151,Crisólita,31,Minas Gerais,MG,3,Sudeste,5265,-782,-1.15,966,5.45,1890,2.78,69259,0.01,1552,67706,20123,1317,13266,33001
3120201,Cristais,31,Minas Gerais,MG,3,Sudeste,12197,911,0.65,628,19.41,4494,2.7,241929,0.04,11553,230376,75814,14663,79485,60414
3120300,Cristália,31,Minas Gerais,MG,3,Sudeste,5121,-639,-0.98,841,6.09,1724,2.97,51343,0.01,1491,49852,4904,2053,13223,29672
3120409,Cristiano Otoni,31,Minas Gerais,MG,3,Sudeste,4667,-340,-0.58,133,35.12,1621,2.88,131011,0.02,11881,119130,21891,12296,57523,27420
3120508,Cristina,31,Minas Gerais,MG,3,Sudeste,10374,164,0.13,311,33.32,3671,2.81,208310,0.03,11613,196697,41966,48701,58489,47541
3120607,Crucilândia,31,Minas Gerais,MG,3,Sudeste,5434,677,1.11,167,32.51,2119,2.52,80562,0.01,4423,76140,10699,11465,26572,27404
3120706,Cruzeiro da Fortaleza,31,Minas Gerais,MG,3,Sudeste,3521,83,0.2,187,18.78,1245,2.83,135843,0.02,6084,129760,62163,8584,33649,25363
3120805,Cruzília,31,Minas Gerais,MG,3,Sudeste,15362,771,0.43,522,29.41,5763,2.65,270471,0.04,17734,252736,38902,26530,119249,68056
3120839,Cuparaque,31,Minas Gerais,MG,3,Sudeste,3983,-697,-1.33,227,17.57,1608,2.48,65774,0.01,3415,62359,9599,3448,23055,26258
3120870,Curral de Dentro,31,Minas Gerais,MG,3,Sudeste,7406,493,0.58,571,12.97,2441,3.03,72235,0.01,2473,69762,9172,3648,20264,36678
3120904,Curvelo,31,Minas Gerais,MG,3,Sudeste,80352,6348,0.69,3296,24.38,29641,2.7,1942185,0.28,166413,1775772,236999,324863,872962,340947
3121001,Datas,31,Minas Gerais,MG,3,Sudeste,5465,254,0.4,310,17.62,1818,3.01,61847,0.01,1937,59910,10662,2406,18646,28196
3121100,Delfim Moreira,31,Minas Gerais,MG,3,Sudeste,7952,-19,-0.02,408,19.47,2980,2.67,113171,0.02,5338,107833,25815,13135,32084,36800
3121209,Delfinópolis,31,Minas Gerais,MG,3,Sudeste,8397,1567,1.74,1378,6.09,2988,2.78,210160,0.03,7382,202778,93134,10514,54665,44465
3121258,Delta,31,Minas Gerais,MG,3,Sudeste,10494,2405,2.19,103,102.1,3536,2.96,468543,0.07,56226,412318,16602,210029,129767,55919
3121308,Descoberto,31,Minas Gerais,MG,3,Sudeste,4928,160,0.28,213,23.12,1821,2.69,70501,0.01,4060,66441,6762,12684,21652,25344
3121407,Desterro de Entre Rios,31,Minas Gerais,MG,3,Sudeste,7653,651,0.74,377,20.29,2999,2.53,228238,0.03,6610,221629,20201,102101,65274,34053
3121506,Desterro do Melo,31,Minas Gerais,MG,3,Sudeste,2994,-21,-0.06,142,21.04,1149,2.59,42893,0.01,1295,41598,9615,1983,11677,18324
3121605,Diamantina,31,Minas Gerais,MG,3,Sudeste,47702,1822,0.33,3892,12.26,16904,2.81,841560,0.12,60014,781546,30335,62228,482011,206971
3121704,Diogo de Vasconcelos,31,Minas Gerais,MG,3,Sudeste,3549,-299,-0.67,165,21.5,1396,2.54,40334,0.01,1699,38635,4208,1239,12386,20802
3121803,Dionísio,31,Minas Gerais,MG,3,Sudeste,6847,-1892,-2.01,339,20.18,2590,2.64,81793,0.01,2081,79712,15930,5006,24917,33859
3121902,Divinésia,31,Minas Gerais,MG,3,Sudeste,4226,933,2.1,117,36.13,1579,2.67,54421,0.01,2936,51485,6560,6179,18454,20292
3122009,Divino,31,Minas Gerais,MG,3,Sudeste,20706,1573,0.66,338,61.3,7697,2.66,281323,0.04,19278,262045,49928,13359,117653,81105
3122108,Divino das Laranjeiras,31,Minas Gerais,MG,3,Sudeste,4178,-759,-1.38,342,12.21,1646,2.53,54964,0.01,2094,52871,6473,2779,17943,25675
3122207,Divinolândia de Minas,31,Minas Gerais,MG,3,Sudeste,6516,-508,-0.62,133,48.95,2305,2.83,74269,0.01,2731,71538,8769,1903,25321,35545
3122306,Divinópolis,31,Minas Gerais,MG,3,Sudeste,231091,18075,0.68,708,326.35,87088,2.64,7051417,1.03,871934,6179484,89833,1453063,3631322,1005266
3122355,Divisa Alegre,31,Minas Gerais,MG,3,Sudeste,6321,437,0.6,118,53.66,2173,2.91,130309,0.02,16906,113403,2035,28706,45925,36738
3122405,Divisa Nova,31,Minas Gerais,MG,3,Sudeste,5851,88,0.13,217,26.97,2086,2.8,96356,0.01,4609,91747,27132,4495,31948,28171
3122454,Divisópolis,31,Minas Gerais,MG,3,Sudeste,10213,1239,1.08,573,17.83,3156,3.23,90306,0.01,1862,88444,13091,3417,21778,50158
3122470,Dom Bosco,31,Minas Gerais,MG,3,Sudeste,3697,-117,-0.26,817,4.52,1406,2.63,56258,0.01,2958,53299,16215,1978,15527,19578
3122504,Dom Cavati,31,Minas Gerais,MG,3,Sudeste,4904,-305,-0.5,60,82.39,1917,2.54,63006,0.01,3281,59725,1716,3344,28750,25915
3122603,Dom Joaquim,31,Minas Gerais,MG,3,Sudeste,4899,364,0.65,399,12.28,1728,2.83,53219,0.01,1853,51366,7062,2076,17861,24367
3122702,Dom Silvério,31,Minas Gerais,MG,3,Sudeste,5228,32,0.05,195,26.81,1972,2.64,99011,0.01,10712,88299,6881,13928,41072,26417
3122801,Dom Viçoso,31,Minas Gerais,MG,3,Sudeste,3095,101,0.28,114,27.17,1174,2.64,36576,0.01,956,35620,6727,1103,10283,17508
3122900,Dona Euzébia,31,Minas Gerais,MG,3,Sudeste,6093,92,0.13,70,86.76,2164,2.82,96684,0.01,4916,91768,21443,5451,33927,30948
3123007,Dores de Campos,31,Minas Gerais,MG,3,Sudeste,10007,708,0.61,125,80.16,3675,2.72,305563,0.04,39267,266296,5371,122883,92347,45696
3123106,Dores de Guanhães,31,Minas Gerais,MG,3,Sudeste,5029,-194,-0.31,382,13.16,1744,2.88,185468,0.03,7110,178358,9389,111475,29127,28367
3123205,Dores do Indaiá,31,Minas Gerais,MG,3,Sudeste,12630,-1148,-0.72,1111,11.37,5247,2.39,288248,0.04,23662,264586,35967,28393,139741,60485
3123304,Dores do Turvo,31,Minas Gerais,MG,3,Sudeste,4987,525,0.93,231,21.57,1890,2.63,56983,0.01,2478,54505,15016,1791,16805,20893
3123403,Doresópolis,31,Minas Gerais,MG,3,Sudeste,1461,21,0.12,153,9.55,577,2.53,55071,0.01,3632,51439,10009,15175,12290,13965
3123502,Douradoquara,31,Minas Gerais,MG,3,Sudeste,1829,-12,-0.05,313,5.85,719,2.54,72611,0.01,4464,68147,21802,15218,15623,15504
3123528,Durandé,31,Minas Gerais,MG,3,Sudeste,7817,394,0.43,217,35.95,2732,2.86,118284,0.02,5082,113202,40342,4800,34000,34061
3123601,Elói Mendes,31,Minas Gerais,MG,3,Sudeste,26336,1116,0.36,500,52.72,9398,2.79,718205,0.11,87498,630707,98177,103170,306901,122459
3123700,Engenheiro Caldas,31,Minas Gerais,MG,3,Sudeste,13622,3342,2.37,187,72.82,4718,2.88,131702,0.02,7872,123830,11577,7189,53482,51582
3123809,Engenheiro Navarro,31,Minas Gerais,MG,3,Sudeste,6354,-768,-0.95,608,10.45,2295,2.77,81760,0.01,5528,76232,11251,4322,26154,34505
3123858,Entre Folhas,31,Minas Gerais,MG,3,Sudeste,5179,-28,-0.04,85,60.65,1930,2.68,62589,0.01,3125,59464,5121,3220,23312,27811
3123908,Entre Rios de Minas,31,Minas Gerais,MG,3,Sudeste,14746,504,0.29,457,32.28,5464,2.69,267363,0.04,20382,246981,25180,43114,112952,65735
3124005,Ervália,31,Minas Gerais,MG,3,Sudeste,20255,2309,1.01,357,56.66,7668,2.62,358026,0.05,16300,341726,112148,18924,126114,84539
3124104,Esmeraldas,31,Minas Gerais,MG,3,Sudeste,85594,25898,3.05,910,94.09,30197,2.83,822413,0.12,56041,766372,36782,57744,374051,297794
3124203,Espera Feliz,31,Minas Gerais,MG,3,Sudeste,24102,1246,0.44,318,75.88,9292,2.58,389454,0.06,28623,360831,66255,17567,174027,102982
3124302,Espinosa,31,Minas Gerais,MG,3,Sudeste,30443,-670,-0.18,1869,16.29,10383,2.93,330588,0.05,22578,308010,15897,29134,129881,133098
3124401,Espírito Santo do Dourado,31,Minas Gerais,MG,3,Sudeste,6611,2182,3.39,264,25.05,2141,2.85,105654,0.02,9222,96432,20800,17982,33583,24067
3124500,Estiva,31,Minas Gerais,MG,3,Sudeste,11502,657,0.49,244,47.16,4198,2.73,286494,0.04,25059,261434,60408,15006,135295,50725
3124609,Estrela Dalva,31,Minas Gerais,MG,3,Sudeste,2186,-284,-1.01,131,16.64,861,2.53,38225,0.01,1303,36922,7696,1489,11960,15778
3124708,Estrela do Indaiá,31,Minas Gerais,MG,3,Sudeste,2772,-744,-1.96,636,4.36,1177,2.34,121123,0.02,3662,117460,66614,4840,26563,19443
3124807,Estrela do Sul,31,Minas Gerais,MG,3,Sudeste,6840,-606,-0.7,822,8.32,2661,2.56,379820,0.06,11758,368061,233132,35195,58117,41618
3124906,Eugenópolis,31,Minas Gerais,MG,3,Sudeste,10801,261,0.2,309,34.91,4243,2.5,185687,0.03,11677,174009,30306,29824,65445,48434
3125002,Ewbank da Câmara,31,Minas Gerais,MG,3,Sudeste,3875,122,0.27,104,37.32,1363,2.84,47658,0.01,2673,44985,3452,2994,16822,21717
3125101,Extrema,31,Minas Gerais,MG,3,Sudeste,53482,24883,5.35,245,218.67,18330,2.9,11496521,1.68,3150764,8345757,9145,2328174,5733141,275297
3125200,Fama,31,Minas Gerais,MG,3,Sudeste,2578,228,0.77,86,29.97,1003,2.57,43828,0.01,1222,42605,9993,2797,14777,15039
3125309,Faria Lemos,31,Minas Gerais,MG,3,Sudeste,3188,-188,-0.48,165,19.3,1186,2.69,61247,0.01,2196,59051,18500,6314,14185,20053
3125408,Felício dos Santos,31,Minas Gerais,MG,3,Sudeste,5133,-9,-0.01,358,14.35,1904,2.69,55277,0.01,2514,52763,7974,1497,18699,24593
3125507,São Gonçalo do Rio Preto,31,Minas Gerais,MG,3,Sudeste,3032,-24,-0.07,314,9.64,1149,2.61,39088,0.01,1567,37521,3408,2351,12479,19283
3125606,Felisburgo,31,Minas Gerais,MG,3,Sudeste,6489,-388,-0.48,596,10.88,2329,2.78,68749,0.01,2007,66743,7493,1490,22263,35497
3125705,Felixlândia,31,Minas Gerais,MG,3,Sudeste,13978,-143,-0.08,1555,8.99,5369,2.59,249853,0.04,20110,229743,57021,9201,91634,71887
3125804,Fernandes Tourinho,31,Minas Gerais,MG,3,Sudeste,2789,-241,-0.69,152,18.36,1111,2.51,42959,0.01,1925,41034,5089,1792,13666,20487
3125903,Ferros,31,Minas Gerais,MG,3,Sudeste,9590,-1247,-1.01,1089,8.81,3647,2.62,137690,0.02,7241,130450,28010,6013,51733,44694
3125952,Fervedouro,31,Minas Gerais,MG,3,Sudeste,10445,96,0.08,358,29.2,3800,2.73,131955,0.02,6133,125822,28006,4925,42489,50402
3126000,Florestal,31,Minas Gerais,MG,3,Sudeste,8045,1413,1.62,194,41.42,3019,2.65,132924,0.02,10181,122743,12621,14130,59475,36516
3126109,Formiga,31,Minas Gerais,MG,3,Sudeste,68248,3120,0.39,1502,45.44,26165,2.58,1935812,0.28,173596,1762216,162750,310313,983973,305180
3126208,Formoso,31,Minas Gerais,MG,3,Sudeste,7949,-228,-0.24,3686,2.16,2737,2.89,250105,0.04,12998,237107,119708,9729,59133,48537
3126307,Fortaleza de Minas,31,Minas Gerais,MG,3,Sudeste,3477,-621,-1.36,219,15.89,1390,2.5,80193,0.01,3700,76493,16918,9285,23409,26883
3126406,Fortuna de Minas,31,Minas Gerais,MG,3,Sudeste,3093,388,1.12,199,15.57,1124,2.75,44515,0.01,1425,43090,8835,2509,12762,18984
3126505,Francisco Badaró,31,Minas Gerais,MG,3,Sudeste,7366,-2882,-2.71,461,15.96,2832,2.6,67185,0.01,2068,65117,5683,1417,18449,39568
3126604,Francisco Dumont,31,Minas Gerais,MG,3,Sudeste,4503,-360,-0.64,1576,2.86,1691,2.65,69504,0.01,3358,66147,20401,2669,15373,27703
3126703,Francisco Sá,31,Minas Gerais,MG,3,Sudeste,23476,-1436,-0.49,2747,8.55,7981,2.87,434083,0.06,47408,386675,33398,16531,224823,111923
3126752,Franciscópolis,31,Minas Gerais,MG,3,Sudeste,5034,-766,-1.17,717,7.02,1811,2.78,75561,0.01,2678,72883,12394,13695,17898,28897
3126802,Frei Gaspar,31,Minas Gerais,MG,3,Sudeste,5640,-239,-0.35,627,9,2011,2.8,65155,0.01,1596,63559,17815,2186,13999,29558
3126901,Frei Inocêncio,31,Minas Gerais,MG,3,Sudeste,8226,-694,-0.67,470,17.52,3021,2.68,114904,0.02,5943,108962,8936,18444,41573,40009
3126950,Frei Lagonegro,31,Minas Gerais,MG,3,Sudeste,3391,62,0.15,167,20.25,1190,2.85,35155,0.01,665,34490,6526,774,7517,19673
3127008,Fronteira,31,Minas Gerais,MG,3,Sudeste,14533,492,0.29,200,72.67,5458,2.66,1020812,0.15,14372,1006440,11209,763689,116513,115031
3127057,Fronteira dos Vales,31,Minas Gerais,MG,3,Sudeste,4345,-342,-0.63,321,13.55,1519,2.86,43586,0.01,1046,42540,6497,897,11573,23572
3127073,Fruta de Leite,31,Minas Gerais,MG,3,Sudeste,4647,-1293,-2.02,763,6.09,1613,2.88,43921,0.01,1590,42331,3139,1466,11146,26581
3127107,Frutal,31,Minas Gerais,MG,3,Sudeste,58588,5120,0.76,2427,24.14,23081,2.52,2180558,0.32,240726,1939832,281887,418516,948367,291062
3127206,Funilândia,31,Minas Gerais,MG,3,Sudeste,4686,831,1.64,200,23.45,1707,2.74,73021,0.01,3928,69093,11034,10623,20358,27079
3127305,Galiléia,31,Minas Gerais,MG,3,Sudeste,6222,-729,-0.92,720,8.64,2305,2.69,91111,0.01,3721,87390,13677,10417,29466,33830
3127339,Gameleiras,31,Minas Gerais,MG,3,Sudeste,4793,-346,-0.58,1733,2.77,1747,2.74,51192,0.01,1964,49228,6470,1408,13203,28147
3127354,Glaucilândia,31,Minas Gerais,MG,3,Sudeste,2928,-34,-0.1,146,20.07,1081,2.71,38643,0.01,1634,37008,3948,4913,9250,18898
3127370,Goiabeira,31,Minas Gerais,MG,3,Sudeste,2830,-223,-0.63,112,25.17,1141,2.48,44343,0.01,2070,42273,5101,1467,14804,20901
3127388,Goianá,31,Minas Gerais,MG,3,Sudeste,4053,394,0.86,152,26.66,1561,2.59,62198,0.01,3663,58536,3687,3234,28534,23081
3127404,Gonçalves,31,Minas Gerais,MG,3,Sudeste,4736,516,0.97,187,25.28,1831,2.58,76695,0.01,4973,71722,10080,5818,32108,23716
3127503,Gonzaga,31,Minas Gerais,MG,3,Sudeste,5230,-691,-1.03,209,24.98,1797,2.88,60215,0.01,2237,57978,6012,2176,18588,31203
3127602,Gouveia,31,Minas Gerais,MG,3,Sudeste,11331,-350,-0.25,867,13.08,4003,2.82,147405,0.02,11289,136116,9057,15520,57756,53784
3127701,Governador Valadares,31,Minas Gerais,MG,3,Sudeste,257172,-6517,-0.21,2342,109.79,97763,2.61,6725398,0.98,679862,6045536,52710,839592,3753036,1400198
3127800,Grão Mogol,31,Minas Gerais,MG,3,Sudeste,13901,-1123,-0.65,3885,3.58,4805,2.88,723943,0.11,9919,714024,182302,398918,55010,77794
3127909,Grupiara,31,Minas Gerais,MG,3,Sudeste,1392,19,0.11,193,7.21,563,2.47,37152,0.01,939,36213,8090,1518,9617,16989
3128006,Guanhães,31,Minas Gerais,MG,3,Sudeste,32244,982,0.26,1075,29.99,11920,2.69,794061,0.12,71210,722850,38392,131161,400874,152424
3128105,Guapé,31,Minas Gerais,MG,3,Sudeste,13772,-100,-0.06,934,14.74,5179,2.65,317163,0.05,15775,301388,96183,31485,99367,74354
3128204,Guaraciaba,31,Minas Gerais,MG,3,Sudeste,9753,-470,-0.39,349,27.98,3522,2.76,104090,0.02,4548,99542,16549,5862,32431,44701
3128253,Guaraciama,31,Minas Gerais,MG,3,Sudeste,5051,333,0.57,390,12.94,1857,2.72,51711,0.01,1479,50232,9551,1593,12243,26846
3128303,Guaranésia,31,Minas Gerais,MG,3,Sudeste,19150,436,0.19,295,64.95,6867,2.74,482385,0.07,63515,418870,27328,147588,154377,89577
3128402,Guarani,31,Minas Gerais,MG,3,Sudeste,7714,-964,-0.98,264,29.2,2867,2.68,140013,0.02,14341,125672,18172,16510,51772,39218
3128501,Guarará,31,Minas Gerais,MG,3,Sudeste,3149,-780,-1.83,89,35.52,1150,2.74,51041,0.01,2518,48523,4047,6620,15978,21877
3128600,Guarda-Mor,31,Minas Gerais,MG,3,Sudeste,6539,-26,-0.03,2069,3.16,2407,2.7,533830,0.08,23599,510231,329155,28839,107618,44618
3128709,Guaxupé,31,Minas Gerais,MG,3,Sudeste,50911,1481,0.25,286,177.76,19114,2.65,2282272,0.33,380864,1901407,35176,370630,1261036,234566
3128808,Guidoval,31,Minas Gerais,MG,3,Sudeste,7131,-75,-0.09,158,45.03,2764,2.57,112309,0.02,7807,104502,11679,25074,36798,30951
3128907,Guimarânia,31,Minas Gerais,MG,3,Sudeste,8478,1213,1.3,367,23.11,2922,2.89,280962,0.04,12661,268300,85718,77253,64275,41055
3129004,Guiricema,31,Minas Gerais,MG,3,Sudeste,7778,-929,-0.94,294,26.49,3039,2.55,102045,0.01,6420,95625,17873,7578,34692,35482
3129103,Gurinhatã,31,Minas Gerais,MG,3,Sudeste,5192,-945,-1.38,1849,2.81,2139,2.42,148278,0.02,4741,143536,83289,4096,26515,29637
3129202,Heliodora,31,Minas Gerais,MG,3,Sudeste,6134,13,0.02,154,39.84,2322,2.63,113429,0.02,6319,107110,27024,5905,43986,30194
3129301,Iapu,31,Minas Gerais,MG,3,Sudeste,12030,1623,1.22,341,35.28,4054,2.96,143168,0.02,8607,134561,12494,20449,52942,48676
3129400,Ibertioga,31,Minas Gerais,MG,3,Sudeste,5198,162,0.26,346,15.01,1930,2.66,82385,0.01,2470,79915,27338,2990,22366,27220
3129509,Ibiá,31,Minas Gerais,MG,3,Sudeste,22229,-989,-0.36,2704,8.22,8377,2.64,1150723,0.17,106948,1043776,293133,252353,372118,126172
3129608,Ibiaí,31,Minas Gerais,MG,3,Sudeste,6286,-1553,-1.82,875,7.19,2214,2.84,81472,0.01,3375,78097,13426,3710,23422,37540
3129657,Ibiracatu,31,Minas Gerais,MG,3,Sudeste,5081,-513,-0.8,353,14.38,1774,2.86,47776,0.01,1174,46602,3109,1750,12496,29247
3129707,Ibiraci,31,Minas Gerais,MG,3,Sudeste,10948,-1228,-0.88,562,19.48,3810,2.87,682887,0.1,24527,658360,134102,328179,129060,67019
3129806,Ibirité,31,Minas Gerais,MG,3,Sudeste,170387,12163,0.62,72,2353.57,58701,2.9,2623167,0.38,229947,2393220,2344,726359,886883,777634
3129905,Ibitiúra de Minas,31,Minas Gerais,MG,3,Sudeste,3365,-17,-0.04,68,49.26,1323,2.51,56303,0.01,3420,52883,9284,3273,20769,19558
3130002,Ibituruna,31,Minas Gerais,MG,3,Sudeste,2698,-168,-0.5,153,17.62,967,2.76,49508,0.01,2082,47426,12946,1945,14477,18058
3130051,Icaraí de Minas,31,Minas Gerais,MG,3,Sudeste,10677,-69,-0.05,626,17.07,3276,3.26,96798,0.01,2820,93979,18662,3883,21170,50264
3130101,Igarapé,31,Minas Gerais,MG,3,Sudeste,45847,10996,2.31,111,413.25,15895,2.88,912915,0.13,86636,826279,72068,177114,376352,200746
3130200,Igaratinga,31,Minas Gerais,MG,3,Sudeste,10830,1566,1.31,218,49.6,3839,2.81,552242,0.08,70374,481868,41571,228060,159928,52308
3130309,Iguatama,31,Minas Gerais,MG,3,Sudeste,6826,-1203,-1.34,628,10.87,2706,2.51,401761,0.06,59205,342556,51919,151092,100274,39270
3130408,Ijaci,31,Minas Gerais,MG,3,Sudeste,7003,1144,1.5,105,66.54,2366,2.96,398414,0.06,66303,332111,11405,205663,77221,37822
3130507,Ilicínea,31,Minas Gerais,MG,3,Sudeste,12741,1253,0.87,376,33.85,4616,2.75,203453,0.03,12075,191378,47856,9888,76750,56884
3130556,Imbé de Minas,31,Minas Gerais,MG,3,Sudeste,6986,562,0.7,197,35.51,2542,2.74,78814,0.01,2244,76570,21483,3284,18549,33253
3130606,Inconfidentes,31,Minas Gerais,MG,3,Sudeste,7301,393,0.46,150,48.8,2763,2.64,115045,0.02,7535,107511,22684,11553,37490,35783
3130655,Indaiabira,31,Minas Gerais,MG,3,Sudeste,6346,-984,-1.19,1004,6.32,2158,2.94,70401,0.01,1838,68563,15662,3601,14687,34614
3130705,Indianópolis,31,Minas Gerais,MG,3,Sudeste,6171,-19,-0.03,830,7.43,2263,2.7,596843,0.09,20940,575903,158018,293956,77072,46857
3130804,Ingaí,31,Minas Gerais,MG,3,Sudeste,2580,-49,-0.16,306,8.44,936,2.73,94150,0.01,4672,89477,39028,14864,18442,17143
3130903,Inhapim,31,Minas Gerais,MG,3,Sudeste,22692,-1602,-0.57,858,26.45,8620,2.61,365131,0.05,21962,343170,47606,22173,169012,104378
3131000,Inhaúma,31,Minas Gerais,MG,3,Sudeste,6239,479,0.67,245,25.47,2232,2.8,121536,0.02,9985,111550,17498,20091,39793,34168
3131109,Inimutaba,31,Minas Gerais,MG,3,Sudeste,7371,432,0.5,527,13.99,2767,2.65,80618,0.01,4614,76005,8438,6073,25874,35621
3131158,Ipaba,31,Minas Gerais,MG,3,Sudeste,17136,428,0.21,113,151.32,5747,2.77,178580,0.03,8995,169584,10179,10126,67758,81521
3131208,Ipanema,31,Minas Gerais,MG,3,Sudeste,19522,1352,0.6,457,42.75,7570,2.57,287488,0.04,22397,265092,21771,15743,138165,89412
3131307,Ipatinga,31,Minas Gerais,MG,3,Sudeste,227731,-11737,-0.42,165,1381.16,85709,2.65,11147694,1.63,1186090,9961604,1550,4444085,4313431,1202538
3131406,Ipiaçu,31,Minas Gerais,MG,3,Sudeste,3775,-332,-0.7,466,8.1,1533,2.45,141817,0.02,4451,137366,70971,6491,32768,27136
3131505,Ipuiúna,31,Minas Gerais,MG,3,Sudeste,9135,-386,-0.34,298,30.63,3347,2.72,172564,0.03,11750,160814,28486,10783,75530,46015
3131604,Iraí de Minas,31,Minas Gerais,MG,3,Sudeste,7180,713,0.88,356,20.15,2493,2.88,211050,0.03,13612,197439,70249,19882,68967,38340
3131703,Itabira,31,Minas Gerais,MG,3,Sudeste,113343,3560,0.27,1254,90.41,39739,2.85,6790477,0.99,348056,6442421,21663,3640547,2212315,567895
3131802,Itabirinha,31,Minas Gerais,MG,3,Sudeste,10362,-330,-0.26,209,49.57,3915,2.64,138673,0.02,7029,131644,7261,19302,53736,51344
3131901,Itabirito,31,Minas Gerais,MG,3,Sudeste,53282,7830,1.33,544,97.94,18116,2.93,6653272,0.97,366314,6286958,6582,4099815,1791085,389475
3132008,Itacambira,31,Minas Gerais,MG,3,Sudeste,4252,-736,-1.32,1788,2.38,1457,2.92,67455,0.01,3588,63867,22048,1211,13520,27088
3132107,Itacarambi,31,Minas Gerais,MG,3,Sudeste,17208,-512,-0.24,1225,14.04,5336,3.21,206262,0.03,13856,192406,18245,15772,73926,84463
3132206,Itaguara,31,Minas Gerais,MG,3,Sudeste,13846,1474,0.94,410,33.73,5202,2.65,341135,0.05,33280,307855,24272,62238,155935,65411
3132305,Itaipé,31,Minas Gerais,MG,3,Sudeste,10463,-1335,-1,481,21.76,3497,2.98,105222,0.02,3945,101278,8499,2461,34066,56251
3132404,Itajubá,31,Minas Gerais,MG,3,Sudeste,93073,2415,0.22,295,315.68,33627,2.73,3290803,0.48,523324,2767479,12890,887998,1450483,416109
3132503,Itamarandiba,31,Minas Gerais,MG,3,Sudeste,32948,773,0.2,2736,12.04,11699,2.8,596094,0.09,26984,569110,218182,38497,171226,141205
3132602,Itamarati de Minas,31,Minas Gerais,MG,3,Sudeste,3690,-389,-0.83,95,39.02,1385,2.66,62437,0.01,2649,59788,14743,2814,17723,24509
3132701,Itambacuri,31,Minas Gerais,MG,3,Sudeste,21042,-1767,-0.67,1419,14.83,7402,2.81,312126,0.05,21250,290876,33616,28791,132038,96431
3132800,Itambé do Mato Dentro,31,Minas Gerais,MG,3,Sudeste,2142,-141,-0.53,380,5.63,828,2.58,31616,0,1243,30373,5239,799,9636,14698
3132909,Itamogi,31,Minas Gerais,MG,3,Sudeste,10770,421,0.33,244,44.19,4048,2.65,211124,0.03,12937,198187,61486,8808,77700,50192
3133006,Itamonte,31,Minas Gerais,MG,3,Sudeste,14786,783,0.45,432,34.24,5289,2.79,1024297,0.15,182249,842049,17133,487963,265756,71197
3133105,Itanhandu,31,Minas Gerais,MG,3,Sudeste,15236,1061,0.6,143,106.28,5491,2.77,434257,0.06,23812,410445,156971,41540,139414,72521
3133204,Itanhomi,31,Minas Gerais,MG,3,Sudeste,11128,-728,-0.53,489,22.76,4286,2.59,140116,0.02,5992,134124,12475,10452,55522,55675
3133303,Itaobim,31,Minas Gerais,MG,3,Sudeste,19151,-1850,-0.77,679,28.2,6895,2.75,276090,0.04,22701,253390,6958,14074,141777,90581
3133402,Itapagipe,31,Minas Gerais,MG,3,Sudeste,13690,34,0.02,1802,7.6,5425,2.48,475730,0.07,40689,435041,115670,104581,143860,70931
3133501,Itapecerica,31,Minas Gerais,MG,3,Sudeste,20984,-393,-0.15,1041,20.17,7951,2.63,518656,0.08,41212,477443,71518,109656,202462,93808
3133600,Itapeva,31,Minas Gerais,MG,3,Sudeste,12692,4028,3.23,177,71.57,4448,2.84,682693,0.1,128519,554173,8424,34336,460295,51119
3133709,Itatiaiuçu,31,Minas Gerais,MG,3,Sudeste,12966,3038,2.25,295,43.93,4590,2.8,1855351,0.27,91718,1763633,28022,1230519,434641,70450
3133758,Itaú de Minas,31,Minas Gerais,MG,3,Sudeste,14406,-539,-0.31,153,93.9,5389,2.67,632634,0.09,73433,559201,20140,281538,174980,82544
3133808,Itaúna,31,Minas Gerais,MG,3,Sudeste,97669,12206,1.12,496,197.01,36796,2.63,3707354,0.54,564503,3142851,35011,1270208,1402446,435187
3133907,Itaverava,31,Minas Gerais,MG,3,Sudeste,5642,-157,-0.23,284,19.85,1995,2.83,61250,0.01,2751,58499,7480,4917,19444,26657
3134004,Itinga,31,Minas Gerais,MG,3,Sudeste,13745,-662,-0.39,1650,8.33,4573,3,126088,0.02,6936,119153,11550,9724,35908,61971
3134103,Itueta,31,Minas Gerais,MG,3,Sudeste,6052,222,0.31,453,13.37,2234,2.71,89290,0.01,5903,83387,20326,4694,27448,30919
3134202,Ituiutaba,31,Minas Gerais,MG,3,Sudeste,102217,5046,0.42,2598,39.34,39977,2.55,3587217,0.53,379445,3207772,282735,942165,1526914,455957
3134301,Itumirim,31,Minas Gerais,MG,3,Sudeste,6635,496,0.65,235,28.26,2412,2.75,78960,0.01,2621,76339,20500,3278,22687,29873
3134400,Iturama,31,Minas Gerais,MG,3,Sudeste,38295,3839,0.88,1405,27.26,14911,2.56,2298964,0.34,164139,2134826,130503,1157731,647624,198967
3134509,Itutinga,31,Minas Gerais,MG,3,Sudeste,4217,304,0.63,372,11.34,1631,2.58,145981,0.02,5449,140533,39483,46241,32142,22667
3134608,Jaboticatubas,31,Minas Gerais,MG,3,Sudeste,20406,3272,1.47,1115,18.3,7730,2.62,264838,0.04,16511,248326,15899,16187,128620,87620
3134707,Jacinto,31,Minas Gerais,MG,3,Sudeste,11042,-1092,-0.78,1394,7.92,4184,2.62,125543,0.02,4174,121368,13022,5556,42468,60322
3134806,Jacuí,31,Minas Gerais,MG,3,Sudeste,7495,-7,-0.01,409,18.31,2816,2.65,131781,0.02,6016,125765,38426,5975,44355,37010
3134905,Jacutinga,31,Minas Gerais,MG,3,Sudeste,25525,2753,0.96,348,73.42,9082,2.8,1032174,0.15,181474,850700,35795,285765,397437,131703
3135001,Jaguaraçu,31,Minas Gerais,MG,3,Sudeste,3092,102,0.28,164,18.88,1118,2.76,107820,0.02,10527,97292,2333,39741,35395,19823
3135050,Jaíba,31,Minas Gerais,MG,3,Sudeste,37660,4058,0.95,2635,14.29,12100,3.11,635321,0.09,49286,586035,157603,65982,194506,167944
3135076,Jampruca,31,Minas Gerais,MG,3,Sudeste,4296,-771,-1.37,517,8.31,1573,2.7,66473,0.01,1793,64679,21155,3098,13605,26821
3135100,Janaúba,31,Minas Gerais,MG,3,Sudeste,70699,3896,0.47,2181,32.41,24287,2.9,1175372,0.17,123875,1051496,47157,82152,614281,307907
3135209,Januária,31,Minas Gerais,MG,3,Sudeste,65130,-333,-0.04,6662,9.78,21448,3.02,808906,0.12,57795,751112,46630,39836,388831,275815
3135308,Japaraíba,31,Minas Gerais,MG,3,Sudeste,4508,569,1.13,172,26.19,1542,2.92,81812,0.01,3945,77867,24408,4183,24881,24395
3135357,Japonvar,31,Minas Gerais,MG,3,Sudeste,8127,409,0.43,375,21.66,2860,2.84,70908,0.01,3292,67616,5150,2807,22368,37292
3135407,Jeceaba,31,Minas Gerais,MG,3,Sudeste,6197,802,1.16,236,26.23,2262,2.74,1243189,0.18,179895,1063294,9027,735237,258598,60432
3135456,Jenipapo de Minas,31,Minas Gerais,MG,3,Sudeste,6100,-1016,-1.28,284,21.44,2081,2.93,76832,0.01,5282,71551,14371,1739,20220,35221
3135506,Jequeri,31,Minas Gerais,MG,3,Sudeste,12419,-429,-0.28,548,22.67,4489,2.76,181484,0.03,8703,172781,50632,9311,55722,57116
3135605,Jequitaí,31,Minas Gerais,MG,3,Sudeste,6484,-1521,-1.74,1268,5.11,2465,2.6,119612,0.02,8113,111500,23964,19066,32803,35666
3135704,Jequitibá,31,Minas Gerais,MG,3,Sudeste,5883,727,1.11,445,13.22,2248,2.61,111183,0.02,5668,105515,37314,7435,33283,27483
3135803,Jequitinhonha,31,Minas Gerais,MG,3,Sudeste,24002,-129,-0.04,3514,6.83,8308,2.87,254693,0.04,13258,241435,20555,11645,102904,106332
3135902,Jesuânia,31,Minas Gerais,MG,3,Sudeste,5138,370,0.62,154,33.4,1914,2.66,81403,0.01,3479,77924,28087,2454,23646,23736
3136009,Joaíma,31,Minas Gerais,MG,3,Sudeste,13888,-1053,-0.61,1664,8.35,4681,2.96,160121,0.02,7381,152740,18979,9794,52814,71154
3136108,Joanésia,31,Minas Gerais,MG,3,Sudeste,4329,-1096,-1.86,233,18.56,1681,2.57,106658,0.02,1692,104966,5457,58700,15946,24862
3136207,João Monlevade,31,Minas Gerais,MG,3,Sudeste,80187,6577,0.72,99,808.68,29255,2.73,3335338,0.49,371925,2963414,3293,1276926,1296070,387125
3136306,João Pinheiro,31,Minas Gerais,MG,3,Sudeste,46801,2839,0.52,10727,4.36,17082,2.71,1847946,0.27,162718,1685228,451090,399877,604241,230020
3136405,Joaquim Felício,31,Minas Gerais,MG,3,Sudeste,3854,-451,-0.92,791,4.87,1462,2.62,66763,0.01,4675,62088,16559,3589,15288,26652
3136504,Jordânia,31,Minas Gerais,MG,3,Sudeste,10304,-20,-0.02,547,18.85,3472,2.96,95083,0.01,3532,91552,11849,3362,30087,46253
3136520,José Gonçalves de Minas,31,Minas Gerais,MG,3,Sudeste,3969,-584,-1.14,381,10.41,1384,2.87,47696,0.01,1269,46427,9865,1118,11571,23874
3136553,José Raydan,31,Minas Gerais,MG,3,Sudeste,4268,-108,-0.21,181,23.6,1576,2.71,70231,0.01,4532,65698,8462,11181,19642,26413
3136579,Josenópolis,31,Minas Gerais,MG,3,Sudeste,3630,-936,-1.89,541,6.7,1232,2.94,49410,0.01,1083,48327,10782,1063,10243,26239
3136603,Nova União,31,Minas Gerais,MG,3,Sudeste,5909,354,0.52,172,34.33,2172,2.72,92560,0.01,6496,86064,15675,9529,32680,28180
3136652,Juatuba,31,Minas Gerais,MG,3,Sudeste,30716,8546,2.75,97,316.6,10650,2.87,1323607,0.19,219148,1104459,3407,549773,396110,155169
3136702,Juiz de Fora,31,Minas Gerais,MG,3,Sudeste,540756,24509,0.39,1436,376.64,210953,2.55,16868840,2.47,2266115,14602725,44773,2360967,9725672,2471313
3136801,Juramento,31,Minas Gerais,MG,3,Sudeste,3768,-345,-0.73,432,8.73,1384,2.72,45722,0.01,1690,44032,7336,2193,11772,22731
3136900,Juruaia,31,Minas Gerais,MG,3,Sudeste,11084,1846,1.53,220,50.3,4009,2.76,197058,0.03,12063,184995,42330,28630,64954,49081
3136959,Juvenília,31,Minas Gerais,MG,3,Sudeste,5789,81,0.12,1065,5.44,1836,3.14,58277,0.01,1665,56613,8888,2543,15106,30076
3137007,Ladainha,31,Minas Gerais,MG,3,Sudeste,14375,-2619,-1.39,866,16.59,4705,3.04,132925,0.02,3257,129668,19011,2716,33569,74373
3137106,Lagamar,31,Minas Gerais,MG,3,Sudeste,6631,-969,-1.13,1475,4.5,2781,2.37,190828,0.03,8971,181857,81415,16136,48783,35523
3137205,Lagoa da Prata,31,Minas Gerais,MG,3,Sudeste,51412,5428,0.93,440,116.85,18388,2.77,1937362,0.28,233732,1703630,45066,630781,802393,225390
3137304,Lagoa dos Patos,31,Minas Gerais,MG,3,Sudeste,3313,-912,-2.01,601,5.52,1206,2.74,52922,0.01,1372,51550,12582,2126,12590,24252
3137403,Lagoa Dourada,31,Minas Gerais,MG,3,Sudeste,12769,513,0.34,477,26.79,4109,3.1,268098,0.04,15389,252709,86764,10537,93068,62339
3137502,Lagoa Formosa,31,Minas Gerais,MG,3,Sudeste,18904,1743,0.81,841,22.48,7046,2.68,499600,0.07,28332,471268,178721,61304,148651,82591
3137536,Lagoa Grande,31,Minas Gerais,MG,3,Sudeste,8969,338,0.32,1236,7.25,3389,2.64,230476,0.03,18952,211524,74538,15764,74396,46825
3137601,Lagoa Santa,31,Minas Gerais,MG,3,Sudeste,75145,22625,3.03,229,327.56,27431,2.73,1867108,0.27,291470,1575638,4163,350771,903061,317643
3137700,Lajinha,31,Minas Gerais,MG,3,Sudeste,20835,1226,0.51,432,48.24,7644,2.72,374175,0.05,37311,336864,66915,16226,160639,93083
3137809,Lambari,31,Minas Gerais,MG,3,Sudeste,20414,860,0.36,213,95.79,7577,2.68,357331,0.05,29967,327364,29346,37132,168173,92712
3137908,Lamim,31,Minas Gerais,MG,3,Sudeste,3184,-268,-0.67,119,26.85,1192,2.67,45144,0.01,1936,43207,7275,2425,14303,19205
3138005,Laranjal,31,Minas Gerais,MG,3,Sudeste,5963,-502,-0.67,205,29.1,2294,2.59,87396,0.01,3587,83808,15688,6388,28341,33392
3138104,Lassance,31,Minas Gerais,MG,3,Sudeste,7124,640,0.79,3204,2.22,2556,2.78,152915,0.02,7480,145435,73394,4340,30413,37288
3138203,Lavras,31,Minas Gerais,MG,3,Sudeste,104761,12561,1.07,565,185.5,38931,2.68,2678273,0.39,312535,2365738,102313,410642,1390132,462651
3138302,Leandro Ferreira,31,Minas Gerais,MG,3,Sudeste,3199,-6,-0.02,352,9.09,1210,2.62,47776,0.01,1559,46217,12321,3060,12989,17848
3138351,Leme do Prado,31,Minas Gerais,MG,3,Sudeste,4341,-463,-0.84,280,15.5,1526,2.84,62611,0.01,2605,60006,10907,2391,19262,27446
3138401,Leopoldina,31,Minas Gerais,MG,3,Sudeste,51145,15,0,943,54.23,19187,2.66,1016712,0.15,93682,923030,59025,82345,556711,224949
3138500,Liberdade,31,Minas Gerais,MG,3,Sudeste,4737,-609,-1,401,11.8,1812,2.6,93046,0.01,4351,88695,27173,3799,32627,25096
3138609,Lima Duarte,31,Minas Gerais,MG,3,Sudeste,17221,1072,0.54,849,20.29,6876,2.49,290326,0.04,19501,270825,45517,23104,128352,73851
3138625,Limeira do Oeste,31,Minas Gerais,MG,3,Sudeste,8687,1797,1.95,1317,6.6,3320,2.61,394816,0.06,38783,356034,111868,89158,108070,46937
3138658,Lontra,31,Minas Gerais,MG,3,Sudeste,8790,-187,-0.18,259,33.95,3028,2.9,82319,0.01,3310,79009,2798,3244,27252,45715
3138674,Luisburgo,31,Minas Gerais,MG,3,Sudeste,6956,722,0.92,145,47.83,2436,2.85,100835,0.01,3031,97804,42283,3450,20786,31285
3138682,Luislândia,31,Minas Gerais,MG,3,Sudeste,6210,-190,-0.25,412,15.08,1981,3.13,58724,0.01,2367,56357,5429,1891,17827,31211
3138708,Luminárias,31,Minas Gerais,MG,3,Sudeste,5586,164,0.25,500,11.17,2122,2.61,109076,0.02,4230,104846,41912,7641,28846,26447
3138807,Luz,31,Minas Gerais,MG,3,Sudeste,17875,389,0.18,1172,15.26,6769,2.61,564571,0.08,51557,513015,103390,63464,259383,86777
3138906,Machacalis,31,Minas Gerais,MG,3,Sudeste,6487,-489,-0.6,332,19.52,2434,2.66,104428,0.02,6679,97749,12184,16878,34919,33767
3139003,Machado,31,Minas Gerais,MG,3,Sudeste,37684,-1004,-0.22,586,64.31,13105,2.86,1122219,0.16,112475,1009744,144649,201834,475446,187816
3139102,Madre de Deus de Minas,31,Minas Gerais,MG,3,Sudeste,5191,287,0.48,493,10.53,1914,2.71,245410,0.04,9297,236113,129687,29917,49438,27070
3139201,Malacacheta,31,Minas Gerais,MG,3,Sudeste,17516,-1260,-0.58,728,24.06,6424,2.7,224565,0.03,13322,211243,19828,25334,87020,79062
3139250,Mamonas,31,Minas Gerais,MG,3,Sudeste,5997,-324,-0.44,284,21.09,2352,2.55,54124,0.01,1973,52151,3609,2257,15396,30889
3139300,Manga,31,Minas Gerais,MG,3,Sudeste,18886,-927,-0.4,1950,9.68,6117,3.06,225420,0.03,12593,212828,31059,10835,87500,83433
3139409,Manhuaçu,31,Minas Gerais,MG,3,Sudeste,91886,12312,1.21,628,146.24,33275,2.75,2983727,0.44,336926,2646801,140005,724680,1374317,407799
3139508,Manhumirim,31,Minas Gerais,MG,3,Sudeste,20610,-772,-0.31,183,112.68,7652,2.67,525727,0.08,77243,448485,29077,13355,304544,101509
3139607,Mantena,31,Minas Gerais,MG,3,Sudeste,26535,-576,-0.18,685,38.73,10157,2.59,418431,0.06,26731,391700,23750,24563,217281,126106
3139706,Maravilhas,31,Minas Gerais,MG,3,Sudeste,7333,170,0.2,262,28.03,2527,2.9,194322,0.03,19306,175016,16949,62431,58844,36792
3139805,Mar de Espanha,31,Minas Gerais,MG,3,Sudeste,12721,972,0.66,372,34.23,4768,2.66,205457,0.03,14647,190809,16508,38618,83145,52539
3139904,Maria da Fé,31,Minas Gerais,MG,3,Sudeste,14247,31,0.02,203,70.22,4782,2.96,186579,0.03,13162,173417,14974,11491,81563,65388
3140001,Mariana,31,Minas Gerais,MG,3,Sudeste,61387,7168,1.04,1194,51.4,21714,2.8,3266048,0.48,181914,3084133,17166,1696025,994706,376236
3140100,Marilac,31,Minas Gerais,MG,3,Sudeste,4224,5,0.01,159,26.6,1565,2.7,54837,0.01,1849,52989,8781,2329,16374,25505
3140159,Mário Campos,31,Minas Gerais,MG,3,Sudeste,15861,2669,1.55,35,450.65,5419,2.92,179027,0.03,11674,167353,12699,12452,75919,66284
3140209,Maripá de Minas,31,Minas Gerais,MG,3,Sudeste,3387,599,1.64,77,43.79,1233,2.74,72435,0.01,5738,66697,8829,16131,23173,18565
3140308,Marliéria,31,Minas Gerais,MG,3,Sudeste,4592,580,1.13,546,8.41,1712,2.68,48545,0.01,1737,46808,4840,2683,15219,24066
3140407,Marmelópolis,31,Minas Gerais,MG,3,Sudeste,3200,232,0.63,108,29.66,1189,2.69,40022,0.01,1132,38890,9581,1040,11434,16835
3140506,Martinho Campos,31,Minas Gerais,MG,3,Sudeste,14003,1392,0.88,1058,13.23,5315,2.62,377981,0.06,31584,346397,97904,51080,139359,58054
3140530,Martins Soares,31,Minas Gerais,MG,3,Sudeste,8396,1223,1.32,113,74.13,2997,2.8,253675,0.04,35067,218608,20532,61885,96714,39477
3140555,Mata Verde,31,Minas Gerais,MG,3,Sudeste,9113,1239,1.23,228,40.05,2914,3.13,72710,0.01,2102,70608,4797,5400,22022,38389
3140605,Materlândia,31,Minas Gerais,MG,3,Sudeste,3963,-632,-1.23,281,14.13,1417,2.8,54181,0.01,1849,52332,13594,1948,14121,22669
3140704,Mateus Leme,31,Minas Gerais,MG,3,Sudeste,37841,9985,2.59,301,125.56,13856,2.72,670786,0.1,74691,596095,24567,143738,281626,146165
3140803,Matias Barbosa,31,Minas Gerais,MG,3,Sudeste,14121,686,0.42,157,89.9,5234,2.68,536457,0.08,116256,420201,3536,112837,230535,73292
3140852,Matias Cardoso,31,Minas Gerais,MG,3,Sudeste,8895,-1069,-0.94,1941,4.58,2885,3.05,138546,0.02,5540,133006,45012,6489,26862,54642
3140902,Matipó,31,Minas Gerais,MG,3,Sudeste,18552,913,0.42,267,69.49,6209,2.98,418748,0.06,55350,363398,31707,19796,231151,80744
3141009,Mato Verde,31,Minas Gerais,MG,3,Sudeste,12038,-646,-0.43,472,25.49,4630,2.6,148113,0.02,6604,141509,9102,11516,66939,53951
3141108,Matozinhos,31,Minas Gerais,MG,3,Sudeste,37618,3660,0.86,252,149.01,13310,2.82,1158723,0.17,145968,1012756,10779,463015,368964,169997
3141207,Matutina,31,Minas Gerais,MG,3,Sudeste,3814,53,0.12,261,14.62,1575,2.42,86957,0.01,4723,82234,24882,14245,21381,21726
3141306,Medeiros,31,Minas Gerais,MG,3,Sudeste,3900,456,1.04,946,4.12,1428,2.73,178514,0.03,5488,173027,108381,8042,33735,22869
3141405,Medina,31,Minas Gerais,MG,3,Sudeste,20156,-870,-0.35,1436,14.04,7244,2.77,228187,0.03,13426,214761,12242,18157,99828,84534
3141504,Mendes Pimentel,31,Minas Gerais,MG,3,Sudeste,5606,-725,-1.01,306,18.35,2240,2.5,73006,0.01,3300,69706,7965,7312,24674,29755
3141603,Mercês,31,Minas Gerais,MG,3,Sudeste,10373,5,0,348,29.78,4065,2.54,136007,0.02,8698,127309,15773,12823,53622,45091
3141702,Mesquita,31,Minas Gerais,MG,3,Sudeste,5040,-1029,-1.54,275,18.33,1837,2.74,51894,0.01,1673,50220,6143,1402,16808,25867
3141801,Minas Novas,31,Minas Gerais,MG,3,Sudeste,24405,-6389,-1.92,1812,13.47,8231,2.96,334348,0.05,10346,324002,85009,13182,94887,130924
3141900,Minduri,31,Minas Gerais,MG,3,Sudeste,3741,-99,-0.22,220,17.02,1353,2.75,123716,0.02,5828,117888,46222,21692,30154,19820
3142007,Mirabela,31,Minas Gerais,MG,3,Sudeste,13651,609,0.38,723,18.87,4539,3,155501,0.02,9880,145621,12217,6596,61830,64978
3142106,Miradouro,31,Minas Gerais,MG,3,Sudeste,8968,-1283,-1.11,302,29.73,3531,2.53,143892,0.02,8494,135399,22740,5732,58040,48887
3142205,Miraí,31,Minas Gerais,MG,3,Sudeste,13633,-175,-0.11,321,42.51,4990,2.72,257394,0.04,22866,234528,10724,72406,89447,61951
3142254,Miravânia,31,Minas Gerais,MG,3,Sudeste,3985,-564,-1.1,602,6.62,1354,2.94,40537,0.01,1159,39378,3089,1186,10561,24543
3142304,Moeda,31,Minas Gerais,MG,3,Sudeste,5125,436,0.74,155,33.04,1857,2.75,70169,0.01,5090,65079,3098,5378,31176,25427
3142403,Moema,31,Minas Gerais,MG,3,Sudeste,7548,520,0.6,203,37.24,2824,2.67,123357,0.02,8578,114779,16452,6289,55806,36232
3142502,Monjolos,31,Minas Gerais,MG,3,Sudeste,2169,-191,-0.7,651,3.33,828,2.62,38657,0.01,1424,37233,5758,7618,9353,14505
3142601,Monsenhor Paulo,31,Minas Gerais,MG,3,Sudeste,8340,179,0.18,217,38.51,3004,2.77,191964,0.03,14662,177302,37686,34127,67207,38281
3142700,Montalvânia,31,Minas Gerais,MG,3,Sudeste,14060,-1802,-1,1504,9.35,4796,2.93,142737,0.02,6550,136187,14474,6489,52425,62799
3142809,Monte Alegre de Minas,31,Minas Gerais,MG,3,Sudeste,20170,551,0.23,2596,7.77,7826,2.57,612732,0.09,32584,580148,255632,30070,196668,97778
3142908,Monte Azul,31,Minas Gerais,MG,3,Sudeste,20328,-1666,-0.65,1001,20.3,7727,2.61,229874,0.03,12274,217600,16100,10995,100271,90234
3143005,Monte Belo,31,Minas Gerais,MG,3,Sudeste,13046,-15,-0.01,421,30.97,4888,2.66,322075,0.05,36637,285438,44553,57828,120942,62115
3143104,Monte Carmelo,31,Minas Gerais,MG,3,Sudeste,47689,1917,0.34,1343,35.51,18232,2.6,1276188,0.19,116115,1160073,231359,75467,630643,222604
3143153,Monte Formoso,31,Minas Gerais,MG,3,Sudeste,4381,-275,-0.51,386,11.36,1454,3.01,40736,0.01,1313,39423,3742,1206,10152,24322
3143203,Monte Santo de Minas,31,Minas Gerais,MG,3,Sudeste,20890,-344,-0.14,595,35.13,7973,2.59,448747,0.07,26756,421992,84380,46400,192484,98728
3143302,Montes Claros,31,Minas Gerais,MG,3,Sudeste,414240,52092,1.13,3590,115.39,144797,2.85,9686454,1.42,1056789,8629665,135333,1814514,4948382,1731437
3143401,Monte Sião,31,Minas Gerais,MG,3,Sudeste,24089,2886,1.07,292,82.61,9215,2.6,482997,0.07,45803,437195,29216,54704,238575,114700
3143450,Montezuma,31,Minas Gerais,MG,3,Sudeste,6888,-576,-0.67,1130,6.09,2267,3.02,85893,0.01,1962,83931,23210,2253,18516,39952
3143500,Morada Nova de Minas,31,Minas Gerais,MG,3,Sudeste,9066,811,0.78,2084,4.35,3431,2.63,404513,0.06,15216,389297,228310,24263,83611,53113
3143609,Morro da Garça,31,Minas Gerais,MG,3,Sudeste,2411,-249,-0.82,415,5.81,917,2.63,56439,0.01,2876,53563,16528,1894,15687,19453
3143708,Morro do Pilar,31,Minas Gerais,MG,3,Sudeste,3133,-266,-0.68,478,6.56,1117,2.8,40249,0.01,1252,38997,5221,1385,12114,20277
3143807,Munhoz,31,Minas Gerais,MG,3,Sudeste,7451,1194,1.47,192,38.9,2671,2.78,105132,0.02,7343,97789,12284,11749,43193,30562
3143906,Muriaé,31,Minas Gerais,MG,3,Sudeste,104108,3343,0.27,842,123.69,39416,2.62,2433394,0.36,212927,2220467,44133,228382,1425458,522494
3144003,Mutum,31,Minas Gerais,MG,3,Sudeste,27635,974,0.3,1251,22.09,10226,2.7,480278,0.07,36306,443972,85232,85892,158767,114081
3144102,Muzambinho,31,Minas Gerais,MG,3,Sudeste,21891,1461,0.58,410,53.4,8154,2.67,482405,0.07,37433,444972,59432,70817,220213,94510
3144201,Nacip Raydan,31,Minas Gerais,MG,3,Sudeste,2459,-695,-2.05,233,10.53,925,2.66,32860,0,847,32013,4860,1104,8598,17451
3144300,Nanuque,31,Minas Gerais,MG,3,Sudeste,35038,-5796,-1.27,1518,23.08,13272,2.63,851285,0.12,80428,770857,41454,170196,398076,161131
3144359,Naque,31,Minas Gerais,MG,3,Sudeste,6303,-38,-0.05,127,49.56,2180,2.89,83352,0.01,4647,78705,3744,4544,35504,34912
3144375,Natalândia,31,Minas Gerais,MG,3,Sudeste,3520,240,0.59,469,7.51,1299,2.71,61270,0.01,3549,57721,10004,3637,23086,20994
3144409,Natércia,31,Minas Gerais,MG,3,Sudeste,4691,33,0.06,189,24.86,1814,2.56,84977,0.01,5576,79401,20708,4075,30104,24514
3144508,Nazareno,31,Minas Gerais,MG,3,Sudeste,8179,225,0.23,341,23.95,2976,2.74,408958,0.06,23545,385413,50568,190739,100541,43565
3144607,Nepomuceno,31,Minas Gerais,MG,3,Sudeste,25018,-715,-0.23,583,42.95,8845,2.81,538887,0.08,37706,501181,135440,24959,220829,119952
3144656,Ninheira,31,Minas Gerais,MG,3,Sudeste,10588,773,0.63,1108,9.55,3313,3.19,102397,0.01,3898,98499,19360,4668,24006,50465
3144672,Nova Belém,31,Minas Gerais,MG,3,Sudeste,3151,-581,-1.4,147,21.47,1181,2.67,63211,0.01,3024,60187,23238,1935,15967,19047
3144706,Nova Era,31,Minas Gerais,MG,3,Sudeste,17438,-90,-0.04,362,48.18,6224,2.78,387599,0.06,34935,352664,14655,73019,178689,86302
3144805,Nova Lima,31,Minas Gerais,MG,3,Sudeste,111697,30699,2.71,429,260.18,39805,2.8,12211282,1.79,1093465,11117817,2078,6530443,3887094,698203
3144904,Nova Módica,31,Minas Gerais,MG,3,Sudeste,3663,-127,-0.28,376,9.74,1414,2.59,51476,0.01,1593,49883,9847,2882,14757,22398
3145000,Nova Ponte,31,Minas Gerais,MG,3,Sudeste,14598,1786,1.09,1111,13.14,5100,2.86,1248531,0.18,35473,1213058,266019,653184,204361,89495
3145059,Nova Porteirinha,31,Minas Gerais,MG,3,Sudeste,6706,-692,-0.82,121,55.45,2254,2.97,108650,0.02,4014,104636,22751,7490,37454,36941
3145109,Nova Resende,31,Minas Gerais,MG,3,Sudeste,16387,1013,0.53,390,42,5941,2.75,297806,0.04,17293,280512,87068,16119,104810,72515
3145208,Nova Serrana,31,Minas Gerais,MG,3,Sudeste,105552,31853,3.04,282,373.67,36992,2.85,2399504,0.35,236531,2162973,11670,699813,986408,465081
3145307,Novo Cruzeiro,31,Minas Gerais,MG,3,Sudeste,26975,-3750,-1.08,1703,15.84,9071,2.96,295142,0.04,18191,276951,24462,13361,109767,129360
3145356,Novo Oriente de Minas,31,Minas Gerais,MG,3,Sudeste,10275,-64,-0.05,755,13.61,3691,2.78,118208,0.02,6068,112140,16207,9976,36394,49563
3145372,Novorizonte,31,Minas Gerais,MG,3,Sudeste,4571,-392,-0.68,272,16.83,1618,2.83,59253,0.01,7469,51784,2274,6344,16675,26492
3145406,Olaria,31,Minas Gerais,MG,3,Sudeste,1945,-31,-0.13,178,10.91,751,2.59,29185,0,714,28471,4819,889,8049,14714
3145455,Olhos-d'Água,31,Minas Gerais,MG,3,Sudeste,5385,118,0.18,2092,2.57,1943,2.77,216922,0.03,5244,211678,149236,4844,23459,34138
3145505,Olímpio Noronha,31,Minas Gerais,MG,3,Sudeste,2555,22,0.07,55,46.77,942,2.71,41033,0.01,1899,39134,5981,2055,13747,17350
3145604,Oliveira,31,Minas Gerais,MG,3,Sudeste,39262,-204,-0.04,897,43.76,14114,2.76,910246,0.13,80692,829554,73500,132991,448637,174426
3145703,Oliveira Fortes,31,Minas Gerais,MG,3,Sudeste,2027,-96,-0.38,111,18.24,758,2.67,34746,0.01,932,33813,10876,1221,8122,13594
3145802,Onça de Pitangui,31,Minas Gerais,MG,3,Sudeste,2969,-86,-0.24,247,12.02,1118,2.65,63060,0.01,2645,60415,23869,2580,13877,20088
3145851,Oratórios,31,Minas Gerais,MG,3,Sudeste,4917,424,0.75,89,55.21,1658,2.96,61672,0.01,2822,58850,9980,4239,19128,25504
3145877,Orizânia,31,Minas Gerais,MG,3,Sudeste,8437,1153,1.23,122,69.27,3015,2.8,90013,0.01,2653,87360,22503,3834,22140,38883
3145901,Ouro Branco,31,Minas Gerais,MG,3,Sudeste,38724,3456,0.78,259,149.67,13657,2.83,4576805,0.67,955801,3621004,7231,2385029,1018476,210268
3146008,Ouro Fino,31,Minas Gerais,MG,3,Sudeste,32094,526,0.14,534,60.13,12246,2.61,825038,0.12,98253,726785,56929,129866,395565,144425
3146107,Ouro Preto,31,Minas Gerais,MG,3,Sudeste,74824,4543,0.52,1246,60.06,26578,2.8,3751176,0.55,279327,3471849,23971,1676243,1343735,427899
3146206,Ouro Verde de Minas,31,Minas Gerais,MG,3,Sudeste,5757,-259,-0.37,175,32.81,1984,2.89,59457,0.01,1600,57857,9117,3378,16336,29026
3146255,Padre Carvalho,31,Minas Gerais,MG,3,Sudeste,5058,-776,-1.18,446,11.33,1637,3.09,56364,0.01,3148,53216,836,1767,20478,30134
3146305,Padre Paraíso,31,Minas Gerais,MG,3,Sudeste,17334,-1515,-0.7,544,31.84,5955,2.9,204132,0.03,11875,192257,6059,11930,86018,88250
3146404,Paineiras,31,Minas Gerais,MG,3,Sudeste,4224,-407,-0.76,637,6.63,1780,2.36,71081,0.01,3501,67580,18328,2683,22830,23738
3146503,Pains,31,Minas Gerais,MG,3,Sudeste,8142,128,0.13,422,19.3,3043,2.62,378733,0.06,46342,332392,25684,165405,94199,47104
3146552,Pai Pedro,31,Minas Gerais,MG,3,Sudeste,5551,-383,-0.55,840,6.61,1978,2.81,55048,0.01,1816,53233,8071,2047,12225,30890
3146602,Paiva,31,Minas Gerais,MG,3,Sudeste,1474,-84,-0.46,58,25.23,580,2.54,25856,0,857,24999,4210,1324,7546,11919
3146701,Palma,31,Minas Gerais,MG,3,Sudeste,5707,-838,-1.14,316,18.03,2149,2.65,88448,0.01,4375,84073,16107,3821,33827,30318
3146750,Palmópolis,31,Minas Gerais,MG,3,Sudeste,6301,-630,-0.79,433,14.55,2368,2.65,57338,0.01,1650,55689,6676,2365,18323,28324
3146909,Papagaios,31,Minas Gerais,MG,3,Sudeste,13920,-255,-0.15,554,25.15,4768,2.9,305643,0.04,25530,280112,28268,69903,113693,68249
3147006,Paracatu,31,Minas Gerais,MG,3,Sudeste,94017,9299,0.87,8231,11.42,32735,2.86,5560256,0.81,342757,5217500,837787,2217597,1694702,467414
3147105,Pará de Minas,31,Minas Gerais,MG,3,Sudeste,97139,12924,1.2,551,176.22,35488,2.72,3384016,0.5,478748,2905268,115062,814424,1544389,431393
3147204,Paraguaçu,31,Minas Gerais,MG,3,Sudeste,21723,1478,0.59,424,51.2,7705,2.81,563965,0.08,45717,518248,113393,109449,205506,89900
3147303,Paraisópolis,31,Minas Gerais,MG,3,Sudeste,20445,1066,0.45,331,61.72,7878,2.59,535648,0.08,93687,441961,15290,99490,233401,93780
3147402,Paraopeba,31,Minas Gerais,MG,3,Sudeste,24107,1544,0.55,626,38.53,8773,2.74,779838,0.11,64238,715600,43835,121605,435933,114227
3147501,Passabém,31,Minas Gerais,MG,3,Sudeste,1600,-166,-0.82,94,16.99,610,2.61,21854,0,817,21037,2582,873,5838,11745
3147600,Passa Quatro,31,Minas Gerais,MG,3,Sudeste,15515,-67,-0.04,277,55.97,5595,2.76,530758,0.08,59541,471217,75003,140730,182050,73434
3147709,Passa Tempo,31,Minas Gerais,MG,3,Sudeste,8473,276,0.28,429,19.74,3257,2.59,292466,0.04,38990,253476,18382,113189,82378,39527
3147808,Passa Vinte,31,Minas Gerais,MG,3,Sudeste,2233,154,0.6,247,9.06,890,2.51,35476,0.01,1121,34355,9468,904,8734,15250
3147907,Passos,31,Minas Gerais,MG,3,Sudeste,111939,5649,0.43,1338,83.66,41262,2.71,2618869,0.38,247491,2371378,207748,222778,1450722,490130
3147956,Patis,31,Minas Gerais,MG,3,Sudeste,4837,-742,-1.18,444,10.89,1672,2.89,51456,0.01,1425,50031,3882,2065,13209,30876
3148004,Patos de Minas,31,Minas Gerais,MG,3,Sudeste,159235,20029,1.13,3190,49.91,61097,2.6,5400256,0.79,537827,4862429,445342,994789,2703443,718855
3148103,Patrocínio,31,Minas Gerais,MG,3,Sudeste,89826,7355,0.71,2874,31.25,31745,2.8,3290864,0.48,330241,2960623,608702,392430,1519940,439552
3148202,Patrocínio do Muriaé,31,Minas Gerais,MG,3,Sudeste,5576,289,0.44,108,51.51,2194,2.54,117352,0.02,10666,106686,5536,29242,42520,29388
3148301,Paula Cândido,31,Minas Gerais,MG,3,Sudeste,8659,-612,-0.57,268,32.27,3092,2.79,115460,0.02,6264,109196,23103,9532,36589,39973
3148400,Paulistas,31,Minas Gerais,MG,3,Sudeste,4389,-529,-0.94,221,19.9,1522,2.87,60946,0.01,2828,58117,11752,6068,16073,24225
3148509,Pavão,31,Minas Gerais,MG,3,Sudeste,8047,-542,-0.54,601,13.39,2730,2.94,83361,0.01,3021,80340,15720,2700,24586,37335
3148608,Peçanha,31,Minas Gerais,MG,3,Sudeste,17446,186,0.09,997,17.5,5629,3.06,223648,0.03,9108,214540,60039,5927,71827,76747
3148707,Pedra Azul,31,Minas Gerais,MG,3,Sudeste,24410,571,0.2,1595,15.31,7450,3.25,322709,0.05,18157,304551,11882,58140,127418,107112
3148756,Pedra Bonita,31,Minas Gerais,MG,3,Sudeste,7320,647,0.77,174,42.09,2365,3.09,82818,0.01,2668,80150,22537,2643,18822,36149
3148806,Pedra do Anta,31,Minas Gerais,MG,3,Sudeste,3311,-135,-0.33,173,19.12,1265,2.62,45838,0.01,1709,44129,9519,3988,12074,18548
3148905,Pedra do Indaiá,31,Minas Gerais,MG,3,Sudeste,4112,237,0.5,348,11.82,1533,2.68,106669,0.02,9448,97222,29110,19890,25131,23091
3149002,Pedra Dourada,31,Minas Gerais,MG,3,Sudeste,2757,566,1.93,70,39.39,1004,2.74,36383,0.01,1068,35315,5207,1103,10940,18064
3149101,Pedralva,31,Minas Gerais,MG,3,Sudeste,10760,-707,-0.53,218,49.36,3885,2.75,146658,0.02,6420,140238,30985,8774,52783,47697
3149150,Pedras de Maria da Cruz,31,Minas Gerais,MG,3,Sudeste,10452,-424,-0.33,1526,6.85,3501,2.97,98438,0.01,3306,95132,14423,3274,25046,52389
3149200,Pedrinópolis,31,Minas Gerais,MG,3,Sudeste,3344,-146,-0.36,358,9.34,1223,2.72,155258,0.02,8670,146588,71486,6279,42035,26789
3149309,Pedro Leopoldo,31,Minas Gerais,MG,3,Sudeste,62580,3840,0.53,293,213.71,22633,2.76,1652319,0.24,193137,1459182,13758,495892,647602,301930
3149408,Pedro Teixeira,31,Minas Gerais,MG,3,Sudeste,1810,25,0.12,113,16.02,722,2.51,26454,0,769,25685,4220,697,7182,13586
3149507,Pequeri,31,Minas Gerais,MG,3,Sudeste,3351,186,0.48,91,36.89,1290,2.6,50739,0.01,3061,47678,3518,6572,16621,20967
3149606,Pequi,31,Minas Gerais,MG,3,Sudeste,4155,79,0.16,204,20.37,1553,2.67,77881,0.01,3791,74090,22256,6362,22235,23237
3149705,Perdigão,31,Minas Gerais,MG,3,Sudeste,12268,3356,2.7,249,49.21,4467,2.74,215103,0.03,16768,198335,13365,60326,70494,54151
3149804,Perdizes,31,Minas Gerais,MG,3,Sudeste,17151,2747,1.47,2451,7,5936,2.85,1273839,0.19,81116,1192723,579385,235052,283941,94346
3149903,Perdões,31,Minas Gerais,MG,3,Sudeste,21384,1297,0.52,271,79.01,7773,2.73,579840,0.08,49114,530726,42758,146654,247208,94106
3149952,Periquito,31,Minas Gerais,MG,3,Sudeste,6553,-483,-0.59,229,28.63,2293,2.86,99465,0.01,8611,90854,6405,9603,40947,33899
3150000,Pescador,31,Minas Gerais,MG,3,Sudeste,3570,-558,-1.2,317,11.25,1270,2.75,43881,0.01,1381,42500,5413,1314,13415,22359
3150109,Piau,31,Minas Gerais,MG,3,Sudeste,2796,-45,-0.13,192,14.55,1088,2.57,71195,0.01,2217,68979,11879,26983,13129,16987
3150158,Piedade de Caratinga,31,Minas Gerais,MG,3,Sudeste,8529,1419,1.53,109,78,3187,2.67,113555,0.02,6217,107338,26429,5713,37970,37226
3150208,Piedade de Ponte Nova,31,Minas Gerais,MG,3,Sudeste,3976,-86,-0.18,84,47.48,1322,2.99,59320,0.01,2860,56460,12034,2158,19202,23067
3150307,Piedade do Rio Grande,31,Minas Gerais,MG,3,Sudeste,4604,-105,-0.19,323,14.26,1842,2.5,91725,0.01,3507,88218,32443,8418,24603,22753
3150406,Piedade dos Gerais,31,Minas Gerais,MG,3,Sudeste,5019,379,0.66,260,19.33,1964,2.53,81465,0.01,4430,77036,17689,12071,21764,25512
3150505,Pimenta,31,Minas Gerais,MG,3,Sudeste,8563,327,0.32,415,20.64,3314,2.58,229904,0.03,25085,204819,58934,6556,96348,42981
3150539,Pingo-d'Água,31,Minas Gerais,MG,3,Sudeste,4706,286,0.52,67,70.69,1635,2.87,46243,0.01,1678,44566,1558,2387,15466,25155
3150570,Pintópolis,31,Minas Gerais,MG,3,Sudeste,7084,-127,-0.15,1229,5.77,2276,3.11,64995,0.01,2108,62887,8036,2205,17307,35339
3150604,Piracema,31,Minas Gerais,MG,3,Sudeste,6700,294,0.37,280,23.9,2614,2.55,249150,0.04,7974,241176,20094,119836,69837,31409
3150703,Pirajuba,31,Minas Gerais,MG,3,Sudeste,5537,881,1.45,338,16.38,2043,2.68,405558,0.06,40938,364620,75745,155246,98716,34913
3150802,Piranga,31,Minas Gerais,MG,3,Sudeste,17018,-214,-0.1,659,25.83,5892,2.88,189502,0.03,8300,181202,32688,8140,66754,73619
3150901,Piranguçu,31,Minas Gerais,MG,3,Sudeste,6041,824,1.23,204,29.67,2202,2.73,70391,0.01,4232,66159,7149,12841,20750,25419
3151008,Piranguinho,31,Minas Gerais,MG,3,Sudeste,9120,1104,1.08,125,73.08,3217,2.83,125731,0.02,8603,117128,9473,14288,54803,38564
3151107,Pirapetinga,31,Minas Gerais,MG,3,Sudeste,11077,713,0.56,191,58.09,4244,2.61,529892,0.08,113683,416209,7382,219864,133586,55378
3151206,Pirapora,31,Minas Gerais,MG,3,Sudeste,55606,2238,0.34,550,101.19,19076,2.89,2266060,0.33,443647,1822413,52827,793914,717350,258322
3151305,Piraúba,31,Minas Gerais,MG,3,Sudeste,11610,748,0.56,144,80.46,4318,2.68,185185,0.03,13952,171233,18193,30832,72726,49482
3151404,Pitangui,31,Minas Gerais,MG,3,Sudeste,26685,1374,0.44,570,46.85,9528,2.78,582780,0.09,46615,536165,70690,74534,273842,117099
3151503,Piumhi,31,Minas Gerais,MG,3,Sudeste,36062,4179,1.03,902,39.96,13801,2.59,1047346,0.15,99472,947873,159385,124043,498366,166079
3151602,Planura,31,Minas Gerais,MG,3,Sudeste,11145,761,0.59,318,35.1,4063,2.74,536439,0.08,13640,522799,93584,273268,90901,65046
3151701,Poço Fundo,31,Minas Gerais,MG,3,Sudeste,16388,429,0.22,474,34.56,6118,2.67,325613,0.05,23585,302028,64777,32970,134027,70254
3151800,Poços de Caldas,31,Minas Gerais,MG,3,Sudeste,163742,11307,0.6,547,299.37,63169,2.59,7993118,1.17,1270269,6722849,55542,1993014,3653356,1020938
3151909,Pocrane,31,Minas Gerais,MG,3,Sudeste,8350,-636,-0.61,691,12.08,3265,2.55,103699,0.02,7144,96555,19984,2723,36921,36927
3152006,Pompéu,31,Minas Gerais,MG,3,Sudeste,31047,1942,0.54,2551,12.17,11154,2.77,939020,0.14,86147,852873,178042,165616,367621,141595
3152105,Ponte Nova,31,Minas Gerais,MG,3,Sudeste,57776,386,0.06,471,122.76,21250,2.69,1983799,0.29,257040,1726758,45440,408049,988301,284968
3152131,Ponto Chique,31,Minas Gerais,MG,3,Sudeste,3747,-219,-0.47,603,6.22,1272,2.94,48110,0.01,1675,46435,4801,3717,13908,24010
3152170,Ponto dos Volantes,31,Minas Gerais,MG,3,Sudeste,10883,-462,-0.35,1212,8.98,3750,2.9,110105,0.02,6045,104060,7325,3247,37370,56118
3152204,Porteirinha,31,Minas Gerais,MG,3,Sudeste,37438,-189,-0.04,1750,21.4,13668,2.73,441025,0.06,25880,415145,63210,28644,167613,155678
3152303,Porto Firme,31,Minas Gerais,MG,3,Sudeste,10569,152,0.12,285,37.11,3709,2.84,111511,0.02,5516,105995,15884,7248,36076,46788
3152402,Poté,31,Minas Gerais,MG,3,Sudeste,13666,-2001,-1.13,625,21.86,5052,2.69,162633,0.02,7405,155228,15523,12936,54941,71828
3152501,Pouso Alegre,31,Minas Gerais,MG,3,Sudeste,152212,21597,1.28,543,280.42,55930,2.7,8140164,1.19,1587841,6552323,86879,1389910,4342992,732543
3152600,Pouso Alto,31,Minas Gerais,MG,3,Sudeste,6566,353,0.46,263,24.96,2472,2.64,323324,0.05,32064,291259,73918,96241,89097,32003
3152709,Prados,31,Minas Gerais,MG,3,Sudeste,9048,657,0.63,264,34.26,3261,2.76,206967,0.03,14718,192249,33967,58840,60299,39144
3152808,Prata,31,Minas Gerais,MG,3,Sudeste,28342,2540,0.79,4848,5.85,10439,2.7,1135260,0.17,89788,1045472,332910,172551,402882,137129
3152907,Pratápolis,31,Minas Gerais,MG,3,Sudeste,8406,-401,-0.39,216,39,3312,2.53,181787,0.03,9312,172475,45187,19716,64838,42734
3153004,Pratinha,31,Minas Gerais,MG,3,Sudeste,3559,294,0.72,622,5.72,1355,2.63,123091,0.02,10043,113048,61332,6026,23933,21757
3153103,Presidente Bernardes,31,Minas Gerais,MG,3,Sudeste,4850,-687,-1.1,237,20.48,1778,2.72,58459,0.01,2136,56324,10782,2724,16454,26364
3153202,Presidente Juscelino,31,Minas Gerais,MG,3,Sudeste,3465,-443,-1,696,4.98,1315,2.63,53757,0.01,4450,49306,10164,7761,10814,20567
3153301,Presidente Kubitschek,31,Minas Gerais,MG,3,Sudeste,3071,112,0.31,189,16.23,972,3.16,32908,0,1093,31815,2078,853,9569,19316
3153400,Presidente Olegário,31,Minas Gerais,MG,3,Sudeste,18765,68,0.03,3504,5.36,7318,2.54,564311,0.08,29927,534384,241903,34468,163332,94683
3153509,Alto Jequitibá,31,Minas Gerais,MG,3,Sudeste,8397,79,0.08,152,55.14,3249,2.57,111323,0.02,5023,106300,29646,5835,35746,35074
3153608,Prudente de Morais,31,Minas Gerais,MG,3,Sudeste,11466,1893,1.52,124,92.33,3961,2.89,175547,0.03,20218,155329,2680,31728,72684,48236
3153707,Quartel Geral,31,Minas Gerais,MG,3,Sudeste,3179,-124,-0.32,556,5.71,1302,2.43,67552,0.01,2855,64697,23228,2780,17026,21663
3153806,Queluzito,31,Minas Gerais,MG,3,Sudeste,1770,-91,-0.42,154,11.53,678,2.61,37865,0.01,1215,36650,10596,1163,9998,14892
3153905,Raposos,31,Minas Gerais,MG,3,Sudeste,16279,937,0.5,72,225.38,5594,2.91,256068,0.04,7379,248689,337,97053,79824,71475
3154002,Raul Soares,31,Minas Gerais,MG,3,Sudeste,23423,-395,-0.14,763,30.68,8894,2.62,360220,0.05,24510,335710,54343,25652,157105,98610
3154101,Recreio,31,Minas Gerais,MG,3,Sudeste,11007,708,0.56,234,46.98,3896,2.82,110441,0.02,5064,105377,9325,3062,43268,49721
3154150,Reduto,31,Minas Gerais,MG,3,Sudeste,7848,1279,1.49,152,51.68,2790,2.81,106537,0.02,3642,102894,16203,18049,35079,33564
3154200,Resende Costa,31,Minas Gerais,MG,3,Sudeste,11230,317,0.24,618,18.16,4264,2.61,192618,0.03,10761,181858,42375,17634,72779,49069
3154309,Resplendor,31,Minas Gerais,MG,3,Sudeste,17226,137,0.07,1082,15.92,6604,2.6,251648,0.04,15284,236363,21043,14015,118198,83108
3154408,Ressaquinha,31,Minas Gerais,MG,3,Sudeste,4548,-82,-0.15,183,24.84,1640,2.76,278317,0.04,30183,248134,25891,127682,66932,27629
3154457,Riachinho,31,Minas Gerais,MG,3,Sudeste,6863,-1144,-1.28,1719,3.99,2576,2.66,135710,0.02,4379,131331,51329,4234,37243,38526
3154507,Riacho dos Machados,31,Minas Gerais,MG,3,Sudeste,8756,-604,-0.55,1316,6.66,2761,3.17,445446,0.07,21046,424400,58005,243379,77332,45683
3154606,Ribeirão das Neves,31,Minas Gerais,MG,3,Sudeste,329794,33058,0.88,155,2126.26,113092,2.85,4430122,0.65,568144,3861978,4024,523179,2044057,1290717
3154705,Ribeirão Vermelho,31,Minas Gerais,MG,3,Sudeste,4080,254,0.54,49,82.84,1470,2.78,112985,0.02,12075,100910,3888,5852,69255,21915
3154804,Rio Acima,31,Minas Gerais,MG,3,Sudeste,10261,1174,1.02,228,44.93,3646,2.81,242434,0.04,9210,233225,637,81541,85433,65614
3154903,Rio Casca,31,Minas Gerais,MG,3,Sudeste,12789,-1412,-0.87,384,33.27,4686,2.72,219619,0.03,13240,206380,27149,11061,103960,64211
3155009,Rio Doce,31,Minas Gerais,MG,3,Sudeste,2484,19,0.06,112,22.16,921,2.7,49221,0.01,4815,44406,3949,5724,13245,21488
3155108,Rio do Prado,31,Minas Gerais,MG,3,Sudeste,4639,-578,-0.97,480,9.67,1731,2.68,50430,0.01,1940,48490,4556,1101,16347,26486
3155207,Rio Espera,31,Minas Gerais,MG,3,Sudeste,5429,-641,-0.93,239,22.75,2064,2.61,53939,0.01,1574,52365,10867,1702,15398,24398
3155306,Rio Manso,31,Minas Gerais,MG,3,Sudeste,5568,292,0.45,232,24.05,2177,2.56,102717,0.02,7670,95048,15679,7957,42979,28433
3155405,Rio Novo,31,Minas Gerais,MG,3,Sudeste,8518,-194,-0.19,209,40.7,3115,2.68,117072,0.02,7005,110067,8062,9829,51675,40500
3155504,Rio Paranaíba,31,Minas Gerais,MG,3,Sudeste,14532,2647,1.69,1352,10.75,5619,2.57,744246,0.11,36090,708156,394810,43705,197625,72016
3155603,Rio Pardo de Minas,31,Minas Gerais,MG,3,Sudeste,28271,-828,-0.24,3118,9.07,9260,3.04,285388,0.04,10513,274875,51321,9574,83447,130534
3155702,Rio Piracicaba,31,Minas Gerais,MG,3,Sudeste,14631,482,0.28,373,39.22,5281,2.76,862892,0.13,18608,844284,20742,535755,216517,71270
3155801,Rio Pomba,31,Minas Gerais,MG,3,Sudeste,17443,333,0.16,252,69.1,6773,2.55,401518,0.06,40134,361384,16536,82000,185922,76927
3155900,Rio Preto,31,Minas Gerais,MG,3,Sudeste,5141,-151,-0.24,348,14.77,2034,2.51,69644,0.01,3205,66439,5809,5807,27322,27501
3156007,Rio Vermelho,31,Minas Gerais,MG,3,Sudeste,12638,-1007,-0.64,987,12.81,4343,2.9,124667,0.02,4775,119892,23970,3497,40078,52347
3156106,Ritápolis,31,Minas Gerais,MG,3,Sudeste,4994,69,0.12,405,12.34,1984,2.52,80682,0.01,3378,77304,19697,11686,23042,22880
3156205,Rochedo de Minas,31,Minas Gerais,MG,3,Sudeste,2291,175,0.66,79,28.85,836,2.74,110895,0.02,11984,98911,2593,52144,28269,15904
3156304,Rodeiro,31,Minas Gerais,MG,3,Sudeste,8664,1797,1.96,73,119.22,3081,2.8,459425,0.07,51227,408198,40888,238667,90599,38045
3156403,Romaria,31,Minas Gerais,MG,3,Sudeste,3386,-210,-0.5,408,8.31,1207,2.8,172484,0.03,5546,166938,98995,12943,33214,21787
3156452,Rosário da Limeira,31,Minas Gerais,MG,3,Sudeste,4734,487,0.91,111,42.59,1888,2.5,53341,0.01,2260,51082,6108,2855,15841,26278
3156502,Rubelita,31,Minas Gerais,MG,3,Sudeste,5679,-2093,-2.58,1110,5.11,2120,2.68,60984,0.01,2008,58976,8827,6232,14666,29251
3156601,Rubim,31,Minas Gerais,MG,3,Sudeste,10298,379,0.31,965,10.67,3395,3.02,101725,0.01,3388,98337,9959,3691,34055,50631
3156700,Sabará,31,Minas Gerais,MG,3,Sudeste,129372,2988,0.19,302,427.74,45808,2.82,3153826,0.46,316489,2837337,3003,961327,1303177,569829
3156809,Sabinópolis,31,Minas Gerais,MG,3,Sudeste,14240,-1464,-0.81,920,15.48,5199,2.74,203336,0.03,10392,192944,41076,7081,77444,67342
3156908,Sacramento,31,Minas Gerais,MG,3,Sudeste,26670,2774,0.92,3073,8.68,9701,2.73,1610552,0.24,140211,1470341,443452,293989,578500,154400
3157005,Salinas,31,Minas Gerais,MG,3,Sudeste,40178,1053,0.22,1862,21.58,14892,2.69,599091,0.09,49036,550055,22072,54121,293545,180318
3157104,Salto da Divisa,31,Minas Gerais,MG,3,Sudeste,6110,-749,-0.96,938,6.51,2106,2.9,102254,0.01,4176,98078,11646,19709,30559,36164
3157203,Santa Bárbara,31,Minas Gerais,MG,3,Sudeste,30466,2389,0.68,685,44.51,10596,2.87,1101703,0.16,58618,1043085,19031,491751,379683,152619
3157252,Santa Bárbara do Leste,31,Minas Gerais,MG,3,Sudeste,8458,776,0.81,107,78.75,3066,2.75,97361,0.01,4941,92421,17861,4283,33072,37204
3157278,Santa Bárbara do Monte Verde,31,Minas Gerais,MG,3,Sudeste,3095,307,0.87,418,7.41,1209,2.56,50959,0.01,1340,49619,18930,1327,10762,18600
3157302,Santa Bárbara do Tugúrio,31,Minas Gerais,MG,3,Sudeste,4208,-362,-0.69,195,21.63,1565,2.69,67671,0.01,4628,63043,8617,2933,28869,22624
3157336,Santa Cruz de Minas,31,Minas Gerais,MG,3,Sudeste,8109,244,0.25,4,2274.61,2944,2.75,89344,0.01,6007,83337,66,6049,40019,37203
3157377,Santa Cruz de Salinas,31,Minas Gerais,MG,3,Sudeste,3910,-487,-0.97,590,6.63,1455,2.68,44407,0.01,2159,42248,3515,1100,14769,22864
3157401,Santa Cruz do Escalvado,31,Minas Gerais,MG,3,Sudeste,4673,-319,-0.55,259,18.06,1724,2.71,58003,0.01,2678,55325,10752,4836,13231,26505
3157500,Santa Efigênia de Minas,31,Minas Gerais,MG,3,Sudeste,4039,-561,-1.08,132,30.61,1470,2.74,46524,0.01,1355,45169,6816,1687,13718,22947
3157609,Santa Fé de Minas,31,Minas Gerais,MG,3,Sudeste,3522,-446,-0.99,2917,1.21,1236,2.85,49233,0.01,2062,47171,11865,1827,11566,21912
3157658,Santa Helena de Minas,31,Minas Gerais,MG,3,Sudeste,5938,-117,-0.16,276,21.48,1925,3.08,54360,0.01,1444,52916,6935,1155,14830,29996
3157708,Santa Juliana,31,Minas Gerais,MG,3,Sudeste,15734,4397,2.77,724,21.74,5379,2.91,698110,0.1,61988,636123,179462,166077,220730,69854
3157807,Santa Luzia,31,Minas Gerais,MG,3,Sudeste,218805,16204,0.64,235,930.27,75791,2.88,4520294,0.66,555156,3965137,3537,1336184,1712996,912419
3157906,Santa Margarida,31,Minas Gerais,MG,3,Sudeste,16395,1384,0.74,256,64.11,5565,2.94,305770,0.04,10415,295355,139408,10880,77270,67798
3158003,Santa Maria de Itabira,31,Minas Gerais,MG,3,Sudeste,10491,-61,-0.05,597,17.56,3435,3.04,188956,0.03,16175,172780,15341,23449,83546,50444
3158102,Santa Maria do Salto,31,Minas Gerais,MG,3,Sudeste,4755,-529,-0.88,441,10.79,1786,2.66,46965,0.01,1346,45618,3715,1312,13748,26844
3158201,Santa Maria do Suaçuí,31,Minas Gerais,MG,3,Sudeste,12788,-1607,-0.98,624,20.49,4558,2.78,155365,0.02,7187,148178,16439,6679,64137,60923
3158300,Santana da Vargem,31,Minas Gerais,MG,3,Sudeste,6639,-592,-0.71,172,38.5,2327,2.85,158906,0.02,10797,148109,39596,12837,60209,35467
3158409,Santana de Cataguases,31,Minas Gerais,MG,3,Sudeste,3489,-133,-0.31,161,21.61,1326,2.63,45787,0.01,1640,44147,5650,2196,14340,21961
3158508,Santana de Pirapama,31,Minas Gerais,MG,3,Sudeste,7030,-979,-1.08,1256,5.6,2770,2.53,103746,0.02,5247,98499,35562,5535,24433,32968
3158607,Santana do Deserto,31,Minas Gerais,MG,3,Sudeste,3747,-113,-0.25,183,20.51,1326,2.82,45029,0.01,1644,43385,3564,1701,14889,23231
3158706,Santana do Garambéu,31,Minas Gerais,MG,3,Sudeste,2137,-97,-0.37,203,10.52,779,2.74,35301,0.01,1126,34175,6900,826,9303,17147
3158805,Santana do Jacaré,31,Minas Gerais,MG,3,Sudeste,4214,-393,-0.74,106,39.69,1625,2.58,95789,0.01,7117,88672,8650,21899,33536,24587
3158904,Santana do Manhuaçu,31,Minas Gerais,MG,3,Sudeste,8987,405,0.39,347,25.87,3160,2.84,141272,0.02,8189,133083,45801,7353,42061,37868
3158953,Santana do Paraíso,31,Minas Gerais,MG,3,Sudeste,44800,17535,4.23,276,162.28,16720,2.68,776863,0.11,85736,691127,5903,226289,308428,150508
3159001,Santana do Riacho,31,Minas Gerais,MG,3,Sudeste,5313,1290,2.34,677,7.85,1956,2.71,89879,0.01,6572,83307,2561,5727,50242,24776
3159100,Santana dos Montes,31,Minas Gerais,MG,3,Sudeste,3469,-353,-0.8,197,17.65,1304,2.66,45514,0.01,1378,44137,5466,2318,13853,22499
3159209,Santa Rita de Caldas,31,Minas Gerais,MG,3,Sudeste,8460,-567,-0.54,503,16.82,3356,2.51,184442,0.03,12395,172047,41275,28557,60429,41787
3159308,Santa Rita de Jacutinga,31,Minas Gerais,MG,3,Sudeste,4755,-238,-0.41,421,11.3,1905,2.49,66998,0.01,3207,63791,10894,2103,25516,25279
3159357,Santa Rita de Minas,31,Minas Gerais,MG,3,Sudeste,6773,226,0.28,68,99.38,2498,2.7,125125,0.02,10598,114528,11968,26809,40710,35041
3159407,Santa Rita de Ibitipoca,31,Minas Gerais,MG,3,Sudeste,3301,-282,-0.68,324,10.18,1200,2.75,63901,0.01,4794,59107,16309,2287,19439,21072
3159506,Santa Rita do Itueto,31,Minas Gerais,MG,3,Sudeste,5826,129,0.19,485,12.01,2203,2.64,122569,0.02,4555,118014,52977,10390,25923,28724
3159605,Santa Rita do Sapucaí,31,Minas Gerais,MG,3,Sudeste,40635,2881,0.61,353,115.12,14172,2.85,1661271,0.24,360224,1301047,49009,454381,608209,189448
3159704,Santa Rosa da Serra,31,Minas Gerais,MG,3,Sudeste,3382,158,0.4,284,11.89,1206,2.8,74378,0.01,2230,72148,27912,5106,17894,21237
3159803,Santa Vitória,31,Minas Gerais,MG,3,Sudeste,20973,2835,1.22,2998,6.99,8276,2.52,696307,0.1,53025,643282,161907,98521,231134,151720
3159902,Santo Antônio do Amparo,31,Minas Gerais,MG,3,Sudeste,17285,-60,-0.03,489,35.36,5993,2.87,319587,0.05,26480,293107,57399,18673,134993,82042
3160009,Santo Antônio do Aventureiro,31,Minas Gerais,MG,3,Sudeste,3769,231,0.53,202,18.66,1455,2.59,55995,0.01,1765,54231,14234,2667,17556,19774
3160108,Santo Antônio do Grama,31,Minas Gerais,MG,3,Sudeste,4229,144,0.29,130,32.48,1498,2.82,79404,0.01,15226,64178,8536,12925,19004,23713
3160207,Santo Antônio do Itambé,31,Minas Gerais,MG,3,Sudeste,3915,-220,-0.45,306,12.81,1340,2.92,43386,0.01,1343,42042,8045,1265,10868,21864
3160306,Santo Antônio do Jacinto,31,Minas Gerais,MG,3,Sudeste,10327,-1448,-1.09,504,20.5,3782,2.73,101070,0.01,3747,97324,8622,4416,33195,51091
3160405,Santo Antônio do Monte,31,Minas Gerais,MG,3,Sudeste,27295,1320,0.41,1126,24.25,10148,2.68,697245,0.1,36904,660341,247698,47430,245612,119601
3160454,Santo Antônio do Retiro,31,Minas Gerais,MG,3,Sudeste,6629,-326,-0.4,796,8.32,2202,3.01,61758,0.01,1811,59947,4142,2543,16562,36701
3160504,Santo Antônio do Rio Abaixo,31,Minas Gerais,MG,3,Sudeste,1808,31,0.14,107,16.85,651,2.78,27933,0,889,27044,4011,711,8259,14064
3160603,Santo Hipólito,31,Minas Gerais,MG,3,Sudeste,2717,-521,-1.45,431,6.31,1107,2.44,43864,0.01,1619,42245,9693,1958,11806,18787
3160702,Santos Dumont,31,Minas Gerais,MG,3,Sudeste,42406,-3878,-0.73,637,66.53,15930,2.65,1023161,0.15,163829,859332,16972,247370,401342,193649
3160801,São Bento Abade,31,Minas Gerais,MG,3,Sudeste,4713,136,0.24,80,58.62,1593,2.95,77968,0.01,3108,74860,21486,4145,22534,26695
3160900,São Brás do Suaçuí,31,Minas Gerais,MG,3,Sudeste,3989,476,1.06,110,36.26,1491,2.67,69139,0.01,4127,65012,2915,3258,32893,25947
3160959,São Domingos das Dores,31,Minas Gerais,MG,3,Sudeste,5626,218,0.33,61,92.43,1944,2.89,79077,0.01,6375,72702,10786,3188,29194,29533
3161007,São Domingos do Prata,31,Minas Gerais,MG,3,Sudeste,17392,35,0.02,744,23.38,6639,2.6,285838,0.04,25970,259868,29518,31633,121260,77457
3161056,São Félix de Minas,31,Minas Gerais,MG,3,Sudeste,3200,-182,-0.46,163,19.69,1250,2.56,43034,0.01,1658,41376,4444,2915,12860,21157
3161106,São Francisco,31,Minas Gerais,MG,3,Sudeste,52762,-1066,-0.17,3308,15.95,16489,3.19,585639,0.09,33552,552087,56912,35981,232196,226997
3161205,São Francisco de Paula,31,Minas Gerais,MG,3,Sudeste,6187,-296,-0.39,317,19.53,2288,2.7,110715,0.02,7523,103192,22857,4942,45220,30172
3161304,São Francisco de Sales,31,Minas Gerais,MG,3,Sudeste,5732,-44,-0.06,1129,5.08,2309,2.48,156351,0.02,6988,149363,60784,8305,44824,35451
3161403,São Francisco do Glória,31,Minas Gerais,MG,3,Sudeste,4800,-378,-0.63,165,29.16,1798,2.67,67119,0.01,3880,63239,12615,4171,21960,24492
3161502,São Geraldo,31,Minas Gerais,MG,3,Sudeste,10282,19,0.02,186,55.41,3943,2.6,241994,0.04,26084,215910,13919,86609,62264,53118
3161601,São Geraldo da Piedade,31,Minas Gerais,MG,3,Sudeste,3305,-1084,-2.34,152,21.7,1259,2.62,40163,0.01,1336,38827,5020,922,12457,20428
3161650,São Geraldo do Baixio,31,Minas Gerais,MG,3,Sudeste,3143,-343,-0.86,281,11.19,1280,2.45,48088,0.01,1641,46447,6214,3071,14436,22727
3161700,São Gonçalo do Abaeté,31,Minas Gerais,MG,3,Sudeste,7375,-187,-0.21,2693,2.74,2691,2.73,258169,0.04,19280,238889,82827,18889,97470,39704
3161809,São Gonçalo do Pará,31,Minas Gerais,MG,3,Sudeste,11770,1372,1.04,266,44.29,4319,2.71,226305,0.03,22378,203926,22883,50465,73675,56904
3161908,São Gonçalo do Rio Abaixo,31,Minas Gerais,MG,3,Sudeste,11850,2073,1.62,364,32.57,3946,2.97,2479097,0.36,86704,2392393,10943,1590268,608765,182418
3162005,São Gonçalo do Sapucaí,31,Minas Gerais,MG,3,Sudeste,23959,53,0.02,517,46.37,8358,2.86,776302,0.11,86388,689914,91215,144043,341178,113478
3162104,São Gotardo,31,Minas Gerais,MG,3,Sudeste,40910,9091,2.12,866,47.24,14386,2.83,982067,0.14,103960,878107,103029,96164,518225,160689
3162203,São João Batista do Glória,31,Minas Gerais,MG,3,Sudeste,7652,765,0.88,548,13.97,2808,2.71,200729,0.03,9801,190928,73229,19173,54177,44350
3162252,São João da Lagoa,31,Minas Gerais,MG,3,Sudeste,4822,166,0.29,998,4.83,1848,2.6,54760,0.01,2151,52609,11897,1397,13094,26221
3162302,São João da Mata,31,Minas Gerais,MG,3,Sudeste,2914,183,0.54,121,24.18,1144,2.54,50204,0.01,2133,48070,13047,1576,15551,17896
3162401,São João da Ponte,31,Minas Gerais,MG,3,Sudeste,23930,-1428,-0.48,1851,12.93,7897,3.02,255429,0.04,18399,237030,26152,9124,90920,110835
3162450,São João das Missões,31,Minas Gerais,MG,3,Sudeste,13024,1309,0.89,678,19.2,3600,3.62,89974,0.01,2979,86995,5952,2499,19968,58577
3162500,São João del Rei,31,Minas Gerais,MG,3,Sudeste,90225,5756,0.55,1452,62.14,34506,2.59,2503100,0.37,271958,2231142,187797,414173,1240898,388274
3162559,São João do Manhuaçu,31,Minas Gerais,MG,3,Sudeste,11246,1001,0.78,143,78.59,3922,2.87,151514,0.02,8575,142939,35107,7329,51609,48894
3162575,São João do Manteninha,31,Minas Gerais,MG,3,Sudeste,5331,143,0.23,138,38.65,2119,2.49,73063,0.01,3808,69256,5834,8364,27087,27971
3162609,São João do Oriente,31,Minas Gerais,MG,3,Sudeste,7070,-804,-0.89,120,58.86,2774,2.55,100830,0.01,5919,94911,8661,17026,34047,35177
3162658,São João do Pacuí,31,Minas Gerais,MG,3,Sudeste,3971,-89,-0.18,416,9.55,1437,2.76,40138,0.01,1038,39100,5839,1107,8849,23305
3162708,São João do Paraíso,31,Minas Gerais,MG,3,Sudeste,23910,1591,0.58,1926,12.42,7694,3.11,252544,0.04,12210,240335,45068,14790,78904,101572
3162807,São João Evangelista,31,Minas Gerais,MG,3,Sudeste,15315,-238,-0.13,478,32.03,5619,2.7,219641,0.03,14200,205441,29205,14660,96621,64956
3162906,São João Nepomuceno,31,Minas Gerais,MG,3,Sudeste,25565,508,0.17,407,62.75,9840,2.58,430489,0.06,26785,403704,15489,71404,203181,113631
3162922,São Joaquim de Bicas,31,Minas Gerais,MG,3,Sudeste,34348,8811,2.5,72,478.66,10617,2.94,707856,0.1,93722,614134,38959,213186,211395,150594
3162948,São José da Barra,31,Minas Gerais,MG,3,Sudeste,7793,1015,1.17,308,25.28,2759,2.82,810302,0.12,10560,799742,57589,639212,61824,41118
3162955,São José da Lapa,31,Minas Gerais,MG,3,Sudeste,26015,6216,2.3,48,542.77,8950,2.9,562225,0.08,76673,485552,8906,187878,176427,112341
3163003,São José da Safira,31,Minas Gerais,MG,3,Sudeste,3806,-269,-0.57,214,17.79,1318,2.89,40247,0.01,1758,38490,2488,1542,13428,21031
3163102,São José da Varginha,31,Minas Gerais,MG,3,Sudeste,4536,338,0.65,206,22.07,1739,2.61,107046,0.02,4813,102233,52611,2190,21622,25810
3163201,São José do Alegre,31,Minas Gerais,MG,3,Sudeste,4133,137,0.28,89,46.55,1510,2.73,52082,0.01,3053,49029,5322,2908,19664,21134
3163300,São José do Divino,31,Minas Gerais,MG,3,Sudeste,3464,-370,-0.84,329,10.54,1296,2.67,45615,0.01,1290,44325,8175,1234,14192,20724
3163409,São José do Goiabal,31,Minas Gerais,MG,3,Sudeste,5396,-240,-0.36,190,28.46,1982,2.72,61151,0.01,2066,59086,9322,2474,19102,28188
3163508,São José do Jacuri,31,Minas Gerais,MG,3,Sudeste,6197,-356,-0.46,345,17.95,2211,2.8,95899,0.01,5486,90413,16400,19348,23765,30899
3163607,São José do Mantimento,31,Minas Gerais,MG,3,Sudeste,2753,161,0.5,55,50.33,1001,2.73,39592,0.01,1036,38556,6978,1550,10698,19331
3163706,São Lourenço,31,Minas Gerais,MG,3,Sudeste,44798,3141,0.61,58,772.13,17098,2.59,1044967,0.15,89056,955911,2157,70527,652270,230958
3163805,São Miguel do Anta,31,Minas Gerais,MG,3,Sudeste,6334,-426,-0.54,152,41.64,2276,2.78,94680,0.01,4059,90622,23254,5774,26013,35581
3163904,São Pedro da União,31,Minas Gerais,MG,3,Sudeste,4885,-155,-0.26,261,18.73,1908,2.54,109589,0.02,5060,104528,42373,5305,31574,25277
3164001,São Pedro dos Ferros,31,Minas Gerais,MG,3,Sudeste,7166,-1190,-1.27,403,17.79,2635,2.71,123203,0.02,8897,114307,18502,18848,41724,35232
3164100,São Pedro do Suaçuí,31,Minas Gerais,MG,3,Sudeste,5103,-467,-0.73,308,16.56,1849,2.75,78549,0.01,5094,73456,9204,13228,25732,25292
3164209,São Romão,31,Minas Gerais,MG,3,Sudeste,10315,39,0.03,2434,4.24,2956,3.48,168471,0.02,7556,160915,58598,8513,39068,54737
3164308,São Roque de Minas,31,Minas Gerais,MG,3,Sudeste,7129,443,0.54,2099,3.4,2730,2.59,277863,0.04,21393,256470,103414,35405,81112,36539
3164407,São Sebastião da Bela Vista,31,Minas Gerais,MG,3,Sudeste,6387,1439,2.15,167,38.15,2229,2.84,392460,0.06,75004,317457,15258,67611,202170,32417
3164431,São Sebastião da Vargem Alegre,31,Minas Gerais,MG,3,Sudeste,3113,315,0.89,74,42.28,1177,2.64,53098,0.01,1557,51541,7852,9610,14105,19973
3164472,São Sebastião do Anta,31,Minas Gerais,MG,3,Sudeste,6194,455,0.64,81,76.83,2274,2.72,82435,0.01,3916,78519,14071,4292,27390,32766
3164506,São Sebastião do Maranhão,31,Minas Gerais,MG,3,Sudeste,10079,-568,-0.46,518,19.46,3347,3,92984,0.01,3830,89155,16813,2967,27851,41524
3164605,São Sebastião do Oeste,31,Minas Gerais,MG,3,Sudeste,8815,3010,3.54,408,21.6,3095,2.84,599416,0.09,72730,526686,73421,274731,141020,37515
3164704,São Sebastião do Paraíso,31,Minas Gerais,MG,3,Sudeste,71796,6816,0.83,815,88.1,26679,2.67,2066404,0.3,247866,1818538,129740,389878,963435,335484
3164803,São Sebastião do Rio Preto,31,Minas Gerais,MG,3,Sudeste,1259,-354,-2.04,128,9.84,474,2.66,23463,0,538,22925,3649,612,5860,12804
3164902,São Sebastião do Rio Verde,31,Minas Gerais,MG,3,Sudeste,2300,190,0.72,91,25.32,881,2.58,34649,0.01,1360,33289,4976,2618,10922,14772
3165008,São Tiago,31,Minas Gerais,MG,3,Sudeste,11192,631,0.48,572,19.55,4128,2.71,206655,0.03,13229,193426,53814,24818,67439,47355
3165107,São Tomás de Aquino,31,Minas Gerais,MG,3,Sudeste,6740,-353,-0.42,278,24.25,2444,2.75,166097,0.02,7856,158241,62508,9573,49727,36433
3165206,São Tomé das Letras,31,Minas Gerais,MG,3,Sudeste,6904,249,0.31,370,18.67,2790,2.44,113354,0.02,5690,107664,26300,6805,41611,32949
3165305,São Vicente de Minas,31,Minas Gerais,MG,3,Sudeste,6804,-204,-0.25,393,17.33,2502,2.69,182180,0.03,15156,167024,40197,30714,59573,36540
3165404,Sapucaí-Mirim,31,Minas Gerais,MG,3,Sudeste,6311,70,0.09,285,22.14,2323,2.71,109550,0.02,7054,102497,11250,12373,46617,32256
3165503,Sardoá,31,Minas Gerais,MG,3,Sudeste,5104,-490,-0.76,142,35.97,1861,2.74,64095,0.01,2898,61198,6522,2770,21475,30431
3165537,Sarzedo,31,Minas Gerais,MG,3,Sudeste,36844,11030,3.01,62,592.98,12670,2.9,1168386,0.17,125313,1043073,2420,505568,367201,167885
3165552,Setubinha,31,Minas Gerais,MG,3,Sudeste,9917,-968,-0.77,535,18.55,2971,3.34,103551,0.02,2694,100857,28702,2081,21574,48499
3165560,Sem-Peixe,31,Minas Gerais,MG,3,Sudeste,2433,-414,-1.3,177,13.77,962,2.53,33584,0,1082,32502,5754,2488,8961,15299
3165578,Senador Amaral,31,Minas Gerais,MG,3,Sudeste,6206,987,1.45,151,41.07,2091,2.96,76931,0.01,3627,73304,13906,3497,27494,28406
3165602,Senador Cortes,31,Minas Gerais,MG,3,Sudeste,2240,252,1,98,22.78,801,2.8,35018,0.01,1859,33160,4334,3470,10982,14373
3165701,Senador Firmino,31,Minas Gerais,MG,3,Sudeste,7716,486,0.54,166,46.34,2914,2.63,100414,0.01,5669,94745,7600,9384,41395,36365
3165800,Senador José Bento,31,Minas Gerais,MG,3,Sudeste,2068,200,0.85,94,22.03,792,2.61,28434,0,793,27641,7555,946,7429,11711
3165909,Senador Modestino Gonçalves,31,Minas Gerais,MG,3,Sudeste,4008,-566,-1.09,952,4.21,1501,2.66,86627,0.01,2034,84593,44207,3625,14300,22461
3166006,Senhora de Oliveira,31,Minas Gerais,MG,3,Sudeste,5483,-200,-0.3,171,32.11,2018,2.71,74939,0.01,2960,71979,13356,1960,29355,27309
3166105,Senhora do Porto,31,Minas Gerais,MG,3,Sudeste,3067,-430,-1.09,381,8.04,1114,2.75,40533,0.01,1025,39508,9398,1885,9084,19141
3166204,Senhora dos Remédios,31,Minas Gerais,MG,3,Sudeste,10384,188,0.15,238,43.66,3720,2.79,101648,0.01,3667,97982,15050,9654,29546,43732
3166303,Sericita,31,Minas Gerais,MG,3,Sudeste,7345,217,0.25,166,44.24,2577,2.85,113569,0.02,3354,110214,43259,7802,27076,32076
3166402,Seritinga,31,Minas Gerais,MG,3,Sudeste,1819,30,0.14,115,15.85,693,2.62,42469,0.01,2329,40140,8836,4024,13225,14055
3166501,Serra Azul de Minas,31,Minas Gerais,MG,3,Sudeste,3792,-428,-0.89,219,17.35,1251,3.03,38462,0.01,1044,37418,5228,1371,9118,21701
3166600,Serra da Saudade,31,Minas Gerais,MG,3,Sudeste,833,18,0.18,336,2.48,337,2.46,21055,0,555,20500,5970,908,4249,9373
3166709,Serra dos Aimorés,31,Minas Gerais,MG,3,Sudeste,6944,-1468,-1.59,214,32.51,2675,2.59,81457,0.01,3734,77723,9754,3780,26801,37387
3166808,Serra do Salitre,31,Minas Gerais,MG,3,Sudeste,11801,1252,0.94,1295,9.11,4018,2.93,608894,0.09,25085,583809,271047,104070,142591,66102
3166907,Serrania,31,Minas Gerais,MG,3,Sudeste,7621,79,0.09,209,36.42,2743,2.77,143795,0.02,9234,134561,29001,22468,48829,34263
3166956,Serranópolis de Minas,31,Minas Gerais,MG,3,Sudeste,4399,-26,-0.05,552,7.97,1526,2.88,40309,0.01,1127,39182,4728,1630,8294,24530
3167004,Serranos,31,Minas Gerais,MG,3,Sudeste,1990,-5,-0.02,213,9.34,753,2.63,32728,0,881,31847,10404,735,8339,12369
3167103,Serro,31,Minas Gerais,MG,3,Sudeste,21952,1117,0.44,1218,18.03,7317,2.97,271969,0.04,17113,254856,25002,10749,127218,91888
3167202,Sete Lagoas,31,Minas Gerais,MG,3,Sudeste,227360,13139,0.5,537,423.45,81931,2.76,9250195,1.35,1538163,7712032,30007,2675875,3812085,1194065
3167301,Silveirânia,31,Minas Gerais,MG,3,Sudeste,2323,131,0.48,157,14.75,898,2.57,32338,0,935,31403,5718,1267,9033,15386
3167400,Silvianópolis,31,Minas Gerais,MG,3,Sudeste,6179,152,0.21,312,19.79,2438,2.52,132786,0.02,7533,125253,31264,21669,42103,30217
3167509,Simão Pereira,31,Minas Gerais,MG,3,Sudeste,2947,410,1.26,136,21.72,1073,2.75,103644,0.02,3170,100473,3931,61206,15686,19651
3167608,Simonésia,31,Minas Gerais,MG,3,Sudeste,19750,1452,0.64,487,40.59,7016,2.8,246323,0.04,14583,231740,55647,9614,83760,82719
3167707,Sobrália,31,Minas Gerais,MG,3,Sudeste,5137,-693,-1.05,207,24.84,2010,2.56,60387,0.01,1712,58675,8065,2208,19907,28495
3167806,Soledade de Minas,31,Minas Gerais,MG,3,Sudeste,5613,-63,-0.09,197,28.51,2121,2.64,73626,0.01,2628,70998,14172,4080,23453,29294
3167905,Tabuleiro,31,Minas Gerais,MG,3,Sudeste,4014,-65,-0.13,211,19.02,1554,2.58,62893,0.01,4431,58462,6270,9497,22602,20092
3168002,Taiobeiras,31,Minas Gerais,MG,3,Sudeste,33050,2080,0.54,1220,27.09,11732,2.8,506131,0.07,32914,473217,51623,39422,228803,153370
3168051,Taparuba,31,Minas Gerais,MG,3,Sudeste,3387,250,0.64,193,17.54,1314,2.58,44211,0.01,1579,42632,9779,1781,11435,19637
3168101,Tapira,31,Minas Gerais,MG,3,Sudeste,4118,6,0.01,1179,3.49,1435,2.87,594223,0.09,58107,536116,93011,300842,99180,43082
3168200,Tapiraí,31,Minas Gerais,MG,3,Sudeste,1690,-183,-0.85,408,4.14,657,2.57,48817,0.01,1024,47793,23667,1586,8688,13851
3168309,Taquaraçu de Minas,31,Minas Gerais,MG,3,Sudeste,4224,430,0.9,329,12.83,1593,2.65,58730,0.01,3229,55500,5976,4166,20968,24390
3168408,Tarumirim,31,Minas Gerais,MG,3,Sudeste,14709,416,0.24,732,20.1,5230,2.8,166851,0.02,7364,159487,21323,7730,66143,64291
3168507,Teixeiras,31,Minas Gerais,MG,3,Sudeste,12255,900,0.64,167,73.5,4736,2.58,161628,0.02,8060,153568,21379,15885,64619,51685
3168606,Teófilo Otoni,31,Minas Gerais,MG,3,Sudeste,137418,2673,0.16,3242,42.38,49858,2.73,2800905,0.41,237363,2563542,72372,367744,1514124,609303
3168705,Timóteo,31,Minas Gerais,MG,3,Sudeste,81579,336,0.03,144,565.03,30026,2.71,3640419,0.53,526547,3113872,1061,1321308,1376685,414818
3168804,Tiradentes,31,Minas Gerais,MG,3,Sudeste,7744,783,0.89,83,93.25,2866,2.67,170089,0.02,9561,160528,5676,16309,97354,41188
3168903,Tiros,31,Minas Gerais,MG,3,Sudeste,7883,977,1.11,2092,3.77,3107,2.53,291108,0.04,23861,267248,103533,46512,81541,35661
3169000,Tocantins,31,Minas Gerais,MG,3,Sudeste,16185,362,0.19,174,93.09,6154,2.62,307419,0.05,26140,281280,34033,37548,136451,73248
3169059,Tocos do Moji,31,Minas Gerais,MG,3,Sudeste,3826,-124,-0.27,115,33.36,1470,2.6,61319,0.01,2489,58830,17810,2581,16997,21442
3169109,Toledo,31,Minas Gerais,MG,3,Sudeste,7214,1450,1.89,137,52.74,2599,2.75,82580,0.01,5526,77055,9174,7005,30830,30047
3169208,Tombos,31,Minas Gerais,MG,3,Sudeste,8609,-928,-0.85,285,30.19,3297,2.6,113907,0.02,6447,107460,14331,4285,51275,37570
3169307,Três Corações,31,Minas Gerais,MG,3,Sudeste,75485,2720,0.31,828,91.16,26358,2.82,2609378,0.38,347943,2261435,230300,608099,1068297,354740
3169356,Três Marias,31,Minas Gerais,MG,3,Sudeste,28895,577,0.17,2678,10.79,10782,2.67,2954764,0.43,406592,2548172,82708,1597059,694817,173588
3169406,Três Pontas,31,Minas Gerais,MG,3,Sudeste,55259,1399,0.21,690,80.11,19289,2.85,1558268,0.23,189192,1369076,147670,255770,706159,259476
3169505,Tumiritinga,31,Minas Gerais,MG,3,Sudeste,5886,-407,-0.56,500,11.77,2259,2.61,71918,0.01,2721,69197,12290,3414,21241,32252
3169604,Tupaciguara,31,Minas Gerais,MG,3,Sudeste,25470,1282,0.43,1823,13.98,9774,2.58,851770,0.12,70703,781067,183746,150838,309179,137304
3169703,Turmalina,31,Minas Gerais,MG,3,Sudeste,20000,1945,0.86,1153,17.34,7436,2.68,422188,0.06,25991,396197,141618,28617,136093,89870
3169802,Turvolândia,31,Minas Gerais,MG,3,Sudeste,4935,277,0.48,221,22.33,1798,2.72,114629,0.02,5383,109247,44850,6864,30765,26767
3169901,Ubá,31,Minas Gerais,MG,3,Sudeste,103365,1846,0.15,407,253.69,39042,2.64,3299471,0.48,360458,2939013,26642,1081169,1380551,450651
3170008,Ubaí,31,Minas Gerais,MG,3,Sudeste,11708,27,0.02,821,14.27,3598,3.25,104940,0.02,3921,101019,10904,4037,32138,53939
3170057,Ubaporanga,31,Minas Gerais,MG,3,Sudeste,13017,977,0.65,189,68.86,4666,2.79,152274,0.02,7849,144426,24689,10042,53365,56329
3170107,Uberaba,31,Minas Gerais,MG,3,Sudeste,337846,41858,1.11,4524,74.68,127353,2.64,17190845,2.52,2460679,14730166,872927,5051889,7196264,1609085
3170206,Uberlândia,31,Minas Gerais,MG,3,Sudeste,713232,109219,1.39,4115,173.32,268014,2.65,37631537,5.51,8378969,29252568,705877,8395040,17143965,3007686
3170305,Umburatiba,31,Minas Gerais,MG,3,Sudeste,2684,-21,-0.06,406,6.61,1040,2.58,48319,0.01,1346,46973,18447,2042,9405,17079
3170404,Unaí,31,Minas Gerais,MG,3,Sudeste,86619,9062,0.93,8445,10.26,31515,2.71,3323472,0.49,281627,3041845,1030634,275309,1299428,436474
3170438,União de Minas,31,Minas Gerais,MG,3,Sudeste,3828,-590,-1.19,1147,3.34,1509,2.53,116586,0.02,4224,112362,55000,6227,25529,25606
3170479,Uruana de Minas,31,Minas Gerais,MG,3,Sudeste,3282,39,0.1,598,5.49,1266,2.59,66872,0.01,2356,64516,22910,2091,17322,22193
3170503,Urucânia,31,Minas Gerais,MG,3,Sudeste,10600,309,0.25,139,76.37,3566,2.96,241654,0.04,20200,221455,36726,70669,67966,46093
3170529,Urucuia,31,Minas Gerais,MG,3,Sudeste,17479,3875,2.11,2077,8.42,4173,4.18,154626,0.02,6402,148224,34321,5385,35869,72649
3170578,Vargem Alegre,31,Minas Gerais,MG,3,Sudeste,5780,-681,-0.92,117,49.54,2207,2.62,68575,0.01,4012,64562,3419,3524,26067,31552
3170602,Vargem Bonita,31,Minas Gerais,MG,3,Sudeste,2158,-5,-0.02,410,5.26,876,2.46,61377,0.01,2252,59125,23033,3012,16333,16747
3170651,Vargem Grande do Rio Pardo,31,Minas Gerais,MG,3,Sudeste,4633,-100,-0.18,492,9.43,1419,3.26,59074,0.01,1517,57557,14990,3898,12779,25890
3170701,Varginha,31,Minas Gerais,MG,3,Sudeste,136467,13386,0.86,395,345.14,49488,2.75,6255981,0.92,1271243,4984738,68725,1116500,3146401,653112
3170750,Varjão de Minas,31,Minas Gerais,MG,3,Sudeste,6969,1035,1.35,652,10.7,2478,2.81,207757,0.03,7086,200671,101599,16327,46624,36121
3170800,Várzea da Palma,31,Minas Gerais,MG,3,Sudeste,33744,-2065,-0.49,2220,15.2,12988,2.58,893883,0.13,140847,753036,79956,236955,261479,174647
3170909,Varzelândia,31,Minas Gerais,MG,3,Sudeste,18840,-276,-0.12,815,23.12,6295,2.99,174473,0.03,9343,165129,6606,6853,68971,82700
3171006,Vazante,31,Minas Gerais,MG,3,Sudeste,19975,252,0.11,1913,10.44,7548,2.64,889476,0.13,90363,799113,198475,250919,251299,98420
3171030,Verdelândia,31,Minas Gerais,MG,3,Sudeste,7672,-674,-0.7,1571,4.88,2516,3.04,94900,0.01,3667,91233,26944,3889,17994,42405
3171071,Veredinha,31,Minas Gerais,MG,3,Sudeste,5181,-368,-0.57,632,8.2,1917,2.7,121046,0.02,2882,118165,55243,15493,19374,28055
3171105,Veríssimo,31,Minas Gerais,MG,3,Sudeste,3411,-72,-0.17,1032,3.31,1379,2.45,130676,0.02,3610,127066,71799,5381,24547,25338
3171154,Vermelho Novo,31,Minas Gerais,MG,3,Sudeste,4899,210,0.37,115,42.51,1798,2.72,51182,0.01,1435,49747,12478,1469,12063,23736
3171204,Vespasiano,31,Minas Gerais,MG,3,Sudeste,129246,24730,1.79,71,1819.34,45984,2.81,2709078,0.4,430017,2279060,827,705887,989793,582554
3171303,Viçosa,31,Minas Gerais,MG,3,Sudeste,76430,4210,0.47,299,255.26,29055,2.62,1784080,0.26,153060,1631020,23187,197163,1031207,379463
3171402,Vieiras,31,Minas Gerais,MG,3,Sudeste,3700,-31,-0.07,113,32.83,1418,2.6,47754,0.01,1375,46378,12055,1961,11763,20599
3171501,Mathias Lobato,31,Minas Gerais,MG,3,Sudeste,3038,-332,-0.86,172,17.63,1097,2.76,42205,0.01,1980,40225,4143,1865,13224,20993
3171600,Virgem da Lapa,31,Minas Gerais,MG,3,Sudeste,11804,-1815,-1.18,869,13.58,4327,2.72,124081,0.02,6060,118021,7193,6059,45275,59494
3171709,Virgínia,31,Minas Gerais,MG,3,Sudeste,8908,285,0.27,327,27.28,3297,2.68,163185,0.02,5448,157737,51078,5225,63553,37880
3171808,Virginópolis,31,Minas Gerais,MG,3,Sudeste,10314,-258,-0.21,440,23.45,3742,2.75,162889,0.02,9803,153086,22568,5386,76617,48515
3171907,Virgolândia,31,Minas Gerais,MG,3,Sudeste,4552,-1106,-1.8,281,16.2,1785,2.54,54959,0.01,1657,53302,9055,1985,15426,26836
3172004,Visconde do Rio Branco,31,Minas Gerais,MG,3,Sudeste,39160,1218,0.26,243,160.92,14770,2.65,1300845,0.19,144934,1155911,12936,484837,467187,190951
3172103,Volta Grande,31,Minas Gerais,MG,3,Sudeste,4443,-627,-1.09,206,21.61,1672,2.66,126531,0.02,16682,109849,9693,21987,47729,30440
3172202,Wenceslau Braz,31,Minas Gerais,MG,3,Sudeste,2356,-197,-0.67,102,22.99,867,2.7,30567,0,1266,29301,4882,3044,7317,14057
3200102,Afonso Cláudio,32,Espirito Santo,ES,3,Sudeste,30684,-407,-0.11,941,32.6,11496,2.66,498896,0.36,32388,466508,87893,46108,182359,150148
3200136,Águia Branca,32,Espirito Santo,ES,3,Sudeste,9711,192,0.17,454,21.37,3649,2.66,192510,0.14,17365,175144,41471,21082,62703,49888
3200169,Água Doce do Norte,32,Espirito Santo,ES,3,Sudeste,12042,271,0.19,474,25.42,4595,2.62,165981,0.12,8418,157563,25956,23584,47577,60445
3200201,Alegre,32,Espirito Santo,ES,3,Sudeste,29177,-1215,-0.34,757,38.55,11364,2.56,504636,0.36,25028,479609,52258,111180,187674,128496
3200300,Alfredo Chaves,32,Espirito Santo,ES,3,Sudeste,13836,-119,-0.07,616,22.47,5196,2.66,370237,0.27,32176,338061,69954,71860,119175,77072
3200359,Alto Rio Novo,32,Espirito Santo,ES,3,Sudeste,7434,117,0.13,228,32.66,2865,2.59,97264,0.07,3794,93470,19274,4722,27004,42469
3200409,Anchieta,32,Espirito Santo,ES,3,Sudeste,29984,6082,1.91,410,73.19,11037,2.71,1032718,0.75,81152,951566,30178,340869,340577,239942
3200508,Apiacá,32,Espirito Santo,ES,3,Sudeste,7223,-289,-0.33,194,37.24,2746,2.63,104180,0.08,8317,95863,15516,5851,34404,40092
3200607,Aracruz,32,Espirito Santo,ES,3,Sudeste,94765,12933,1.23,1420,66.72,32774,2.88,4480770,3.24,658010,3822760,57873,2003305,1223863,537719
3200706,Atílio Vivácqua,32,Espirito Santo,ES,3,Sudeste,10540,405,0.33,233,45.26,3844,2.74,316548,0.23,57697,258851,14234,84831,92634,67153
3200805,Baixo Guandu,32,Espirito Santo,ES,3,Sudeste,30674,1593,0.45,909,33.74,11404,2.68,861495,0.62,46902,814594,35260,404689,219234,155411
3200904,Barra de São Francisco,32,Espirito Santo,ES,3,Sudeste,42498,1849,0.37,945,44.99,16054,2.63,1006164,0.73,97170,908994,58146,292037,359396,199416
3201001,Boa Esperança,32,Espirito Santo,ES,3,Sudeste,13608,-591,-0.35,429,31.74,5039,2.69,230086,0.17,14715,215371,42119,14677,84502,74073
3201100,Bom Jesus do Norte,32,Espirito Santo,ES,3,Sudeste,10254,778,0.66,89,115.1,4013,2.54,181094,0.13,17818,163276,4622,25456,80806,52392
3201159,Brejetuba,32,Espirito Santo,ES,3,Sudeste,12985,1070,0.72,354,36.64,4535,2.86,261247,0.19,11236,250011,99469,22708,64199,63635
3201209,Cachoeiro de Itapemirim,32,Espirito Santo,ES,3,Sudeste,185784,-3762,-0.17,865,214.88,70982,2.6,5314337,3.84,648031,4666307,58413,1220942,2466135,920817
3201308,Cariacica,32,Espirito Santo,ES,3,Sudeste,353510,4772,0.11,280,1263.81,130117,2.71,10225382,7.39,2943913,7281468,16704,894239,4943539,1426986
3201407,Castelo,32,Espirito Santo,ES,3,Sudeste,36930,2183,0.51,664,55.66,14229,2.59,1097925,0.79,135465,962460,103951,276719,391970,189820
3201506,Colatina,32,Espirito Santo,ES,3,Sudeste,119992,8455,0.61,1398,85.82,45900,2.59,3819219,2.76,441847,3377372,91995,929993,1748800,606584
3201605,Conceição da Barra,32,Espirito Santo,ES,3,Sudeste,27458,-991,-0.3,1183,23.22,9557,2.84,511631,0.37,51985,459646,64681,71283,164886,158796
3201704,Conceição do Castelo,32,Espirito Santo,ES,3,Sudeste,11937,256,0.18,370,32.28,4466,2.67,241206,0.17,19480,221726,39618,23433,93292,65382
3201803,Divino de São Lourenço,32,Espirito Santo,ES,3,Sudeste,5083,567,0.99,174,29.21,1902,2.67,68906,0.05,3118,65788,18319,4406,17103,25960
3201902,Domingos Martins,32,Espirito Santo,ES,3,Sudeste,35416,3569,0.89,1229,28.81,13148,2.69,842386,0.61,57392,784993,154451,140953,328714,160875
3202009,Dores do Rio Preto,32,Espirito Santo,ES,3,Sudeste,6596,199,0.26,159,41.41,2485,2.65,165841,0.12,17481,148360,25866,20429,66570,35495
3202108,Ecoporanga,32,Espirito Santo,ES,3,Sudeste,21992,-1220,-0.45,2285,9.62,8612,2.54,361690,0.26,17155,344535,76411,45401,113271,109453
3202207,Fundão,32,Espirito Santo,ES,3,Sudeste,18014,989,0.47,287,62.8,6715,2.67,402656,0.29,41688,360968,27077,75837,148915,109140
3202256,Governador Lindenberg,32,Espirito Santo,ES,3,Sudeste,11009,140,0.11,360,30.58,3983,2.76,250529,0.18,16164,234364,58732,32576,78869,64187
3202306,Guaçuí,32,Espirito Santo,ES,3,Sudeste,29358,1507,0.44,468,62.71,10952,2.67,560717,0.41,39641,521076,51811,78145,252030,139090
3202405,Guarapari,32,Espirito Santo,ES,3,Sudeste,124656,19370,1.42,590,211.34,46731,2.65,2315194,1.67,208324,2106869,52178,292647,1199030,563014
3202454,Ibatiba,32,Espirito Santo,ES,3,Sudeste,25380,3014,1.06,240,105.63,9296,2.73,376593,0.27,26536,350057,54598,21265,157217,116976
3202504,Ibiraçu,32,Espirito Santo,ES,3,Sudeste,11713,535,0.39,201,58.2,4248,2.76,271346,0.2,26229,245116,18145,40758,122197,64017
3202553,Ibitirama,32,Espirito Santo,ES,3,Sudeste,9520,563,0.51,331,28.77,3389,2.81,156319,0.11,9842,146476,41171,6079,50115,49111
3202603,Iconha,32,Espirito Santo,ES,3,Sudeste,12326,-197,-0.13,204,60.56,4640,2.65,305544,0.22,59201,246344,29572,16664,125753,74354
3202652,Irupi,32,Espirito Santo,ES,3,Sudeste,13710,1987,1.31,185,74.19,5025,2.72,256667,0.19,15773,240895,81282,11592,81116,66905
3202702,Itaguaçu,32,Espirito Santo,ES,3,Sudeste,13589,-545,-0.33,535,25.4,5263,2.58,276313,0.2,14188,262125,81153,17251,91977,71744
3202801,Itapemirim,32,Espirito Santo,ES,3,Sudeste,39832,9064,2.17,551,72.33,14039,2.83,3244133,2.34,84057,3160075,90338,1886850,827913,354975
3202900,Itarana,32,Espirito Santo,ES,3,Sudeste,10597,-284,-0.22,295,35.9,3913,2.71,216568,0.16,12831,203737,38450,38119,73720,53448
3203007,Iúna,32,Espirito Santo,ES,3,Sudeste,28590,1262,0.38,461,62.07,10716,2.67,531478,0.38,43173,488305,106087,23081,228630,130507
3203056,Jaguaré,32,Espirito Santo,ES,3,Sudeste,28931,4253,1.33,660,43.85,10251,2.82,651010,0.47,42326,608683,98644,136316,212250,161473
3203106,Jerônimo Monteiro,32,Espirito Santo,ES,3,Sudeste,11575,320,0.23,177,65.27,4367,2.64,149303,0.11,8614,140689,20485,8239,55281,56684
3203130,João Neiva,32,Espirito Santo,ES,3,Sudeste,14079,-1730,-0.96,285,49.45,5158,2.73,383415,0.28,64266,319149,13868,65670,164025,75587
3203163,Laranja da Terra,32,Espirito Santo,ES,3,Sudeste,11094,268,0.2,458,24.2,4210,2.63,156096,0.11,9172,146924,40350,9520,41477,55577
3203205,Linhares,32,Espirito Santo,ES,3,Sudeste,166786,25645,1.4,3496,47.7,58662,2.81,6672826,4.82,1004028,5668798,275560,2191805,2283670,917763
3203304,Mantenópolis,32,Espirito Santo,ES,3,Sudeste,12770,-842,-0.53,321,39.73,4988,2.55,169360,0.12,7135,162225,31540,9912,48413,72360
3203320,Marataízes,32,Espirito Santo,ES,3,Sudeste,41929,7789,1.73,130,321.87,14966,2.79,3622212,2.62,76311,3545901,96717,2205607,943178,300398
3203346,Marechal Floriano,32,Espirito Santo,ES,3,Sudeste,17641,3379,1.79,285,61.79,6607,2.67,493761,0.36,52934,440827,99702,62824,188692,89609
3203353,Marilândia,32,Espirito Santo,ES,3,Sudeste,12202,844,0.6,328,37.24,4641,2.63,225558,0.16,17240,208318,26640,23970,90715,66993
3203403,Mimoso do Sul,32,Espirito Santo,ES,3,Sudeste,24475,-1427,-0.47,869,28.15,9435,2.58,489973,0.35,40516,449457,72693,74484,186646,115633
3203502,Montanha,32,Espirito Santo,ES,3,Sudeste,18900,1051,0.48,1099,17.2,7017,2.69,367560,0.27,33643,333918,63908,38031,137585,94393
3203601,Mucurici,32,Espirito Santo,ES,3,Sudeste,5466,-189,-0.28,541,10.11,2119,2.58,87581,0.06,2630,84951,27666,4541,18684,34061
3203700,Muniz Freire,32,Espirito Santo,ES,3,Sudeste,18153,-244,-0.11,679,26.74,6712,2.7,343559,0.25,22065,321493,98035,23558,106966,92934
3203809,Muqui,32,Espirito Santo,ES,3,Sudeste,13745,-651,-0.38,327,42,5050,2.71,202485,0.15,12759,189726,22740,9706,86780,70501
3203908,Nova Venécia,32,Espirito Santo,ES,3,Sudeste,49065,3034,0.53,1440,34.08,18589,2.63,1208271,0.87,122118,1086154,102178,191914,557995,234067
3204005,Pancas,32,Espirito Santo,ES,3,Sudeste,18893,-2655,-1.09,838,22.55,7140,2.64,279585,0.2,12679,266906,60117,15880,86078,104831
3204054,Pedro Canário,32,Espirito Santo,ES,3,Sudeste,21522,-2272,-0.83,433,49.65,7801,2.76,348669,0.25,17380,331289,36627,62804,112174,119684
3204104,Pinheiros,32,Espirito Santo,ES,3,Sudeste,23915,20,0.01,973,24.58,8538,2.79,682309,0.49,93426,588883,103589,101034,245445,138814
3204203,Piúma,32,Espirito Santo,ES,3,Sudeste,22300,4190,1.75,74,301.16,8500,2.62,585408,0.42,33299,552109,13801,226407,189884,122018
3204252,Ponto Belo,32,Espirito Santo,ES,3,Sudeste,6497,-482,-0.59,360,18.04,2486,2.6,93979,0.07,3836,90143,17757,5092,26865,40429
3204302,Presidente Kennedy,32,Espirito Santo,ES,3,Sudeste,13696,3149,2.2,595,23.02,5115,2.67,3514594,2.54,49050,3465545,69244,2368609,865802,161890
3204351,Rio Bananal,32,Espirito Santo,ES,3,Sudeste,19273,1743,0.79,642,30.02,6922,2.78,426834,0.31,32024,394810,118970,37833,131096,106912
3204401,Rio Novo do Sul,32,Espirito Santo,ES,3,Sudeste,11069,-256,-0.19,204,54.14,4130,2.68,205780,0.15,20991,184790,18656,38151,69820,58162
3204500,Santa Leopoldina,32,Espirito Santo,ES,3,Sudeste,13106,915,0.6,718,18.25,4954,2.65,281608,0.2,8179,273429,97737,65017,54805,55870
3204559,Santa Maria de Jetibá,32,Espirito Santo,ES,3,Sudeste,41636,7439,1.65,735,56.63,14711,2.83,1520558,1.1,102053,1418505,711120,95398,396841,215146
3204609,Santa Teresa,32,Espirito Santo,ES,3,Sudeste,22808,957,0.36,683,33.39,8667,2.63,492689,0.36,37416,455273,82779,39584,217898,115012
3204658,São Domingos do Norte,32,Espirito Santo,ES,3,Sudeste,8589,588,0.59,299,28.77,3096,2.69,257245,0.19,30555,226690,32072,89799,57592,47227
3204708,São Gabriel da Palha,32,Espirito Santo,ES,3,Sudeste,32252,393,0.1,435,74.16,12624,2.55,677047,0.49,52494,624553,64521,102593,290245,167194
3204807,São José do Calçado,32,Espirito Santo,ES,3,Sudeste,10878,470,0.37,273,39.77,4265,2.54,173038,0.12,9432,163606,18581,31868,62272,50885
3204906,São Mateus,32,Espirito Santo,ES,3,Sudeste,123750,14557,1.05,2346,52.75,45225,2.71,2573913,1.86,267586,2306327,221875,365161,1097222,622070
3204955,São Roque do Canaã,32,Espirito Santo,ES,3,Sudeste,10886,-387,-0.29,342,31.84,4095,2.66,207932,0.15,15423,192509,41760,20731,72982,57037
3205002,Serra,32,Espirito Santo,ES,3,Sudeste,520649,103319,1.86,548,950.73,191935,2.7,25079657,18.12,6145832,18933825,24068,5466585,11196709,2246463
3205010,Sooretama,32,Espirito Santo,ES,3,Sudeste,26502,2659,0.88,587,45.15,9185,2.88,543169,0.39,57371,485798,74963,101077,159028,150730
3205036,Vargem Alta,32,Espirito Santo,ES,3,Sudeste,19563,375,0.16,418,46.83,7122,2.74,366570,0.26,36109,330461,38939,79346,115967,96208
3205069,Venda Nova do Imigrante,32,Espirito Santo,ES,3,Sudeste,23831,3384,1.28,186,128.19,8902,2.68,645060,0.47,71189,573871,60151,89952,301499,122269
3205101,Viana,32,Espirito Santo,ES,3,Sudeste,73423,8422,1.02,312,235.12,25552,2.76,3619150,2.61,958759,2660391,20989,455933,1848295,335173
3205150,Vila Pavão,32,Espirito Santo,ES,3,Sudeste,8911,239,0.23,433,20.57,3341,2.66,150319,0.11,7896,142423,32131,22360,40169,47763
3205176,Vila Valério,32,Espirito Santo,ES,3,Sudeste,13728,-102,-0.06,470,29.19,4930,2.78,316623,0.23,19844,296778,101196,19374,102514,73694
3205200,Vila Velha,32,Espirito Santo,ES,3,Sudeste,467722,53136,1.01,210,2224.86,177116,2.59,12590915,9.09,2223900,10367015,18117,1688547,6670715,1989636
3205309,Vitória,32,Espirito Santo,ES,3,Sudeste,322869,3131,0.08,97,3324.33,128617,2.51,25473898,18.4,5717593,19756306,17610,5181982,12642034,1914680
3300100,Angra dos Reis,33,Rio De Janeiro,RJ,3,Sudeste,167418,-2093,-0.1,813,205.82,62126,2.69,10728194,1.42,592314,10135880,57804,3526087,4826696,1725294
3300159,Aperibé,33,Rio De Janeiro,RJ,3,Sudeste,11034,821,0.65,95,116.71,4334,2.54,223202,0.03,18797,204405,8002,15379,75674,105349
3300209,Araruama,33,Rio De Janeiro,RJ,3,Sudeste,129669,17441,1.21,638,203.16,48145,2.68,3528684,0.47,277832,3250852,42201,701122,1471751,1035778
3300225,Areal,33,Rio De Janeiro,RJ,3,Sudeste,11828,405,0.29,111,106.82,4231,2.79,389603,0.05,61568,328035,3289,85921,118750,120075
3300233,Armação dos Búzios,33,Rio De Janeiro,RJ,3,Sudeste,40006,12446,3.15,71,563.65,14920,2.67,2084042,0.28,99951,1984091,11466,594318,986950,391358
3300258,Arraial do Cabo,33,Rio De Janeiro,RJ,3,Sudeste,30986,3490,1,152,203.71,11542,2.68,1832831,0.24,65534,1767297,21594,830013,601850,313840
3300308,Barra do Piraí,33,Rio De Janeiro,RJ,3,Sudeste,92883,-1925,-0.17,585,158.88,34992,2.65,2468776,0.33,252740,2216036,35226,348163,1116057,716589
3300407,Barra Mansa,33,Rio De Janeiro,RJ,3,Sudeste,169899,-7048,-0.34,547,310.53,62890,2.7,5904171,0.78,585289,5318883,56780,810275,3101318,1350510
3300456,Belford Roxo,33,Rio De Janeiro,RJ,3,Sudeste,483087,2600,0.04,79,6116.19,180893,2.67,8763589,1.16,864144,7899446,3524,1267254,3213362,3415306
3300506,Bom Jardim,33,Rio De Janeiro,RJ,3,Sudeste,28102,2769,0.87,382,73.48,10878,2.58,867102,0.12,151321,715781,97939,134728,268398,214716
3300605,Bom Jesus do Itabapoana,33,Rio De Janeiro,RJ,3,Sudeste,35173,-212,-0.05,597,58.95,13384,2.62,869561,0.12,107538,762023,48012,86047,346137,281827
3300704,Cabo Frio,33,Rio De Janeiro,RJ,3,Sudeste,221987,35723,1.47,413,536.92,81949,2.7,9337320,1.24,421399,8915921,47616,3024443,3863003,1980858
3300803,Cachoeiras de Macacu,33,Rio De Janeiro,RJ,3,Sudeste,56943,2535,0.38,955,59.64,22265,2.56,1215378,0.16,140599,1074779,62972,222185,350142,439480
3300902,Cambuci,33,Rio De Janeiro,RJ,3,Sudeste,14616,-512,-0.29,558,26.18,5799,2.52,405064,0.05,86509,318554,62774,38005,90420,127354
3300936,Carapebus,33,Rio De Janeiro,RJ,3,Sudeste,13847,517,0.32,305,45.42,5034,2.75,439224,0.06,23002,416222,9569,106170,111138,189345
3300951,Comendador Levy Gasparian,33,Rio De Janeiro,RJ,3,Sudeste,8741,487,0.48,109,80.46,3015,2.89,487367,0.06,45801,441566,4863,224519,128290,83893
3301009,Campos dos Goytacazes,33,Rio De Janeiro,RJ,3,Sudeste,483551,19485,0.34,4032,119.91,175724,2.74,23841837,3.16,1231583,22610254,243709,9224679,9251665,3890201
3301108,Cantagalo,33,Rio De Janeiro,RJ,3,Sudeste,19390,-440,-0.19,747,25.95,7289,2.65,758090,0.1,82913,675177,28643,273976,204582,167976
3301157,Cardoso Moreira,33,Rio De Janeiro,RJ,3,Sudeste,12958,358,0.23,523,24.8,4985,2.6,353565,0.05,45295,308270,20096,68420,102217,117537
3301207,Carmo,33,Rio De Janeiro,RJ,3,Sudeste,17198,-71,-0.03,306,56.25,6683,2.55,581508,0.08,76655,504853,22597,172126,154088,156042
3301306,Casimiro de Abreu,33,Rio De Janeiro,RJ,3,Sudeste,46110,10763,2.24,463,99.61,16907,2.72,1582461,0.21,70261,1512200,10635,560735,542913,397918
3301405,Conceição de Macabu,33,Rio De Janeiro,RJ,3,Sudeste,21104,-96,-0.04,338,62.39,7901,2.66,420654,0.06,39495,381159,15646,13013,155997,196502
3301504,Cordeiro,33,Rio De Janeiro,RJ,3,Sudeste,20783,353,0.14,113,183.84,7959,2.61,414414,0.05,26034,388380,6494,47085,164400,170401
3301603,Duas Barras,33,Rio De Janeiro,RJ,3,Sudeste,10980,50,0.04,380,28.92,4151,2.64,239119,0.03,39376,199743,24974,14562,56833,103374
3301702,Duque de Caxias,33,Rio De Janeiro,RJ,3,Sudeste,808152,-46936,-0.47,467,1729.34,298066,2.71,47153673,6.26,6660255,40493418,16458,12498227,21453464,6525269
3301801,Engenheiro Paulo de Frontin,33,Rio De Janeiro,RJ,3,Sudeste,12242,-838,-0.55,139,87.83,4791,2.55,272664,0.04,26943,245721,7664,25082,82905,130070
3301850,Guapimirim,33,Rio De Janeiro,RJ,3,Sudeste,51696,463,0.07,358,144.22,18498,2.79,1175110,0.16,96200,1078910,23315,126957,433384,495254
3301876,Iguaba Grande,33,Rio De Janeiro,RJ,3,Sudeste,27920,5072,1.68,51,547.7,10312,2.71,565931,0.08,29442,536489,2401,41407,235500,257182
3301900,Itaboraí,33,Rio De Janeiro,RJ,3,Sudeste,224267,6477,0.24,430,521.6,86584,2.59,5417934,0.72,582469,4835464,12209,675326,2379206,1768723
3302007,Itaguaí,33,Rio De Janeiro,RJ,3,Sudeste,116841,3150,0.23,283,413.44,42279,2.76,8836528,1.17,875118,7961410,16494,623476,6139220,1182220
3302056,Italva,33,Rio De Janeiro,RJ,3,Sudeste,14073,10,0.01,291,48.33,5598,2.51,390519,0.05,44029,346490,24939,72057,114936,134558
3302106,Itaocara,33,Rio De Janeiro,RJ,3,Sudeste,22919,20,0.01,433,52.91,9046,2.52,632251,0.08,94385,537866,59138,49661,241524,187543
3302205,Itaperuna,33,Rio De Janeiro,RJ,3,Sudeste,101041,5174,0.44,1107,91.3,38479,2.61,3317024,0.44,306905,3010119,68902,474728,1668029,798460
3302254,Itatiaia,33,Rio De Janeiro,RJ,3,Sudeste,30908,2125,0.6,241,128.23,11374,2.71,4588797,0.61,1493069,3095728,5941,1068943,1684783,336061
3302270,Japeri,33,Rio De Janeiro,RJ,3,Sudeste,96289,797,0.07,82,1178.61,32110,2.84,1459398,0.19,110815,1348583,7960,175653,425809,739161
3302304,Laje do Muriaé,33,Rio De Janeiro,RJ,3,Sudeste,7336,-151,-0.17,254,28.94,2728,2.69,166507,0.02,20077,146431,9533,22257,40215,74425
3302403,Macaé,33,Rio De Janeiro,RJ,3,Sudeste,246391,39638,1.47,1217,202.46,92716,2.65,15328853,2.03,2373392,12955461,61423,3765557,6147367,2981114
3302452,Macuco,33,Rio De Janeiro,RJ,3,Sudeste,5415,146,0.23,78,69.1,1940,2.79,198811,0.03,27759,171052,3836,39941,65991,61285
3302502,Magé,33,Rio De Janeiro,RJ,3,Sudeste,228127,460,0.02,391,583.78,82906,2.73,4442671,0.59,302228,4140443,58286,393988,1892795,1795373
3302601,Mangaratiba,33,Rio De Janeiro,RJ,3,Sudeste,41220,4610,0.99,368,112.13,15765,2.61,2650145,0.35,156897,2493248,21644,110924,1927010,433670
3302700,Maricá,33,Rio De Janeiro,RJ,3,Sudeste,197300,69903,3.71,362,545.67,73460,2.68,35618327,4.73,465227,35153100,15190,23696340,9797488,1644082
3302809,Mendes,33,Rio De Janeiro,RJ,3,Sudeste,17502,-433,-0.2,95,183.61,6917,2.52,366228,0.05,24004,342225,785,22885,154999,163556
3302858,Mesquita,33,Rio De Janeiro,RJ,3,Sudeste,167128,-1248,-0.06,41,4059.56,62611,2.66,2530788,0.34,121470,2409318,2846,132359,1143077,1131036
3302908,Miguel Pereira,33,Rio De Janeiro,RJ,3,Sudeste,26578,1932,0.63,288,92.31,10247,2.59,595789,0.08,40378,555412,6069,43864,282401,223078
3303005,Miracema,33,Rio De Janeiro,RJ,3,Sudeste,26881,38,0.01,303,88.64,9601,2.79,635712,0.08,65368,570344,20386,83469,242403,224087
3303104,Natividade,33,Rio De Janeiro,RJ,3,Sudeste,15074,-8,0,387,38.94,5691,2.64,322465,0.04,36388,286078,17518,18452,122995,127113
3303203,Nilópolis,33,Rio De Janeiro,RJ,3,Sudeste,146774,-10651,-0.58,19,7568.4,57005,2.57,2984861,0.4,177148,2807713,0,151590,1550268,1105855
3303302,Niterói,33,Rio De Janeiro,RJ,3,Sudeste,481758,-5804,-0.1,134,3601.74,194495,2.47,40949495,5.43,2735485,38214010,24769,16082118,17504714,4602409
3303401,Nova Friburgo,33,Rio De Janeiro,RJ,3,Sudeste,189937,7880,0.35,935,203.05,76596,2.47,5681581,0.75,559192,5122389,115475,537861,3031171,1437882
3303500,Nova Iguaçu,33,Rio De Janeiro,RJ,3,Sudeste,785882,780,0.01,521,1509.62,287621,2.73,17202970,2.28,1425014,15777957,8299,1437519,8723687,5608452
3303609,Paracambi,33,Rio De Janeiro,RJ,3,Sudeste,41375,-5906,-1.11,191,216.68,16107,2.55,1001699,0.13,89694,912005,3617,123065,416794,368529
3303708,Paraíba do Sul,33,Rio De Janeiro,RJ,3,Sudeste,42063,794,0.16,571,73.65,15203,2.76,1299253,0.17,212246,1087008,98021,179196,464988,344803
3303807,Paraty,33,Rio De Janeiro,RJ,3,Sudeste,44872,7339,1.5,924,48.55,16044,2.79,1732245,0.23,115375,1616870,37072,433271,744164,402364
3303856,Paty do Alferes,33,Rio De Janeiro,RJ,3,Sudeste,29619,3203,0.96,314,94.23,10881,2.72,639925,0.08,87750,552175,40234,52691,222180,237070
3303906,Petrópolis,33,Rio De Janeiro,RJ,3,Sudeste,278881,-16893,-0.49,791,352.5,108238,2.57,15390936,2.04,1752095,13638841,60153,4399418,6921078,2258193
3303955,Pinheiral,33,Rio De Janeiro,RJ,3,Sudeste,24298,1558,0.55,82,295.4,8814,2.75,777228,0.1,84966,692261,5049,231872,252630,202712
3304003,Piraí,33,Rio De Janeiro,RJ,3,Sudeste,27474,1260,0.39,490,56.04,10089,2.72,2612985,0.35,294774,2318212,19419,1513377,504375,281041
3304102,Porciúncula,33,Rio De Janeiro,RJ,3,Sudeste,17288,-149,-0.07,292,59.24,6421,2.68,415342,0.06,61136,354206,30313,34008,135390,154495
3304110,Porto Real,33,Rio De Janeiro,RJ,3,Sudeste,20373,3781,1.73,51,400.32,7187,2.83,2433185,0.32,757522,1675663,7169,766177,698762,203555
3304128,Quatis,33,Rio De Janeiro,RJ,3,Sudeste,13682,889,0.56,285,48.04,5035,2.71,308910,0.04,36799,272112,15605,15489,115828,125189
3304144,Queimados,33,Rio De Janeiro,RJ,3,Sudeste,140523,2561,0.15,76,1850.76,51217,2.74,3850874,0.51,418085,3432788,3040,612454,1745981,1071313
3304151,Quissamã,33,Rio De Janeiro,RJ,3,Sudeste,22393,2140,0.84,720,31.12,8099,2.76,3047888,0.4,72320,2975569,28610,1877081,781809,288069
3304201,Resende,33,Rio De Janeiro,RJ,3,Sudeste,129612,9843,0.66,1099,117.9,48207,2.67,8120384,1.08,1957006,6163378,45398,1698428,3325733,1093819
3304300,Rio Bonito,33,Rio De Janeiro,RJ,3,Sudeste,56276,700,0.1,459,122.48,21187,2.65,1729891,0.23,191987,1537905,25345,94523,922222,495814
3304409,Rio Claro,33,Rio De Janeiro,RJ,3,Sudeste,17401,-72,-0.03,847,20.55,6415,2.71,469772,0.06,105265,364508,71964,17673,103701,171170
3304508,Rio das Flores,33,Rio De Janeiro,RJ,3,Sudeste,8954,402,0.38,479,18.7,3122,2.87,275804,0.04,27968,247836,13244,82032,58259,94301
3304524,Rio das Ostras,33,Rio De Janeiro,RJ,3,Sudeste,156491,50811,3.33,228,686.23,59069,2.65,6341894,0.84,441710,5900184,11561,2249480,2307730,1331414
3304557,Rio de Janeiro,33,Rio De Janeiro,RJ,3,Sudeste,6211423,-109023,-0.14,1200,5174.77,2437059,2.53,331279902,43.95,59975014,271304888,105065,36666723,180098159,54434942
3304607,Santa Maria Madalena,33,Rio De Janeiro,RJ,3,Sudeste,10232,-89,-0.07,811,12.62,3989,2.56,212323,0.03,33910,178414,20742,7301,48625,101746
3304706,Santo Antônio de Pádua,33,Rio De Janeiro,RJ,3,Sudeste,41325,736,0.15,604,68.46,15817,2.6,1176973,0.16,134076,1042897,42964,200588,476665,322680
3304755,São Francisco de Itabapoana,33,Rio De Janeiro,RJ,3,Sudeste,45059,3705,0.72,1118,40.3,17278,2.61,1245840,0.17,300760,945080,250861,83031,269034,342155
3304805,São Fidélis,33,Rio De Janeiro,RJ,3,Sudeste,38939,1396,0.3,1035,37.63,14900,2.61,802787,0.11,90192,712596,46463,52467,305747,307919
3304904,São Gonçalo,33,Rio De Janeiro,RJ,3,Sudeste,896744,-102984,-0.9,248,3613.57,358103,2.5,19002883,2.52,1483675,17519208,75697,1677420,8601927,7164164
3305000,São João da Barra,33,Rio De Janeiro,RJ,3,Sudeste,36573,4161,1.01,452,80.84,14464,2.52,6462868,0.86,462606,6000262,52103,2148445,3402408,397306
3305109,São João de Meriti,33,Rio De Janeiro,RJ,3,Sudeste,440962,-17711,-0.33,35,12521.64,168771,2.61,9100466,1.21,739910,8360555,1409,450724,4748716,3159706
3305133,São José de Ubá,33,Rio De Janeiro,RJ,3,Sudeste,7070,368,0.45,250,28.32,2682,2.63,168874,0.02,29340,139535,20642,9327,41536,68030
3305158,São José do Vale do Rio Preto,33,Rio De Janeiro,RJ,3,Sudeste,22080,1829,0.72,220,100.28,8263,2.67,707233,0.09,185461,521772,139378,42548,151411,188436
3305208,São Pedro da Aldeia,33,Rio De Janeiro,RJ,3,Sudeste,104029,16209,1.42,332,312.88,38338,2.71,2591358,0.34,305118,2286241,37360,257174,1224539,767167
3305307,São Sebastião do Alto,33,Rio De Janeiro,RJ,3,Sudeste,7750,-1145,-1.14,397,19.51,2926,2.65,230750,0.03,45572,185178,34165,7220,45924,97867
3305406,Sapucaia,33,Rio De Janeiro,RJ,3,Sudeste,17729,50,0.02,541,32.79,6693,2.64,835833,0.11,176249,659584,43460,110263,347996,157866
3305505,Saquarema,33,Rio De Janeiro,RJ,3,Sudeste,89559,15266,1.57,352,254.34,34117,2.62,15156886,2.01,257612,14899274,19263,9664717,4452890,762405
3305554,Seropédica,33,Rio De Janeiro,RJ,3,Sudeste,80596,7133,0.78,265,303.92,29321,2.72,4631957,0.61,624543,4007414,17124,886968,2462351,640971
3305604,Silva Jardim,33,Rio De Janeiro,RJ,3,Sudeste,21352,3,0,938,22.77,7887,2.7,559967,0.07,70262,489706,39858,92667,139989,217192
3305703,Sumidouro,33,Rio De Janeiro,RJ,3,Sudeste,15206,295,0.16,413,36.78,5889,2.58,611190,0.08,192738,418452,166108,24452,90364,137527
3305752,Tanguá,33,Rio De Janeiro,RJ,3,Sudeste,31086,238,0.06,143,217.37,11548,2.69,620899,0.08,51708,569191,15244,42186,230363,281397
3305802,Teresópolis,33,Rio De Janeiro,RJ,3,Sudeste,165123,1377,0.07,773,213.52,64415,2.56,5766905,0.77,664153,5102752,323634,560873,2843880,1374365
3305901,Trajano de Moraes,33,Rio De Janeiro,RJ,3,Sudeste,10302,13,0.01,591,17.43,3895,2.63,230751,0.03,38316,192435,28102,8345,51653,104335
3306008,Três Rios,33,Rio De Janeiro,RJ,3,Sudeste,78346,1271,0.14,323,242.68,28427,2.75,5347738,0.71,704601,4643137,19553,2057324,1939492,626767
3306107,Valença,33,Rio De Janeiro,RJ,3,Sudeste,67753,-4069,-0.48,1301,52.09,25797,2.62,2249765,0.3,246140,2003625,51388,448581,940252,563404
3306156,Varre-Sai,33,Rio De Janeiro,RJ,3,Sudeste,10207,409,0.34,202,50.55,3627,2.81,247750,0.03,51474,196276,31726,13771,54014,96766
3306206,Vassouras,33,Rio De Janeiro,RJ,3,Sudeste,33976,-471,-0.11,536,63.38,12879,2.63,1282392,0.17,159134,1123258,31628,190227,587724,313679
3306305,Volta Redonda,33,Rio De Janeiro,RJ,3,Sudeste,261584,2915,0.09,182,1436.45,97994,2.67,11630417,1.54,1709147,9921270,6777,2635583,5199395,2079516
3500105,Adamantina,35,São Paulo,SP,3,Sudeste,34687,890,0.22,412,84.19,13583,2.54,1256562,0.05,93441,1163120,40458,177599,720693,224370
3500204,Adolfo,35,São Paulo,SP,3,Sudeste,4351,794,1.69,211,20.62,1650,2.64,136701,0.01,3816,132886,48342,20437,42621,21485
3500303,Aguaí,35,São Paulo,SP,3,Sudeste,32072,-76,-0.02,475,67.58,11480,2.79,1152443,0.05,169565,982879,111006,326585,394943,150345
3500402,Águas da Prata,35,São Paulo,SP,3,Sudeste,7369,-215,-0.24,143,51.65,2830,2.57,186768,0.01,11462,175306,21848,25164,94203,34092
3500501,Águas de Lindóia,35,São Paulo,SP,3,Sudeste,17829,563,0.27,60,296.53,6765,2.62,496877,0.02,30835,466042,7179,31526,314452,112886
3500550,Águas de Santa Bárbara,35,São Paulo,SP,3,Sudeste,7177,1576,2.09,404,17.74,2710,2.64,200526,0.01,10494,190033,64378,10048,76549,39058
3500600,Águas de São Pedro,35,São Paulo,SP,3,Sudeste,2780,73,0.22,4,769.66,1153,2.41,137976,0.01,6545,131432,0,12981,90980,27471
3500709,Agudos,35,São Paulo,SP,3,Sudeste,37680,3156,0.73,967,38.98,12936,2.89,2311348,0.1,331921,1979427,66101,950839,751746,210741
3500758,Alambari,35,São Paulo,SP,3,Sudeste,6141,1257,1.93,160,38.48,2139,2.87,121556,0.01,5431,116125,38017,9825,38905,29378
3500808,Alfredo Marcondes,35,São Paulo,SP,3,Sudeste,4445,554,1.12,119,37.38,1726,2.57,109885,0,26422,83463,7223,18486,33562,24192
3500907,Altair,35,São Paulo,SP,3,Sudeste,3451,-364,-0.83,313,11.03,1278,2.69,111679,0,9723,101956,43708,4876,25360,28012
3501004,Altinópolis,35,São Paulo,SP,3,Sudeste,16818,1211,0.62,929,18.1,6078,2.76,651335,0.03,32295,619040,254971,22954,266902,74213
3501103,Alto Alegre,35,São Paulo,SP,3,Sudeste,3841,-261,-0.55,319,12.06,1518,2.53,116812,0,5985,110826,38962,9421,36886,25557
3501152,Alumínio,35,São Paulo,SP,3,Sudeste,17301,462,0.23,84,206.9,5944,2.91,2251141,0.09,573717,1677424,1196,1003997,563557,108673
3501202,Álvares Florence,35,São Paulo,SP,3,Sudeste,3915,18,0.04,362,10.8,1533,2.54,112148,0,3171,108977,49100,4373,30705,24800
3501301,Álvares Machado,35,São Paulo,SP,3,Sudeste,27245,3732,1.24,348,78.37,9864,2.76,614915,0.03,76761,538154,27963,104469,297099,108623
3501400,Álvaro de Carvalho,35,São Paulo,SP,3,Sudeste,4808,158,0.28,154,31.29,1168,2.7,53333,0,1730,51603,8771,3237,17398,22196
3501509,Alvinlândia,35,São Paulo,SP,3,Sudeste,2885,-115,-0.33,85,33.99,1007,2.86,57585,0,1524,56061,15024,3319,16652,21065
3501608,Americana,35,São Paulo,SP,3,Sudeste,237247,26609,1,134,1771.66,89207,2.65,12078627,0.51,1581573,10497054,14753,3001626,6377660,1103015
3501707,Américo Brasiliense,35,São Paulo,SP,3,Sudeste,33019,-1459,-0.36,123,268.54,11411,2.88,1095799,0.05,103334,992464,19098,334186,450967,188213
3501806,Américo de Campos,35,São Paulo,SP,3,Sudeste,5870,164,0.24,253,23.21,2361,2.49,109145,0,3387,105758,27872,3795,42878,31213
3501905,Amparo,35,São Paulo,SP,3,Sudeste,68008,2179,0.27,445,152.72,24491,2.76,4616533,0.19,588686,4027847,96319,1832513,1746055,352961
3502002,Analândia,35,São Paulo,SP,3,Sudeste,4589,296,0.56,326,14.08,1679,2.73,195983,0.01,6743,189240,36528,56176,62656,33880
3502101,Andradina,35,São Paulo,SP,3,Sudeste,59783,4449,0.65,964,62,21911,2.64,2673256,0.11,217336,2455920,173301,779116,1214430,289074
3502200,Angatuba,35,São Paulo,SP,3,Sudeste,24022,1812,0.66,1027,23.38,8493,2.82,1320267,0.06,110009,1210257,159394,459418,468030,123415
3502309,Anhembi,35,São Paulo,SP,3,Sudeste,5674,21,0.03,737,7.7,2054,2.75,155148,0.01,9417,145731,46328,18735,42505,38164
3502408,Anhumas,35,São Paulo,SP,3,Sudeste,4023,285,0.61,321,12.54,1481,2.7,82952,0,2526,80426,26246,5879,24769,23532
3502507,Aparecida,35,São Paulo,SP,3,Sudeste,32569,-2438,-0.6,121,269.41,11364,2.85,984474,0.04,44978,939496,2590,40730,721073,175102
3502606,Aparecida d'Oeste,35,São Paulo,SP,3,Sudeste,4086,-364,-0.71,179,22.83,1616,2.51,155887,0.01,11457,144430,22420,46485,52568,22957
3502705,Apiaí,35,São Paulo,SP,3,Sudeste,24585,-606,-0.2,974,25.23,8822,2.78,719087,0.03,48634,670453,154165,174266,232845,109178
3502754,Araçariguama,35,São Paulo,SP,3,Sudeste,21522,4442,1.95,145,148.22,7399,2.9,3218902,0.14,704013,2514888,1722,810920,1569393,132853
3502804,Araçatuba,35,São Paulo,SP,3,Sudeste,200124,18545,0.81,1167,171.47,77774,2.57,8304184,0.35,797299,7506885,138511,1255282,5360533,752559
3502903,Araçoiaba da Serra,35,São Paulo,SP,3,Sudeste,32443,5144,1.45,255,127.08,11778,2.74,976126,0.04,94997,881130,31343,243870,448145,157772
3503000,Aramina,35,São Paulo,SP,3,Sudeste,5420,268,0.42,203,26.72,2002,2.7,155702,0.01,9130,146572,38132,4305,73962,30174
3503109,Arandu,35,São Paulo,SP,3,Sudeste,6885,762,0.98,286,24.08,2383,2.86,182646,0.01,5318,177328,85694,9173,49660,32801
3503158,Arapeí,35,São Paulo,SP,3,Sudeste,2330,-163,-0.56,157,14.85,885,2.63,39883,0,1262,38621,2482,1831,15901,18408
3503208,Araraquara,35,São Paulo,SP,3,Sudeste,242228,33566,1.25,1004,241.35,92512,2.6,10680813,0.45,1141776,9539037,116285,1838929,6384614,1199209
3503307,Araras,35,São Paulo,SP,3,Sudeste,130866,12023,0.81,645,202.95,47974,2.72,6474428,0.27,765577,5708850,146274,1485632,3482940,594004
3503356,Arco-Íris,35,São Paulo,SP,3,Sudeste,2044,119,0.5,265,7.72,733,2.79,84063,0,1778,82285,46395,4402,15669,15819
3503406,Arealva,35,São Paulo,SP,3,Sudeste,8130,289,0.3,506,16.06,3079,2.63,244288,0.01,9861,234427,85741,19482,88168,41035
3503505,Areias,35,São Paulo,SP,3,Sudeste,3577,-119,-0.27,305,11.72,1231,2.85,56804,0,1947,54857,7370,1648,20994,24845
3503604,Areiópolis,35,São Paulo,SP,3,Sudeste,10130,-449,-0.36,86,117.92,3400,2.97,147089,0.01,6507,140582,18842,10752,61437,49551
3503703,Ariranha,35,São Paulo,SP,3,Sudeste,7602,-945,-0.97,133,57.32,2874,2.64,968334,0.04,184776,783558,24100,182401,528527,48530
3503802,Artur Nogueira,35,São Paulo,SP,3,Sudeste,51456,7279,1.28,178,289.04,18150,2.83,1477690,0.06,179202,1298488,188297,230176,635824,244191
3503901,Arujá,35,São Paulo,SP,3,Sudeste,86678,11773,1.22,96,901.33,29348,2.95,7633056,0.32,1298608,6334448,43544,1020234,4840312,430358
3503950,Aspásia,35,São Paulo,SP,3,Sudeste,1842,33,0.15,69,26.55,679,2.71,40019,0,1220,38799,10240,2066,11978,14514
3504008,Assis,35,São Paulo,SP,3,Sudeste,101409,6265,0.53,461,220.16,38161,2.62,3734330,0.16,382740,3351590,60663,577999,2251898,461029
3504107,Atibaia,35,São Paulo,SP,3,Sudeste,158640,32037,1.9,479,331.52,56521,2.79,7412330,0.31,1214560,6197770,285052,1564960,3673275,674483
3504206,Auriflama,35,São Paulo,SP,3,Sudeste,13692,-510,-0.3,434,31.51,5393,2.53,325250,0.01,17069,308181,31914,29759,177582,68927
3504305,Avaí,35,São Paulo,SP,3,Sudeste,4483,-476,-0.84,541,8.29,1649,2.72,395873,0.02,9327,386546,261265,12565,81320,31396
3504404,Avanhandava,35,São Paulo,SP,3,Sudeste,11263,-47,-0.03,338,33.29,3539,2.82,491139,0.02,41027,450113,45237,201054,144435,59387
3504503,Avaré,35,São Paulo,SP,3,Sudeste,92805,9871,0.94,1213,76.51,33478,2.71,2818751,0.12,240503,2578248,157391,397728,1609908,413221
3504602,Bady Bassitt,35,São Paulo,SP,3,Sudeste,27260,12657,5.34,110,246.98,9958,2.74,466219,0.02,36995,429224,18008,75527,250723,84966
3504701,Balbinos,35,São Paulo,SP,3,Sudeste,3887,185,0.41,92,42.42,542,2.52,61962,0,1865,60097,14350,5138,13875,26734
3504800,Bálsamo,35,São Paulo,SP,3,Sudeste,9596,1436,1.36,150,64.02,3708,2.59,246986,0.01,19365,227621,34463,35889,114391,42878
3504909,Bananal,35,São Paulo,SP,3,Sudeste,9969,-254,-0.21,616,16.17,3710,2.68,203900,0.01,10905,192994,10674,34218,91744,56358
3505005,Barão de Antonina,35,São Paulo,SP,3,Sudeste,3531,415,1.05,153,23.06,1336,2.62,69024,0,1568,67457,23566,2756,20562,20573
3505104,Barbosa,35,São Paulo,SP,3,Sudeste,5640,-953,-1.29,205,27.48,2110,2.67,119432,0.01,5647,113785,24952,4145,52263,32426
3505203,Bariri,35,São Paulo,SP,3,Sudeste,31595,2,0,444,71.1,11749,2.68,1369294,0.06,160029,1209265,56624,347598,640475,164569
3505302,Barra Bonita,35,São Paulo,SP,3,Sudeste,34346,-900,-0.22,150,228.79,12894,2.66,1374944,0.06,128167,1246777,13289,388611,676391,168486
3505351,Barra do Chapéu,35,São Paulo,SP,3,Sudeste,5162,-82,-0.13,406,12.72,1873,2.76,143900,0.01,2989,140910,84069,5150,25733,25959
3505401,Barra do Turvo,35,São Paulo,SP,3,Sudeste,6875,-854,-0.97,1008,6.82,2575,2.67,109166,0,7811,101355,4408,5245,49039,42663
3505500,Barretos,35,São Paulo,SP,3,Sudeste,122485,10384,0.74,1566,78.21,46316,2.63,4989613,0.21,428150,4561463,230405,962208,2795445,573404
3505609,Barrinha,35,São Paulo,SP,3,Sudeste,32092,3596,1,146,219.77,11196,2.87,553730,0.02,33498,520233,27064,84544,255819,152805
3505708,Barueri,35,São Paulo,SP,3,Sudeste,316473,75724,2.31,66,4816.87,109460,2.89,51254572,2.16,11771575,39482997,421,4903200,32268423,2310953
3505807,Bastos,35,São Paulo,SP,3,Sudeste,21503,1058,0.42,171,125.81,7537,2.85,978296,0.04,55526,922769,409944,103889,304453,104484
3505906,Batatais,35,São Paulo,SP,3,Sudeste,58402,1926,0.28,850,68.75,21423,2.72,2085830,0.09,189187,1896643,204606,367890,1025042,299105
3506003,Bauru,35,São Paulo,SP,3,Sudeste,379146,35209,0.82,668,567.85,140033,2.65,15180212,0.64,1499721,13680491,50108,2425054,9710778,1494551
3506102,Bebedouro,35,São Paulo,SP,3,Sudeste,76373,1338,0.15,683,111.79,28032,2.72,3218916,0.14,422358,2796559,100647,330742,2010648,354522
3506201,Bento de Abreu,35,São Paulo,SP,3,Sudeste,2606,-68,-0.21,302,8.64,929,2.8,208535,0.01,17147,191387,42481,69971,55507,23429
3506300,Bernardino de Campos,35,São Paulo,SP,3,Sudeste,11607,832,0.62,244,47.54,3884,2.71,301522,0.01,25050,276472,31829,63736,124955,55952
3506359,Bertioga,35,São Paulo,SP,3,Sudeste,64188,16543,2.51,492,130.58,22728,2.82,1905000,0.08,107941,1797059,7488,141340,1220164,428066
3506409,Bilac,35,São Paulo,SP,3,Sudeste,7319,271,0.31,158,46.32,2798,2.6,267899,0.01,10418,257480,109049,9701,101670,37060
3506508,Birigui,35,São Paulo,SP,3,Sudeste,118979,10251,0.75,530,224.48,45368,2.61,3669343,0.15,348919,3320424,72687,593038,2125672,529028
3506607,Biritiba Mirim,35,São Paulo,SP,3,Sudeste,29676,1101,0.32,317,93.5,10435,2.84,995304,0.04,30229,965075,503358,46991,287476,127250
3506706,Boa Esperança do Sul,35,São Paulo,SP,3,Sudeste,12978,-667,-0.42,691,18.79,4655,2.78,362180,0.02,22110,340071,97433,30591,139173,72874
3506805,Bocaina,35,São Paulo,SP,3,Sudeste,11259,400,0.3,364,30.94,4079,2.75,236358,0.01,15520,220838,30017,27267,99977,63576
3506904,Bofete,35,São Paulo,SP,3,Sudeste,10460,842,0.7,654,16.01,3940,2.65,204906,0.01,11150,193756,30541,26707,83672,52835
3507001,Boituva,35,São Paulo,SP,3,Sudeste,61081,12767,1.97,249,245.35,21719,2.81,2985664,0.13,409834,2575830,28295,938819,1292433,316283
3507100,Bom Jesus dos Perdões,35,São Paulo,SP,3,Sudeste,21942,2234,0.9,108,202.48,7695,2.84,1089688,0.05,164676,925012,13653,375702,427580,108078
3507159,Bom Sucesso de Itararé,35,São Paulo,SP,3,Sudeste,3555,-16,-0.04,134,26.61,1175,3.02,65301,0,2794,62507,7469,12595,20011,22432
3507209,Borá,35,São Paulo,SP,3,Sudeste,907,102,1,119,7.62,322,2.82,68382,0,4761,63621,13299,20037,18771,11513
3507308,Boracéia,35,São Paulo,SP,3,Sudeste,4715,447,0.83,122,38.61,1635,2.88,448990,0.02,45176,403814,15920,220616,140420,26858
3507407,Borborema,35,São Paulo,SP,3,Sudeste,14226,-303,-0.18,552,25.76,5483,2.59,467280,0.02,31869,435411,103536,33740,220020,78115
3507456,Borebi,35,São Paulo,SP,3,Sudeste,2713,420,1.41,348,7.8,966,2.81,68327,0,3898,64429,19400,3164,21195,20670
3507506,Botucatu,35,São Paulo,SP,3,Sudeste,145155,17827,1.1,1483,97.9,54424,2.66,5089449,0.21,443325,4646124,167708,1295393,2676637,506385
3507605,Bragança Paulista,35,São Paulo,SP,3,Sudeste,176811,30067,1.57,513,344.94,63444,2.78,6791315,0.29,854559,5936756,71624,1565445,3589604,710084
3507704,Braúna,35,São Paulo,SP,3,Sudeste,5356,335,0.54,195,27.44,1965,2.73,115760,0,4569,111191,28995,7937,43666,30593
3507753,Brejo Alegre,35,São Paulo,SP,3,Sudeste,2565,-8,-0.03,106,24.27,962,2.63,60573,0,2289,58284,12688,3925,21115,20556
3507803,Brodowski,35,São Paulo,SP,3,Sudeste,25201,4094,1.49,278,90.5,8879,2.83,805026,0.03,85960,719066,74143,139616,383050,122256
3507902,Brotas,35,São Paulo,SP,3,Sudeste,23898,2318,0.85,1101,21.7,8624,2.76,1019895,0.04,94275,925620,93571,266838,438394,126817
3508009,Buri,35,São Paulo,SP,3,Sudeste,20250,1687,0.73,1196,16.92,6972,2.9,666566,0.03,37438,629128,270442,48701,216210,93775
3508108,Buritama,35,São Paulo,SP,3,Sudeste,17210,1792,0.92,327,52.64,6694,2.56,712089,0.03,40834,671256,61219,258152,269645,82241
3508207,Buritizal,35,São Paulo,SP,3,Sudeste,4356,303,0.6,266,16.35,1661,2.62,233930,0.01,9988,223943,42136,100627,49389,31792
3508306,Cabrália Paulista,35,São Paulo,SP,3,Sudeste,4299,-66,-0.13,240,17.91,1597,2.69,81929,0,3694,78236,13379,13276,26920,24660
3508405,Cabreúva,35,São Paulo,SP,3,Sudeste,47011,5407,1.02,260,180.65,15550,3.02,5258402,0.22,1128409,4129993,26581,1355629,2470490,277293
3508504,Caçapava,35,São Paulo,SP,3,Sudeste,96202,11450,1.06,369,260.72,33656,2.85,4562951,0.19,655177,3907774,21670,1635614,1845123,405367
3508603,Cachoeira Paulista,35,São Paulo,SP,3,Sudeste,31564,1473,0.4,288,109.6,10905,2.89,635940,0.03,32896,603044,18538,54500,383889,146117
3508702,Caconde,35,São Paulo,SP,3,Sudeste,17101,-1200,-0.56,468,36.52,6212,2.74,477006,0.02,16483,460523,160611,53498,165238,81176
3508801,Cafelândia,35,São Paulo,SP,3,Sudeste,16654,47,0.02,920,18.1,6247,2.66,614590,0.03,51722,562868,112371,134241,229130,87126
3508900,Caiabu,35,São Paulo,SP,3,Sudeste,3712,-360,-0.77,253,14.65,1467,2.53,67985,0,1878,66108,18848,3884,20636,22739
3509007,Caieiras,35,São Paulo,SP,3,Sudeste,95030,8501,0.78,98,973.25,32684,2.9,4010644,0.17,580286,3430358,2953,1361039,1625264,441102
3509106,Caiuá,35,São Paulo,SP,3,Sudeste,5466,427,0.68,551,9.92,1694,2.55,88899,0,3225,85673,26537,2872,23708,32556
3509205,Cajamar,35,São Paulo,SP,3,Sudeste,92689,28575,3.12,131,705.47,32640,2.84,20798646,0.87,4275574,16523072,322,2416497,13638972,467281
3509254,Cajati,35,São Paulo,SP,3,Sudeste,28515,143,0.04,454,62.75,9915,2.88,1594152,0.07,207902,1386250,199659,615211,432558,138822
3509304,Cajobi,35,São Paulo,SP,3,Sudeste,9133,-635,-0.56,177,51.62,3513,2.6,171373,0.01,9054,162318,29549,8215,76449,48105
3509403,Cajuru,35,São Paulo,SP,3,Sudeste,23830,459,0.16,660,36.1,8609,2.76,691972,0.03,68336,623636,136031,103863,261983,121759
3509452,Campina do Monte Alegre,35,São Paulo,SP,3,Sudeste,5954,387,0.56,184,32.27,2194,2.71,137149,0.01,7253,129896,29387,14050,54009,32450
3509502,Campinas,35,São Paulo,SP,3,Sudeste,1138309,56447,0.42,795,1432.61,429384,2.64,65419717,2.75,12055178,53364538,165109,9586864,38679638,4932927
3509601,Campo Limpo Paulista,35,São Paulo,SP,3,Sudeste,77632,3558,0.39,79,977.7,26667,2.89,2195756,0.09,272163,1923593,11004,588349,968945,355295
3509700,Campos do Jordão,35,São Paulo,SP,3,Sudeste,46974,-815,-0.14,290,161.99,16144,2.89,1276364,0.05,74987,1201376,6135,124186,821868,249187
3509809,Campos Novos Paulista,35,São Paulo,SP,3,Sudeste,4888,349,0.62,484,10.1,1808,2.69,189704,0.01,8265,181439,85037,12618,56452,27331
3509908,Cananéia,35,São Paulo,SP,3,Sudeste,12289,63,0.04,1237,9.93,4394,2.78,262472,0.01,11627,250845,36301,24558,119873,70113
3509957,Canas,35,São Paulo,SP,3,Sudeste,4931,546,0.98,53,92.58,1575,3.12,112955,0,12129,100826,2102,14913,51657,32154
3510005,Cândido Mota,35,São Paulo,SP,3,Sudeste,29449,-435,-0.12,596,49.43,10895,2.7,1391538,0.06,146065,1245474,120950,247701,748205,128618
3510104,Cândido Rodrigues,35,São Paulo,SP,3,Sudeste,2889,221,0.67,71,40.75,1102,2.61,110266,0,6899,103367,31881,15505,38803,17179
3510153,Canitar,35,São Paulo,SP,3,Sudeste,6283,1914,3.07,57,109.35,2077,3.02,157317,0.01,11794,145523,9383,64313,43084,28743
3510203,Capão Bonito,35,São Paulo,SP,3,Sudeste,46337,159,0.03,1640,28.25,16045,2.88,1129603,0.05,58233,1071369,269122,100393,492132,209723
3510302,Capela do Alto,35,São Paulo,SP,3,Sudeste,22866,5334,2.24,170,134.59,7119,2.9,339378,0.01,21060,318318,36062,33714,148396,100146
3510401,Capivari,35,São Paulo,SP,3,Sudeste,50068,1492,0.25,323,155.07,17193,2.91,2400351,0.1,325506,2074845,60104,756236,966307,292198
3510500,Caraguatatuba,35,São Paulo,SP,3,Sudeste,134875,34035,2.45,485,278.12,48634,2.75,3889991,0.16,237879,3652112,15662,600561,2313679,722210
3510609,Carapicuíba,35,São Paulo,SP,3,Sudeste,387121,17537,0.39,35,11205.96,136883,2.83,6224120,0.26,535813,5688307,301,821526,3635153,1231327
3510708,Cardoso,35,São Paulo,SP,3,Sudeste,11345,-460,-0.33,639,17.75,4603,2.46,299675,0.01,12211,287463,73103,16659,137798,59904
3510807,Casa Branca,35,São Paulo,SP,3,Sudeste,28083,-224,-0.07,864,32.5,9748,2.71,1053662,0.04,84027,969635,259878,107858,456351,145548
3510906,Cássia dos Coqueiros,35,São Paulo,SP,3,Sudeste,2799,165,0.51,192,14.6,1076,2.59,254623,0.01,3112,251511,183306,8097,38879,21229
3511003,Castilho,35,São Paulo,SP,3,Sudeste,19977,1974,0.87,1065,18.75,7326,2.7,1167426,0.05,109100,1058326,108195,414918,412897,122315
3511102,Catanduva,35,São Paulo,SP,3,Sudeste,115785,2965,0.22,291,398.44,44060,2.62,4883915,0.21,415382,4468533,60443,962552,2953698,491840
3511201,Catiguá,35,São Paulo,SP,3,Sudeste,7003,-124,-0.15,148,47.19,2510,2.79,134144,0.01,7786,126357,22133,6787,63520,33918
3511300,Cedral,35,São Paulo,SP,3,Sudeste,12618,4646,3.9,198,63.78,4656,2.7,389261,0.02,47555,341707,29658,112694,145886,53469
3511409,Cerqueira César,35,São Paulo,SP,3,Sudeste,21469,3937,1.7,512,41.96,7399,2.74,824649,0.03,68604,756045,108894,212129,342266,92756
3511508,Cerquilho,35,São Paulo,SP,3,Sudeste,44695,5078,1.01,128,349.72,15904,2.8,2007347,0.08,296775,1710572,66204,588461,852153,203754
3511607,Cesário Lange,35,São Paulo,SP,3,Sudeste,19048,3508,1.71,190,100.05,6140,2.92,513238,0.02,45453,467785,51014,80606,253847,82319
3511706,Charqueada,35,São Paulo,SP,3,Sudeste,15535,450,0.25,176,88.34,5340,2.91,436865,0.02,42738,394127,20605,131292,171781,70449
3511904,Clementina,35,São Paulo,SP,3,Sudeste,6982,-83,-0.1,169,41.41,2566,2.71,138320,0.01,7151,131169,22596,8998,61819,37756
3512001,Colina,35,São Paulo,SP,3,Sudeste,18487,1116,0.52,422,43.78,6560,2.81,1232166,0.05,142856,1089309,81201,391685,506773,109651
3512100,Colômbia,35,São Paulo,SP,3,Sudeste,6629,635,0.84,729,9.1,2323,2.75,376596,0.02,25483,351113,133524,74816,92831,49942
3512209,Conchal,35,São Paulo,SP,3,Sudeste,28105,2876,0.9,183,153.75,9455,2.97,847842,0.04,90312,757530,53785,224203,348124,131418
3512308,Conchas,35,São Paulo,SP,3,Sudeste,15232,-1056,-0.56,466,32.68,5593,2.71,385263,0.02,24324,360939,70654,26130,179142,85013
3512407,Cordeirópolis,35,São Paulo,SP,3,Sudeste,24514,3434,1.27,138,178.18,8530,2.87,3292605,0.14,499631,2792975,54561,935918,1622748,179748
3512506,Coroados,35,São Paulo,SP,3,Sudeste,5400,162,0.25,247,21.88,2021,2.67,199028,0.01,13230,185798,64251,28289,63994,29264
3512605,Coronel Macedo,35,São Paulo,SP,3,Sudeste,4280,-721,-1.29,304,14.09,1654,2.59,127086,0.01,3689,123396,55233,9431,30171,28560
3512704,Corumbataí,35,São Paulo,SP,3,Sudeste,4195,321,0.67,279,15.06,1458,2.87,259270,0.01,42130,217140,28399,12978,146113,29651
3512803,Cosmópolis,35,São Paulo,SP,3,Sudeste,59773,946,0.13,155,386.47,21683,2.75,1974321,0.08,195427,1778894,22310,668802,780277,307504
3512902,Cosmorama,35,São Paulo,SP,3,Sudeste,8719,1505,1.59,442,19.74,3267,2.67,393570,0.02,55683,337886,68764,99741,129347,40034
3513009,Cotia,35,São Paulo,SP,3,Sudeste,273640,72490,2.6,324,844.58,95672,2.85,14039984,0.59,2891124,11148860,32465,3338866,6701989,1075541
3513108,Cravinhos,35,São Paulo,SP,3,Sudeste,33281,1590,0.41,311,106.87,11349,2.93,1408566,0.06,222581,1185985,65207,335949,632862,151968
3513207,Cristais Paulista,35,São Paulo,SP,3,Sudeste,9272,1684,1.68,385,24.07,3262,2.84,279639,0.01,11782,267857,111706,18840,96166,41146
3513306,Cruzália,35,São Paulo,SP,3,Sudeste,2108,-166,-0.63,149,14.12,822,2.56,117793,0,11851,105942,26677,3999,58662,16605
3513405,Cruzeiro,35,São Paulo,SP,3,Sudeste,74961,-2078,-0.23,306,245.21,26776,2.8,2671788,0.11,378722,2293066,10798,714399,1231364,336506
3513504,Cubatão,35,São Paulo,SP,3,Sudeste,112471,-6249,-0.45,143,787.18,40089,2.8,15918913,0.67,1947996,13970917,1203,8448363,4720899,800453
3513603,Cunha,35,São Paulo,SP,3,Sudeste,22110,244,0.09,1407,15.71,8574,2.57,297367,0.01,10738,286630,36965,15132,140996,93537
3513702,Descalvado,35,São Paulo,SP,3,Sudeste,31756,700,0.19,754,42.13,11400,2.77,1857896,0.08,258837,1599059,142003,555595,735772,165689
3513801,Diadema,35,São Paulo,SP,3,Sudeste,393237,7148,0.15,31,12795.69,144824,2.71,15057235,0.63,2565363,12491872,1023,3953216,6801328,1736305
3513850,Dirce Reis,35,São Paulo,SP,3,Sudeste,1620,-69,-0.35,88,18.38,642,2.52,65460,0,5959,59501,8483,19020,18779,13220
3513900,Divinolândia,35,São Paulo,SP,3,Sudeste,11158,-287,-0.21,224,49.87,4189,2.62,338829,0.01,16337,322493,84040,15104,174697,48651
3514007,Dobrada,35,São Paulo,SP,3,Sudeste,8759,820,0.82,150,58.5,3076,2.85,131493,0.01,9466,122027,22882,14139,45022,39985
3514106,Dois Córregos,35,São Paulo,SP,3,Sudeste,24510,-251,-0.08,633,38.72,8856,2.75,754504,0.03,76496,678008,106116,126228,326896,118768
3514205,Dolcinópolis,35,São Paulo,SP,3,Sudeste,2207,111,0.43,78,28.32,887,2.49,51749,0,1528,50221,12210,2627,19257,16127
3514304,Dourado,35,São Paulo,SP,3,Sudeste,8096,-513,-0.51,206,39.33,3103,2.6,653195,0.03,140605,512591,27871,240768,196432,47520
3514403,Dracena,35,São Paulo,SP,3,Sudeste,45474,2216,0.42,488,93.24,17101,2.59,1368407,0.06,101785,1266623,47064,205690,822693,191176
3514502,Duartina,35,São Paulo,SP,3,Sudeste,12328,77,0.05,265,46.6,4790,2.57,257271,0.01,14145,243126,18209,30221,135167,59529
3514601,Dumont,35,São Paulo,SP,3,Sudeste,9471,1328,1.27,111,85.04,3296,2.87,282639,0.01,35573,247066,25612,50975,122315,48163
3514700,Echaporã,35,São Paulo,SP,3,Sudeste,6205,-113,-0.15,515,12.04,2283,2.72,135500,0.01,6824,128676,34814,7382,55228,31253
3514809,Eldorado,35,São Paulo,SP,3,Sudeste,13069,-1572,-0.94,1654,7.9,4598,2.84,323402,0.01,7215,316187,145659,13002,86564,70963
3514908,Elias Fausto,35,São Paulo,SP,3,Sudeste,17699,1924,0.96,202,87.46,5967,2.96,860302,0.04,99863,760439,108680,289133,271787,90840
3514924,Elisiário,35,São Paulo,SP,3,Sudeste,3138,18,0.05,94,33.39,1184,2.65,67869,0,3027,64842,13826,2993,27243,20780
3514957,Embaúba,35,São Paulo,SP,3,Sudeste,2323,-100,-0.35,83,27.94,896,2.59,59966,0,1721,58246,16241,6297,18283,17424
3515004,Embu das Artes,35,São Paulo,SP,3,Sudeste,250720,10490,0.36,70,3561.46,87994,2.84,13834413,0.58,2823430,11010984,361,1783127,8179506,1047990
3515103,Embu-Guaçu,35,São Paulo,SP,3,Sudeste,66970,4201,0.54,156,430.29,23396,2.85,1231418,0.05,123205,1108213,2833,242785,578277,284317
3515129,Emilianópolis,35,São Paulo,SP,3,Sudeste,3014,-6,-0.02,225,13.39,1177,2.56,70518,0,1794,68724,19964,5730,21425,21605
3515152,Engenheiro Coelho,35,São Paulo,SP,3,Sudeste,19566,3845,1.84,110,177.97,6884,2.82,553914,0.02,61586,492328,36856,75525,285938,94009
3515186,Espírito Santo do Pinhal,35,São Paulo,SP,3,Sudeste,39816,-2091,-0.43,389,102.29,14377,2.76,1661259,0.07,166715,1494544,117569,423408,770809,182757
3515194,Espírito Santo do Turvo,35,São Paulo,SP,3,Sudeste,4157,-87,-0.17,194,21.46,1482,2.8,95256,0,3932,91324,28378,4155,31136,27655
3515202,Estrela d'Oeste,35,São Paulo,SP,3,Sudeste,9417,1209,1.15,296,31.78,3464,2.68,654954,0.03,72069,582886,43603,273088,225139,41056
3515301,Estrela do Norte,35,São Paulo,SP,3,Sudeste,2703,45,0.14,265,10.2,971,2.78,69542,0,1600,67941,26681,3182,17695,20383
3515350,Euclides da Cunha Paulista,35,São Paulo,SP,3,Sudeste,7924,-1661,-1.57,574,13.81,3022,2.62,132188,0.01,4346,127842,32024,6175,45187,44456
3515400,Fartura,35,São Paulo,SP,3,Sudeste,16641,1321,0.69,429,38.77,6221,2.67,428375,0.02,24312,404063,79526,47311,203449,73777
3515509,Fernandópolis,35,São Paulo,SP,3,Sudeste,71186,6490,0.8,550,129.48,27621,2.57,2307920,0.1,187627,2120293,87032,336142,1391595,305524
3515608,Fernando Prestes,35,São Paulo,SP,3,Sudeste,5942,408,0.59,170,34.95,2238,2.65,224806,0.01,10986,213821,83594,27933,70983,31311
3515657,Fernão,35,São Paulo,SP,3,Sudeste,1656,93,0.48,101,16.48,613,2.7,80927,0,2705,78222,37322,3323,23273,14304
3515707,Ferraz de Vasconcelos,35,São Paulo,SP,3,Sudeste,179205,10899,0.52,30,6065.08,61301,2.91,3953315,0.17,410714,3542601,3119,1113744,1737493,688245
3515806,Flora Rica,35,São Paulo,SP,3,Sudeste,1487,-265,-1.36,225,6.62,610,2.44,39594,0,930,38664,12749,1669,11388,12859
3515905,Floreal,35,São Paulo,SP,3,Sudeste,2733,-270,-0.78,204,13.38,1124,2.43,69449,0,2520,66929,19234,4800,23478,19417
3516002,Flórida Paulista,35,São Paulo,SP,3,Sudeste,12958,110,0.07,524,24.72,4315,2.68,247036,0.01,11002,236034,44861,26241,99626,65306
3516101,Florínea,35,São Paulo,SP,3,Sudeste,3851,1022,2.6,226,17.05,1054,2.63,161169,0.01,15829,145340,42923,5228,75367,21822
3516200,Franca,35,São Paulo,SP,3,Sudeste,352537,33897,0.85,606,582.05,127925,2.74,9908134,0.42,884257,9023877,155201,1363216,6151787,1353673
3516309,Francisco Morato,35,São Paulo,SP,3,Sudeste,165139,10667,0.56,49,3370.11,57668,2.86,1722351,0.07,78145,1644207,658,115537,914641,613371
3516408,Franco da Rocha,35,São Paulo,SP,3,Sudeste,144849,13245,0.8,133,1090.94,49319,2.84,3557252,0.15,335846,3221406,4697,1012565,1646512,557633
3516507,Gabriel Monteiro,35,São Paulo,SP,3,Sudeste,2763,55,0.17,139,19.92,1071,2.58,76725,0,2850,73875,19773,10623,25432,18047
3516606,Gália,35,São Paulo,SP,3,Sudeste,6380,-631,-0.78,356,17.93,2441,2.6,186377,0.01,7480,178897,51573,12227,82963,32134
3516705,Garça,35,São Paulo,SP,3,Sudeste,42110,-1005,-0.2,556,75.76,15523,2.7,1324398,0.06,118090,1206307,138530,196442,692896,178440
3516804,Gastão Vidigal,35,São Paulo,SP,3,Sudeste,3252,-941,-2.1,181,18.01,1246,2.6,85877,0,3771,82106,22186,5883,32031,22006
3516853,Gavião Peixoto,35,São Paulo,SP,3,Sudeste,4702,283,0.52,244,19.29,1640,2.87,1607938,0.07,161960,1445978,44484,1086169,280892,34433
3516903,General Salgado,35,São Paulo,SP,3,Sudeste,10312,-357,-0.28,494,20.86,4019,2.55,240676,0.01,12768,227908,41946,11974,121877,52111
3517000,Getulina,35,São Paulo,SP,3,Sudeste,10232,-533,-0.42,677,15.12,3408,2.63,216288,0.01,6347,209942,80307,6847,72939,49848
3517109,Glicério,35,São Paulo,SP,3,Sudeste,4138,-427,-0.82,273,15.17,1552,2.66,115833,0,4710,111124,29597,15790,37979,27758
3517208,Guaiçara,35,São Paulo,SP,3,Sudeste,11239,569,0.43,277,40.55,3997,2.81,221647,0.01,29961,191686,23866,30873,82448,54499
3517307,Guaimbê,35,São Paulo,SP,3,Sudeste,5512,87,0.13,218,25.31,2060,2.67,236193,0.01,6316,229877,21853,153460,30920,23644
3517406,Guaíra,35,São Paulo,SP,3,Sudeste,39273,1869,0.41,1258,31.21,14706,2.66,2563209,0.11,227149,2336060,295240,937522,889399,213899
3517505,Guapiaçu,35,São Paulo,SP,3,Sudeste,21711,3842,1.64,325,66.78,7735,2.8,718074,0.03,72761,645313,62003,213980,279189,90141
3517604,Guapiara,35,São Paulo,SP,3,Sudeste,17071,-927,-0.44,408,41.81,6156,2.77,509879,0.02,14213,495666,260431,46314,108511,80410
3517703,Guará,35,São Paulo,SP,3,Sudeste,18606,-1252,-0.54,362,51.37,6681,2.78,573186,0.02,37547,535639,82444,80901,261543,110751
3517802,Guaraçaí,35,São Paulo,SP,3,Sudeste,7441,-994,-1.04,569,13.07,2941,2.52,321462,0.01,10667,310795,150745,14132,99226,46692
3517901,Guaraci,35,São Paulo,SP,3,Sudeste,10350,374,0.31,642,16.13,3915,2.63,396671,0.02,32587,364084,110186,72736,119600,61562
3518008,Guarani d'Oeste,35,São Paulo,SP,3,Sudeste,1968,-2,-0.01,86,22.96,808,2.44,40312,0,1614,38697,6055,2913,15111,14619
3518107,Guarantã,35,São Paulo,SP,3,Sudeste,6427,23,0.03,462,13.92,2295,2.79,187184,0.01,10619,176565,59720,20636,60242,35967
3518206,Guararapes,35,São Paulo,SP,3,Sudeste,31036,439,0.12,956,32.48,11649,2.66,1100342,0.05,77341,1023000,225962,185811,464870,146358
3518305,Guararema,35,São Paulo,SP,3,Sudeste,31236,5392,1.59,271,115.34,11086,2.81,1624893,0.07,193445,1431448,46020,326157,914580,144690
3518404,Guaratinguetá,35,São Paulo,SP,3,Sudeste,118044,5972,0.43,753,156.84,41905,2.8,6852331,0.29,1062364,5789967,43092,2492965,2738099,515810
3518503,Guareí,35,São Paulo,SP,3,Sudeste,15013,448,0.25,568,26.44,4516,2.72,268433,0.01,13427,255006,62649,42234,72595,77528
3518602,Guariba,35,São Paulo,SP,3,Sudeste,37498,2012,0.46,270,138.73,12902,2.85,1008360,0.04,84098,924262,63131,222300,464785,174045
3518701,Guarujá,35,São Paulo,SP,3,Sudeste,287634,-3118,-0.09,145,1986.5,99388,2.89,9265420,0.39,1119849,8145570,45868,1130734,5294956,1674012
3518800,Guarulhos,35,São Paulo,SP,3,Sudeste,1291784,69805,0.46,319,4053.61,450563,2.85,65849311,2.77,11096191,54753120,59089,13275910,35706428,5711692
3518859,Guatapará,35,São Paulo,SP,3,Sudeste,7320,354,0.41,414,17.7,2533,2.87,251979,0.01,15057,236922,96725,13776,76934,49487
3518909,Guzolândia,35,São Paulo,SP,3,Sudeste,4246,-508,-0.94,252,16.82,1630,2.6,86220,0,2794,83427,20873,5139,29618,27797
3519006,Herculândia,35,São Paulo,SP,3,Sudeste,9125,429,0.4,364,25.05,3307,2.76,335412,0.01,23682,311730,86347,70149,110000,45233
3519055,Holambra,35,São Paulo,SP,3,Sudeste,15119,3820,2.46,66,230.55,5171,2.92,1281656,0.05,108317,1173339,457502,198878,436018,80940
3519071,Hortolândia,35,São Paulo,SP,3,Sudeste,236641,43949,1.73,62,3791.35,80803,2.87,15549704,0.65,3108107,12441597,1531,4209273,7202923,1027870
3519105,Iacanga,35,São Paulo,SP,3,Sudeste,10437,424,0.35,547,19.07,3957,2.64,584594,0.02,80793,503801,81899,51393,309207,61302
3519204,Iacri,35,São Paulo,SP,3,Sudeste,6131,-288,-0.38,322,19.04,2260,2.71,252522,0.01,19462,233060,87635,23712,91870,29841
3519253,Iaras,35,São Paulo,SP,3,Sudeste,8010,1634,1.92,401,19.96,1791,2.85,161857,0.01,9575,152282,40997,9467,57928,43890
3519303,Ibaté,35,São Paulo,SP,3,Sudeste,32178,1444,0.38,291,110.59,11092,2.9,1082675,0.05,96573,986102,51481,384464,405883,144274
3519402,Ibirá,35,São Paulo,SP,3,Sudeste,11690,794,0.59,272,42.99,4404,2.65,268566,0.01,13186,255380,42940,47975,104984,59481
3519501,Ibirarema,35,São Paulo,SP,3,Sudeste,6385,-340,-0.43,228,27.98,2403,2.65,214631,0.01,19069,195562,49251,23416,89887,33008
3519600,Ibitinga,35,São Paulo,SP,3,Sudeste,60037,6879,1.02,689,87.09,22214,2.7,1743690,0.07,141310,1602380,100176,376324,882006,243874
3519709,Ibiúna,35,São Paulo,SP,3,Sudeste,74957,3740,0.43,1058,70.84,26134,2.86,2220621,0.09,179823,2040798,480333,333568,859473,367424
3519808,Icém,35,São Paulo,SP,3,Sudeste,7819,357,0.39,362,21.58,2594,2.67,183279,0.01,5571,177707,27833,31559,71159,47157
3519907,Iepê,35,São Paulo,SP,3,Sudeste,7619,-9,-0.01,595,12.81,2901,2.61,367597,0.02,43958,323639,86760,13008,173988,49882
3520004,Igaraçu do Tietê,35,São Paulo,SP,3,Sudeste,23106,-256,-0.09,98,236.39,8193,2.79,350683,0.01,23384,327298,11279,20417,198210,97393
3520103,Igarapava,35,São Paulo,SP,3,Sudeste,26212,-1740,-0.53,468,55.97,9857,2.65,1354386,0.06,175987,1178399,80314,175195,800633,122257
3520202,Igaratá,35,São Paulo,SP,3,Sudeste,10605,1774,1.54,293,36.2,3926,2.69,224387,0.01,21616,202771,2153,20236,126982,53400
3520301,Iguape,35,São Paulo,SP,3,Sudeste,29115,274,0.08,1979,14.71,10838,2.68,1080388,0.05,23223,1057165,101313,396601,399621,159630
3520400,Ilhabela,35,São Paulo,SP,3,Sudeste,34934,6738,1.8,346,100.85,12710,2.74,10752020,0.45,103764,10648256,3950,7114946,3203987,325373
3520426,Ilha Comprida,35,São Paulo,SP,3,Sudeste,13419,4394,3.36,197,68.27,5258,2.53,768971,0.03,10330,758641,5052,389198,265615,98776
3520442,Ilha Solteira,35,São Paulo,SP,3,Sudeste,25549,485,0.16,653,39.15,9704,2.63,678420,0.03,32746,645674,75408,33432,399652,137181
3520509,Indaiatuba,35,São Paulo,SP,3,Sudeste,255739,54120,2,312,820.87,90752,2.81,18344473,0.77,3769837,14574636,43147,5119201,8243655,1168632
3520608,Indiana,35,São Paulo,SP,3,Sudeste,5090,265,0.45,129,39.35,1919,2.65,84037,0,2901,81137,18230,3765,32542,26599
3520707,Indiaporã,35,São Paulo,SP,3,Sudeste,4035,132,0.28,280,14.43,1662,2.42,104729,0,3965,100764,26082,5613,45199,23870
3520806,Inúbia Paulista,35,São Paulo,SP,3,Sudeste,3615,-15,-0.03,87,41.49,1316,2.73,125745,0.01,11757,113989,7124,5857,78715,22292
3520905,Ipaussu,35,São Paulo,SP,3,Sudeste,13712,49,0.03,210,65.43,4885,2.81,448605,0.02,39474,409131,48211,100526,187586,72808
3521002,Iperó,35,São Paulo,SP,3,Sudeste,36459,8159,2.13,170,214.1,11765,2.86,796373,0.03,102117,694256,18192,234789,289880,151396
3521101,Ipeúna,35,São Paulo,SP,3,Sudeste,6831,815,1.06,190,35.95,2392,2.86,914749,0.04,106907,807842,18968,475908,273171,39796
3521150,Ipiguá,35,São Paulo,SP,3,Sudeste,6761,2298,3.52,136,49.7,2445,2.77,113165,0,10914,102251,18192,21128,35184,27747
3521200,Iporanga,35,São Paulo,SP,3,Sudeste,4046,-253,-0.5,1152,3.51,1459,2.77,63488,0,1768,61720,7221,3361,22643,28494
3521309,Ipuã,35,São Paulo,SP,3,Sudeste,14454,306,0.18,466,30.99,5339,2.71,445205,0.02,27375,417830,101012,37943,193604,85271
3521408,Iracemápolis,35,São Paulo,SP,3,Sudeste,21967,1938,0.77,115,190.82,7543,2.91,2067562,0.09,562960,1504602,22304,698307,665493,118497
3521507,Irapuã,35,São Paulo,SP,3,Sudeste,6867,-408,-0.48,258,26.66,2461,2.78,174047,0.01,5766,168281,65990,9688,56994,35609
3521606,Irapuru,35,São Paulo,SP,3,Sudeste,5938,-1851,-2.24,214,27.69,2358,2.49,104357,0,3815,100541,16768,2797,46063,34914
3521705,Itaberá,35,São Paulo,SP,3,Sudeste,17983,125,0.06,1100,16.34,6517,2.75,789730,0.03,67861,721869,267677,31628,344242,78322
3521804,Itaí,35,São Paulo,SP,3,Sudeste,25180,1172,0.4,1093,23.04,8665,2.78,905343,0.04,63095,842248,318567,69127,333060,121494
3521903,Itajobi,35,São Paulo,SP,3,Sudeste,16989,2433,1.3,502,33.84,6216,2.73,915348,0.04,68634,846714,263499,197186,311735,74294
3522000,Itaju,35,São Paulo,SP,3,Sudeste,3618,372,0.91,230,15.71,1307,2.77,96459,0,6671,89788,28432,10451,27921,22984
3522109,Itanhaém,35,São Paulo,SP,3,Sudeste,112476,25419,2.16,602,186.93,41964,2.67,2195871,0.09,121669,2074202,53343,151032,1350488,519339
3522158,Itaoca,35,São Paulo,SP,3,Sudeste,3421,193,0.49,183,18.69,1262,2.71,48512,0,1724,46788,6133,6576,15130,18949
3522208,Itapecerica da Serra,35,São Paulo,SP,3,Sudeste,158522,5908,0.32,151,1051.61,54563,2.89,4331368,0.18,539180,3792188,27865,727334,2350422,686567
3522307,Itapetininga,35,São Paulo,SP,3,Sudeste,157790,13413,0.74,1789,88.18,54547,2.83,5332509,0.22,555807,4776702,360454,1167534,2603808,644907
3522406,Itapeva,35,São Paulo,SP,3,Sudeste,89728,1975,0.19,1826,49.13,31773,2.82,4111522,0.17,234638,3876884,1670514,327647,1469651,409071
3522505,Itapevi,35,São Paulo,SP,3,Sudeste,232513,31744,1.23,83,2812.95,81821,2.84,12584181,0.53,2064434,10519747,331,2653860,6932781,932775
3522604,Itapira,35,São Paulo,SP,3,Sudeste,72022,3485,0.41,518,138.93,26200,2.73,4132858,0.17,495480,3637379,69053,1555163,1674298,338864
3522653,Itapirapuã Paulista,35,São Paulo,SP,3,Sudeste,4306,426,0.87,406,10.59,1559,2.76,48697,0,2162,46535,3115,2230,17535,23655
3522703,Itápolis,35,São Paulo,SP,3,Sudeste,39493,-558,-0.12,997,39.62,15001,2.63,1564823,0.07,134724,1430099,272786,245681,717948,193684
3522802,Itaporanga,35,São Paulo,SP,3,Sudeste,14085,-464,-0.27,508,27.73,5221,2.69,386450,0.02,33249,353201,67170,13026,206444,66561
3522901,Itapuí,35,São Paulo,SP,3,Sudeste,13659,1486,0.96,140,97.55,4749,2.87,871498,0.04,133999,737499,17550,248281,409078,62591
3523008,Itapura,35,São Paulo,SP,3,Sudeste,3979,-378,-0.75,302,13.19,1520,2.61,107150,0,3464,103686,40008,4571,30958,28148
3523107,Itaquaquecetuba,35,São Paulo,SP,3,Sudeste,369275,47505,1.15,83,4469.45,122134,3.02,7671902,0.32,1003702,6668201,16013,1618296,3736058,1297833
3523206,Itararé,35,São Paulo,SP,3,Sudeste,44438,-3496,-0.63,1004,44.27,16525,2.68,1104136,0.05,70997,1033139,208933,99863,519913,204429
3523305,Itariri,35,São Paulo,SP,3,Sudeste,15528,57,0.03,274,56.74,5654,2.73,357331,0.02,18692,338639,110416,12838,143347,72037
3523404,Itatiba,35,São Paulo,SP,3,Sudeste,122424,20953,1.58,322,379.88,43931,2.78,7161563,0.3,1145744,6015819,902995,1937444,2602744,572637
3523503,Itatinga,35,São Paulo,SP,3,Sudeste,19070,1018,0.46,980,19.46,6025,3,427720,0.02,24783,402937,67579,95777,148055,91526
3523602,Itirapina,35,São Paulo,SP,3,Sudeste,16148,624,0.33,565,28.6,4788,2.74,706030,0.03,116190,589840,48978,147670,291960,101233
3523701,Itirapuã,35,São Paulo,SP,3,Sudeste,5779,-135,-0.19,161,35.87,2005,2.87,132522,0.01,3520,129002,50565,8879,38050,31508
3523800,Itobi,35,São Paulo,SP,3,Sudeste,8046,500,0.54,139,57.89,2906,2.75,157855,0.01,8501,149353,41114,13077,63218,31945
3523909,Itu,35,São Paulo,SP,3,Sudeste,168240,14093,0.73,641,262.58,59545,2.82,9209595,0.39,1613307,7596288,55615,2264161,4507779,768732
3524006,Itupeva,35,São Paulo,SP,3,Sudeste,70616,25757,3.85,201,351.54,23690,2.98,8498523,0.36,1743941,6754582,47893,3028231,3275149,403308
3524105,Ituverava,35,São Paulo,SP,3,Sudeste,37571,-1124,-0.25,705,53.32,14031,2.67,1809032,0.08,232849,1576184,197157,449295,741057,188675
3524204,Jaborandi,35,São Paulo,SP,3,Sudeste,6221,-371,-0.48,273,22.75,2278,2.72,153343,0.01,4892,148451,54548,8189,50427,35286
3524303,Jaboticabal,35,São Paulo,SP,3,Sudeste,71821,159,0.02,707,101.64,27393,2.61,3170163,0.13,343935,2826229,186719,641676,1626839,370995
3524402,Jacareí,35,São Paulo,SP,3,Sudeste,240275,29061,1.08,464,517.53,85076,2.82,14114972,0.59,2630074,11484898,36223,4450232,6094001,904442
3524501,Jaci,35,São Paulo,SP,3,Sudeste,7613,1956,2.51,145,52.46,2637,2.82,559307,0.02,75028,484279,29329,216959,203319,34672
3524600,Jacupiranga,35,São Paulo,SP,3,Sudeste,16116,-1092,-0.54,704,22.89,5829,2.76,519612,0.02,28534,491078,129938,35328,242794,83018
3524709,Jaguariúna,35,São Paulo,SP,3,Sudeste,59347,15036,2.46,141,419.74,21443,2.76,11504187,0.48,2435829,9068358,18055,3195966,5480419,373918
3524808,Jales,35,São Paulo,SP,3,Sudeste,48776,1764,0.31,369,132.34,19080,2.55,1773928,0.07,147617,1626311,77640,263711,1078522,206438
3524907,Jambeiro,35,São Paulo,SP,3,Sudeste,6397,1048,1.5,184,34.69,2297,2.78,269801,0.01,73721,196080,8057,81691,69738,36595
3525003,Jandira,35,São Paulo,SP,3,Sudeste,118045,9701,0.72,17,6765.14,42009,2.81,4596897,0.19,867952,3728945,662,1129966,2082095,516222
3525102,Jardinópolis,35,São Paulo,SP,3,Sudeste,45282,7621,1.55,502,90.23,14872,2.91,1384172,0.06,139861,1244311,110924,178329,734091,220967
3525201,Jarinu,35,São Paulo,SP,3,Sudeste,37535,13688,3.85,208,180.85,12965,2.89,2603549,0.11,383207,2220341,58216,449121,1524964,188041
3525300,Jaú,35,São Paulo,SP,3,Sudeste,133497,2457,0.15,687,194.29,48521,2.74,5051021,0.21,501531,4549490,92148,742887,3094568,619887
3525409,Jeriquara,35,São Paulo,SP,3,Sudeste,3863,703,1.69,142,27.21,1318,2.93,131524,0.01,3408,128116,66142,8282,33191,20501
3525508,Joanópolis,35,São Paulo,SP,3,Sudeste,12815,1047,0.71,374,34.24,4663,2.73,231982,0.01,11034,220948,23390,14289,123958,59311
3525607,João Ramalho,35,São Paulo,SP,3,Sudeste,4371,221,0.43,415,10.52,1543,2.83,131712,0.01,3219,128492,70862,2687,31827,23117
3525706,José Bonifácio,35,São Paulo,SP,3,Sudeste,36633,3870,0.93,860,42.59,13333,2.74,1340586,0.06,107689,1232897,157998,293264,607762,173873
3525805,Júlio Mesquita,35,São Paulo,SP,3,Sudeste,4254,-176,-0.34,128,33.19,1562,2.72,56184,0,2694,53490,9412,1685,20288,22106
3525854,Jumirim,35,São Paulo,SP,3,Sudeste,3059,261,0.75,57,53.96,1002,3.05,172324,0.01,22503,149821,11851,68525,49507,19938
3525904,Jundiaí,35,São Paulo,SP,3,Sudeste,443116,72990,1.51,431,1027.62,163147,2.7,51235050,2.15,11956319,39278731,198218,9849360,27099001,2132151
3526001,Junqueirópolis,35,São Paulo,SP,3,Sudeste,20448,1722,0.74,583,35.1,7151,2.67,740517,0.03,70652,669865,63046,177597,333091,96130
3526100,Juquiá,35,São Paulo,SP,3,Sudeste,17154,-2092,-0.95,813,21.1,6343,2.7,361212,0.02,14619,346592,100083,20450,141084,84975
3526209,Juquitiba,35,São Paulo,SP,3,Sudeste,27404,-1333,-0.4,522,52.48,10005,2.73,547312,0.02,42693,504619,1138,64053,309343,130085
3526308,Lagoinha,35,São Paulo,SP,3,Sudeste,5083,242,0.41,255,19.9,2079,2.4,69423,0,2485,66938,10531,3520,28364,24523
3526407,Laranjal Paulista,35,São Paulo,SP,3,Sudeste,26261,1010,0.33,384,68.34,9287,2.82,1253935,0.05,182599,1071337,29306,444433,464512,133085
3526506,Lavínia,35,São Paulo,SP,3,Sudeste,9689,910,0.83,538,18.02,1837,2.61,182200,0.01,5946,176254,71258,5174,49124,50699
3526605,Lavrinhas,35,São Paulo,SP,3,Sudeste,7171,581,0.71,167,42.92,2392,2.98,120678,0.01,12093,108585,5730,21476,44226,37154
3526704,Leme,35,São Paulo,SP,3,Sudeste,98145,6389,0.56,403,243.61,35750,2.74,3767429,0.16,482690,3284739,94943,966840,1791798,431158
3526803,Lençóis Paulista,35,São Paulo,SP,3,Sudeste,66505,5077,0.66,810,82.15,22822,2.9,4257630,0.18,614136,3643494,101434,1543240,1690216,308603
3526902,Limeira,35,São Paulo,SP,3,Sudeste,291869,15847,0.47,581,502.61,104444,2.78,13702173,0.58,1993183,11708990,101364,4003350,6395687,1208589
3527009,Lindóia,35,São Paulo,SP,3,Sudeste,7010,298,0.36,49,143.78,2586,2.71,220924,0.01,19761,201163,7405,65349,86897,41512
3527108,Lins,35,São Paulo,SP,3,Sudeste,74779,3347,0.38,570,131.18,28432,2.61,6290471,0.26,720738,5569732,78774,2906135,2294878,289946
3527207,Lorena,35,São Paulo,SP,3,Sudeste,84855,2318,0.23,414,204.88,30025,2.82,3104753,0.13,337794,2766959,15149,967045,1427577,357189
3527256,Lourdes,35,São Paulo,SP,3,Sudeste,1950,-178,-0.73,114,17.11,772,2.47,46224,0,1255,44970,12450,2126,13778,16615
3527306,Louveira,35,São Paulo,SP,3,Sudeste,51833,14753,2.83,56,929.94,17930,2.89,17852712,0.75,3446835,14405877,40798,4506794,9540111,318174
3527405,Lucélia,35,São Paulo,SP,3,Sudeste,20061,179,0.07,315,63.72,6603,2.65,516660,0.02,43360,473300,27723,116778,231190,97609
3527504,Lucianópolis,35,São Paulo,SP,3,Sudeste,2372,123,0.44,190,12.51,890,2.66,75137,0,2110,73027,32095,3236,19975,17721
3527603,Luís Antônio,35,São Paulo,SP,3,Sudeste,12265,979,0.7,598,20.5,4169,2.94,1450489,0.06,139233,1311256,106261,777350,337130,90514
3527702,Luiziânia,35,São Paulo,SP,3,Sudeste,4701,-329,-0.56,167,28.22,1729,2.71,83669,0,2292,81378,18380,4115,30977,27905
3527801,Lupércio,35,São Paulo,SP,3,Sudeste,3981,-372,-0.74,155,25.66,1472,2.7,92684,0,4524,88160,17882,15174,32020,23084
3527900,Lutécia,35,São Paulo,SP,3,Sudeste,2666,-48,-0.15,475,5.61,1035,2.58,94683,0,2309,92373,45001,7533,20184,19655
3528007,Macatuba,35,São Paulo,SP,3,Sudeste,16829,570,0.29,225,74.96,5654,2.97,758206,0.03,111989,646216,39210,68083,462144,76780
3528106,Macaubal,35,São Paulo,SP,3,Sudeste,7481,-182,-0.2,248,30.15,3008,2.48,186630,0.01,8858,177772,51773,8790,83158,34051
3528205,Macedônia,35,São Paulo,SP,3,Sudeste,3963,299,0.66,328,12.1,1513,2.61,87067,0,2324,84743,30301,7133,24634,22675
3528304,Magda,35,São Paulo,SP,3,Sudeste,3165,-35,-0.09,312,10.14,1257,2.52,99704,0,4190,95514,35889,5065,34381,20179
3528403,Mairinque,35,São Paulo,SP,3,Sudeste,49972,6749,1.22,210,237.79,17003,2.87,2144227,0.09,323851,1820376,20863,716000,844087,239426
3528502,Mairiporã,35,São Paulo,SP,3,Sudeste,93617,12661,1.22,321,291.92,32971,2.83,1931084,0.08,213658,1717427,997,338907,1002946,374576
3528601,Manduri,35,São Paulo,SP,3,Sudeste,9871,879,0.78,229,43.1,3689,2.67,260130,0.01,15665,244465,58900,37276,104102,44187
3528700,Marabá Paulista,35,São Paulo,SP,3,Sudeste,4573,-239,-0.42,920,4.97,1383,2.53,122179,0.01,2300,119879,55084,4010,25836,34949
3528809,Maracaí,35,São Paulo,SP,3,Sudeste,12673,-659,-0.42,533,23.75,4828,2.62,497377,0.02,40621,456756,95400,66260,223356,71740
3528858,Marapoama,35,São Paulo,SP,3,Sudeste,3292,659,1.88,111,29.59,1238,2.66,295810,0.01,24510,271301,38868,134686,74784,22963
3528908,Mariápolis,35,São Paulo,SP,3,Sudeste,3513,-403,-0.9,187,18.83,1382,2.54,65623,0,1405,64218,21811,3356,19186,19864
3529005,Marília,35,São Paulo,SP,3,Sudeste,237629,20884,0.77,1171,203.01,88400,2.67,8700476,0.37,819736,7880740,97553,1220083,5533366,1029738
3529104,Marinópolis,35,São Paulo,SP,3,Sudeste,1860,-253,-1.06,78,23.9,717,2.59,39819,0,1135,38684,9596,2031,13390,13668
3529203,Martinópolis,35,São Paulo,SP,3,Sudeste,24881,662,0.22,1254,19.85,8845,2.67,674232,0.03,37953,636278,142230,66516,295987,131546
3529302,Matão,35,São Paulo,SP,3,Sudeste,79033,2247,0.24,525,150.57,28821,2.74,4415471,0.19,588963,3826508,78665,1565830,1841084,340928
3529401,Mauá,35,São Paulo,SP,3,Sudeste,418261,1483,0.03,62,6753.01,152619,2.73,17127383,0.72,2421449,14705933,19,5773374,7175184,1757357
3529500,Mendonça,35,São Paulo,SP,3,Sudeste,6159,1519,2.39,195,31.56,2315,2.66,298917,0.01,29326,269591,20877,110816,102358,35540
3529609,Meridiano,35,São Paulo,SP,3,Sudeste,4572,717,1.43,228,20.04,1726,2.65,406438,0.02,35633,370805,32807,197065,115182,25751
3529658,Mesópolis,35,São Paulo,SP,3,Sudeste,1952,66,0.29,149,13.13,743,2.63,74356,0,1564,72792,37291,3089,16375,16037
3529708,Miguelópolis,35,São Paulo,SP,3,Sudeste,19441,-1010,-0.42,821,23.68,7138,2.72,1047653,0.04,22524,1025129,242051,437001,234744,111333
3529807,Mineiros do Tietê,35,São Paulo,SP,3,Sudeste,11230,-808,-0.58,213,52.66,4138,2.71,208464,0.01,13524,194940,20808,42212,77897,54023
3529906,Miracatu,35,São Paulo,SP,3,Sudeste,18553,-2039,-0.87,1001,18.53,6846,2.7,422678,0.02,25695,396984,64847,21863,218854,91419
3530003,Mira Estrela,35,São Paulo,SP,3,Sudeste,3126,306,0.86,217,14.42,1243,2.51,71547,0,2176,69371,16457,5459,25994,21461
3530102,Mirandópolis,35,São Paulo,SP,3,Sudeste,27983,500,0.15,918,30.49,9108,2.59,689323,0.03,49478,639845,133781,83886,306426,115752
3530201,Mirante do Paranapanema,35,São Paulo,SP,3,Sudeste,15917,-1142,-0.58,1239,12.85,6122,2.59,549595,0.02,34639,514956,119912,149403,162226,83415
3530300,Mirassol,35,São Paulo,SP,3,Sudeste,63337,9545,1.37,243,260.4,23213,2.72,2259474,0.1,242225,2017249,46862,574009,1130361,266018
3530409,Mirassolândia,35,São Paulo,SP,3,Sudeste,4669,374,0.7,166,28.11,1721,2.71,162533,0.01,8189,154343,70031,17706,41842,24764
3530508,Mococa,35,São Paulo,SP,3,Sudeste,67681,1391,0.17,855,79.14,24696,2.72,2611201,0.11,268070,2343132,210262,590940,1228695,313235
3530607,Mogi das Cruzes,35,São Paulo,SP,3,Sudeste,449955,62176,1.25,713,631.48,158172,2.84,16964027,0.71,2242967,14721060,531735,3796163,8658109,1735053
3530706,Mogi Guaçu,35,São Paulo,SP,3,Sudeste,153661,16416,0.95,813,189.06,54722,2.79,6168231,0.26,727648,5440583,305208,1557109,2887162,691104
3530805,Mogi Mirim,35,São Paulo,SP,3,Sudeste,92559,6054,0.57,498,185.97,33796,2.72,5044267,0.21,756952,4287315,202030,1030283,2533802,521199
3530904,Mombuca,35,São Paulo,SP,3,Sudeste,3722,456,1.1,134,27.84,1232,3.02,100670,0,4608,96062,22411,17712,31610,24329
3531001,Monções,35,São Paulo,SP,3,Sudeste,1937,-195,-0.8,104,18.56,799,2.42,64784,0,5053,59731,8208,10514,22609,18401
3531100,Mongaguá,35,São Paulo,SP,3,Sudeste,61951,15658,2.46,143,433.97,21572,2.74,1218645,0.05,65832,1152813,5694,132953,709586,304580
3531209,Monte Alegre do Sul,35,São Paulo,SP,3,Sudeste,8627,1475,1.57,110,78.21,3244,2.66,220385,0.01,16332,204053,60425,21158,80869,41602
3531308,Monte Alto,35,São Paulo,SP,3,Sudeste,47574,932,0.17,347,137.12,18050,2.63,2171450,0.09,240387,1931063,275606,505488,932437,217532
3531407,Monte Aprazível,35,São Paulo,SP,3,Sudeste,22280,534,0.2,496,44.96,8641,2.57,726388,0.03,52537,673851,77021,167317,315522,113990
3531506,Monte Azul Paulista,35,São Paulo,SP,3,Sudeste,18151,-780,-0.35,263,68.89,6769,2.68,578990,0.02,56488,522502,37864,39088,349304,96247
3531605,Monte Castelo,35,São Paulo,SP,3,Sudeste,4222,159,0.32,234,18.08,1626,2.59,118889,0.01,4922,113967,41154,7497,42994,22322
3531704,Monteiro Lobato,35,São Paulo,SP,3,Sudeste,4138,18,0.04,333,12.44,1568,2.63,72884,0,5001,67883,3995,8341,32328,23219
3531803,Monte Mor,35,São Paulo,SP,3,Sudeste,64662,15713,2.35,241,268.79,22385,2.89,3683620,0.15,542547,3141074,43586,1759700,1043419,294369
3531902,Morro Agudo,35,São Paulo,SP,3,Sudeste,27933,-1183,-0.35,1388,20.12,10018,2.78,1329812,0.06,92573,1237240,312523,280730,487621,156366
3532009,Morungaba,35,São Paulo,SP,3,Sudeste,13788,2019,1.33,147,93.95,4799,2.84,551379,0.02,80441,470938,21677,213054,171962,64245
3532058,Motuca,35,São Paulo,SP,3,Sudeste,4034,-256,-0.51,229,17.64,1412,2.86,110809,0,3308,107501,33495,11926,34477,27603
3532108,Murutinga do Sul,35,São Paulo,SP,3,Sudeste,3737,-449,-0.94,251,14.9,1480,2.51,85270,0,2634,82635,23947,2186,28646,27856
3532157,Nantes,35,São Paulo,SP,3,Sudeste,2660,-47,-0.15,287,9.28,1027,2.59,126321,0.01,9376,116944,37988,2591,52322,24043
3532207,Narandiba,35,São Paulo,SP,3,Sudeste,5713,1425,2.42,357,15.99,2063,2.77,262528,0.01,17492,245036,68035,62731,75230,39039
3532306,Natividade da Serra,35,São Paulo,SP,3,Sudeste,6999,321,0.39,833,8.4,2838,2.46,86047,0,4347,81701,8797,3110,33571,36222
3532405,Nazaré Paulista,35,São Paulo,SP,3,Sudeste,18217,1803,0.87,326,55.84,6724,2.7,414384,0.02,45611,368772,23120,83294,170557,91801
3532504,Neves Paulista,35,São Paulo,SP,3,Sudeste,9690,918,0.83,219,44.24,3715,2.6,243933,0.01,26421,217512,34262,40406,107861,34984
3532603,Nhandeara,35,São Paulo,SP,3,Sudeste,9852,-873,-0.71,436,22.59,4016,2.43,353567,0.01,21759,331809,48726,59508,165891,57683
3532702,Nipoã,35,São Paulo,SP,3,Sudeste,4750,476,0.88,138,34.52,1761,2.7,92935,0,4479,88456,17102,7619,37693,26042
3532801,Nova Aliança,35,São Paulo,SP,3,Sudeste,6693,802,1.07,218,30.77,2501,2.67,232641,0.01,13348,219293,31653,48743,103664,35233
3532827,Nova Campina,35,São Paulo,SP,3,Sudeste,8497,-18,-0.02,385,22.05,2920,2.91,137403,0.01,12677,124726,11005,28378,38486,46858
3532843,Nova Canaã Paulista,35,São Paulo,SP,3,Sudeste,2032,-82,-0.33,124,16.32,819,2.48,45893,0,1143,44750,16020,2305,12729,13695
3532868,Nova Castilho,35,São Paulo,SP,3,Sudeste,1062,-63,-0.48,183,5.79,398,2.67,55116,0,1097,54019,24996,1505,12072,15447
3532900,Nova Europa,35,São Paulo,SP,3,Sudeste,9311,11,0.01,160,58.1,3373,2.76,347438,0.01,28960,318478,21124,116703,120943,59707
3533007,Nova Granada,35,São Paulo,SP,3,Sudeste,19419,239,0.1,532,36.52,7285,2.66,482455,0.02,27511,454944,102647,33467,230436,88395
3533106,Nova Guataporanga,35,São Paulo,SP,3,Sudeste,2156,-21,-0.08,34,63.12,867,2.48,36375,0,1290,35085,3360,1912,14783,15030
3533205,Nova Independência,35,São Paulo,SP,3,Sudeste,4609,1541,3.45,265,17.39,1471,2.73,185267,0.01,13511,171756,27103,60837,52489,31327
3533254,Novais,35,São Paulo,SP,3,Sudeste,4412,-180,-0.33,118,37.46,1593,2.77,75078,0,2000,73078,13568,2561,28271,28678
3533304,Nova Luzitânia,35,São Paulo,SP,3,Sudeste,2837,-604,-1.6,74,38.43,1122,2.53,54495,0,1404,53091,7854,2642,21625,20971
3533403,Nova Odessa,35,São Paulo,SP,3,Sudeste,62019,10777,1.6,74,840.5,22197,2.79,3647306,0.15,559722,3087584,10356,932137,1847588,297502
3533502,Novo Horizonte,35,São Paulo,SP,3,Sudeste,38324,1731,0.39,932,41.13,14750,2.59,1394319,0.06,149555,1244764,143355,133835,783125,184448
3533601,Nuporanga,35,São Paulo,SP,3,Sudeste,7391,574,0.68,348,21.22,2686,2.74,723331,0.03,69652,653679,98896,278162,232117,44504
3533700,Ocauçu,35,São Paulo,SP,3,Sudeste,4331,168,0.33,301,14.39,1622,2.67,178952,0.01,5501,173451,89848,10148,48148,25306
3533809,Óleo,35,São Paulo,SP,3,Sudeste,2509,-164,-0.53,199,12.61,972,2.58,128692,0.01,2032,126660,82236,5402,21798,17224
3533908,Olímpia,35,São Paulo,SP,3,Sudeste,55075,5051,0.8,803,68.62,20417,2.69,2125601,0.09,195876,1929725,121752,476188,1074607,257179
3534005,Onda Verde,35,São Paulo,SP,3,Sudeste,4771,887,1.73,243,19.64,1703,2.8,189749,0.01,13212,176538,38281,21435,90402,26419
3534104,Oriente,35,São Paulo,SP,3,Sudeste,6085,-12,-0.02,219,27.83,2202,2.75,112840,0,9193,103647,14725,9941,48902,30079
3534203,Orindiúva,35,São Paulo,SP,3,Sudeste,6024,349,0.5,247,24.35,2117,2.83,515616,0.02,60195,455421,39912,208790,169289,37431
3534302,Orlândia,35,São Paulo,SP,3,Sudeste,38319,-1462,-0.31,292,131.34,13559,2.82,2180278,0.09,331914,1848364,63209,621991,954066,209098
3534401,Osasco,35,São Paulo,SP,3,Sudeste,743432,76692,0.91,65,11445.52,262977,2.81,76311814,3.21,12934532,63377282,1263,3745570,56542987,3087461
3534500,Oscar Bressane,35,São Paulo,SP,3,Sudeste,2470,-67,-0.22,222,11.12,960,2.57,104646,0,4034,100611,40069,12110,30426,18006
3534609,Osvaldo Cruz,35,São Paulo,SP,3,Sudeste,31272,355,0.1,248,126.08,11761,2.55,992800,0.04,98419,894382,32594,242984,492471,126333
3534708,Ourinhos,35,São Paulo,SP,3,Sudeste,103970,935,0.08,296,351.47,38002,2.73,3504209,0.15,317322,3186887,60596,511515,2120817,493959
3534757,Ouroeste,35,São Paulo,SP,3,Sudeste,10294,1889,1.7,289,35.66,4044,2.54,596081,0.03,41045,555036,49119,250686,175909,79322
3534807,Ouro Verde,35,São Paulo,SP,3,Sudeste,7779,-21,-0.02,267,29.16,2929,2.66,127357,0.01,3714,123643,26344,5237,50135,41927
3534906,Pacaembu,35,São Paulo,SP,3,Sudeste,14877,1651,0.99,339,43.84,3834,2.55,206126,0.01,8386,197740,26401,5836,103930,61574
3535002,Palestina,35,São Paulo,SP,3,Sudeste,11476,425,0.31,698,16.45,4452,2.57,429397,0.02,25049,404348,120073,96495,129394,58387
3535101,Palmares Paulista,35,São Paulo,SP,3,Sudeste,9650,-1284,-1.04,82,117.5,3433,2.81,131300,0.01,4779,126522,9790,7055,58888,50789
3535200,Palmeira d'Oeste,35,São Paulo,SP,3,Sudeste,8903,-681,-0.61,319,27.93,3535,2.51,206239,0.01,6734,199505,59506,13687,90242,36070
3535309,Palmital,35,São Paulo,SP,3,Sudeste,19594,-1592,-0.65,548,35.73,7363,2.66,825926,0.03,93717,732210,131540,97792,395267,107611
3535408,Panorama,35,São Paulo,SP,3,Sudeste,14964,381,0.22,356,42.03,5489,2.72,298575,0.01,14507,284068,37983,25085,149179,71822
3535507,Paraguaçu Paulista,35,São Paulo,SP,3,Sudeste,40989,-1289,-0.26,1001,40.93,14783,2.69,1646041,0.07,154423,1491618,115782,385889,781337,208609
3535606,Paraibuna,35,São Paulo,SP,3,Sudeste,17667,279,0.13,810,21.82,6628,2.66,325456,0.01,18815,306641,13044,88978,119596,85023
3535705,Paraíso,35,São Paulo,SP,3,Sudeste,6099,201,0.28,155,39.3,2268,2.69,266520,0.01,42793,223727,32751,76822,80262,33891
3535804,Paranapanema,35,São Paulo,SP,3,Sudeste,19395,1587,0.71,1019,19.04,6843,2.83,894412,0.04,76087,818325,280973,36089,390001,111263
3535903,Paranapuã,35,São Paulo,SP,3,Sudeste,4031,216,0.46,140,28.72,1531,2.63,146562,0.01,6441,140122,57826,6561,54558,21177
3536000,Parapuã,35,São Paulo,SP,3,Sudeste,10580,-264,-0.21,367,28.85,4102,2.57,640350,0.03,59420,580930,98005,200217,231884,50824
3536109,Pardinho,35,São Paulo,SP,3,Sudeste,7153,1571,2.09,210,34.08,2504,2.85,322482,0.01,26504,295978,26639,70994,157764,40581
3536208,Pariquera-Açu,35,São Paulo,SP,3,Sudeste,19233,787,0.35,359,53.51,6871,2.79,533919,0.02,37593,496326,76821,33551,304064,81890
3536257,Parisi,35,São Paulo,SP,3,Sudeste,2892,860,2.98,85,34.13,1108,2.61,53316,0,1431,51885,16106,1710,16960,17109
3536307,Patrocínio Paulista,35,São Paulo,SP,3,Sudeste,14488,1488,0.91,603,24.03,5023,2.88,1150896,0.05,110939,1039957,306450,337329,327253,68924
3536406,Paulicéia,35,São Paulo,SP,3,Sudeste,7955,1616,1.91,374,21.26,2930,2.7,197070,0.01,7832,189238,28517,31462,84551,44708
3536505,Paulínia,35,São Paulo,SP,3,Sudeste,110537,28391,2.5,139,796.51,37896,2.91,38572766,1.62,5882213,32690553,18946,18444196,12986131,1241279
3536570,Paulistânia,35,São Paulo,SP,3,Sudeste,2090,311,1.35,256,8.16,766,2.73,43156,0,2319,40837,9936,1816,12001,17085
3536604,Paulo de Faria,35,São Paulo,SP,3,Sudeste,7400,-1189,-1.23,738,10.03,2916,2.46,307340,0.01,7670,299670,163076,14293,77666,44635
3536703,Pederneiras,35,São Paulo,SP,3,Sudeste,44827,3330,0.65,727,61.62,15611,2.86,2334030,0.1,355951,1978079,127357,726957,922998,200767
3536802,Pedra Bela,35,São Paulo,SP,3,Sudeste,6557,777,1.06,159,41.35,2462,2.65,107472,0,5109,102363,21885,5794,45411,29273
3536901,Pedranópolis,35,São Paulo,SP,3,Sudeste,2787,229,0.72,260,10.72,1052,2.6,72995,0,2026,70969,29698,3788,18555,18927
3537008,Pedregulho,35,São Paulo,SP,3,Sudeste,15525,-175,-0.09,713,21.79,5570,2.78,1340987,0.06,42402,1298585,284094,666289,273133,75068
3537107,Pedreira,35,São Paulo,SP,3,Sudeste,43112,1554,0.31,109,396.19,15759,2.73,1378763,0.06,196298,1182464,9206,323355,639940,209963
3537156,Pedrinhas Paulista,35,São Paulo,SP,3,Sudeste,2804,-136,-0.39,152,18.41,1063,2.63,159925,0.01,13669,146256,31115,11529,81192,22420
3537206,Pedro de Toledo,35,São Paulo,SP,3,Sudeste,11281,1077,0.84,670,16.83,3945,2.85,166359,0.01,7877,158482,29504,8410,70188,50380
3537305,Penápolis,35,São Paulo,SP,3,Sudeste,61679,3169,0.44,711,86.71,23212,2.65,1708157,0.07,132869,1575288,97340,209722,963896,304330
3537404,Pereira Barreto,35,São Paulo,SP,3,Sudeste,24095,-867,-0.29,974,24.73,9238,2.6,910639,0.04,98148,812492,119412,22913,543278,126888
3537503,Pereiras,35,São Paulo,SP,3,Sudeste,8659,1205,1.26,223,38.81,3084,2.8,285528,0.01,27238,258289,28887,95750,93806,39847
3537602,Peruíbe,35,São Paulo,SP,3,Sudeste,68344,8571,1.12,326,209.51,25012,2.71,1638669,0.07,73787,1564883,30024,271629,930868,332362
3537701,Piacatu,35,São Paulo,SP,3,Sudeste,5519,232,0.36,232,23.74,2081,2.64,105500,0,3535,101965,22035,6462,43353,30116
3537800,Piedade,35,São Paulo,SP,3,Sudeste,52970,827,0.13,747,70.92,19056,2.77,1520382,0.06,86874,1433508,517360,128302,589979,197867
3537909,Pilar do Sul,35,São Paulo,SP,3,Sudeste,27611,1205,0.37,681,40.53,9571,2.88,858346,0.04,81443,776903,133915,43666,478220,121101
3538006,Pindamonhangaba,35,São Paulo,SP,3,Sudeste,165428,18433,0.99,731,226.19,57994,2.85,9034084,0.38,1697090,7336994,36010,2958493,3616480,726010
3538105,Pindorama,35,São Paulo,SP,3,Sudeste,14542,-497,-0.28,185,78.68,5459,2.65,422181,0.02,33504,388677,41517,91164,178965,77031
3538204,Pinhalzinho,35,São Paulo,SP,3,Sudeste,15219,2114,1.25,155,98.49,5651,2.68,283315,0.01,16287,267028,55752,27374,123011,60891
3538303,Piquerobi,35,São Paulo,SP,3,Sudeste,3264,-273,-0.67,483,6.76,1284,2.54,61717,0,2468,59249,13054,3392,19780,23023
3538501,Piquete,35,São Paulo,SP,3,Sudeste,12490,-1617,-1.01,176,70.97,4570,2.72,200245,0.01,9933,190313,4191,45212,88804,52105
3538600,Piracaia,35,São Paulo,SP,3,Sudeste,26029,913,0.3,386,67.51,9524,2.73,589542,0.02,48677,540865,29471,96010,291820,123565
3538709,Piracicaba,35,São Paulo,SP,3,Sudeste,423323,58752,1.25,1378,307.19,155428,2.7,27172817,1.14,6042306,21130511,157151,6868242,12256937,1848181
3538808,Piraju,35,São Paulo,SP,3,Sudeste,29436,961,0.28,505,58.34,11021,2.66,846460,0.04,55093,791367,80170,109740,469304,132153
3538907,Pirajuí,35,São Paulo,SP,3,Sudeste,22431,-273,-0.1,824,27.23,7484,2.55,493233,0.02,29225,464008,85878,31659,244099,102372
3539004,Pirangi,35,São Paulo,SP,3,Sudeste,10885,262,0.2,216,50.44,4028,2.69,385532,0.02,27728,357804,42539,67824,197465,49976
3539103,Pirapora do Bom Jesus,35,São Paulo,SP,3,Sudeste,18370,2637,1.3,108,169.33,6100,3,523356,0.02,42315,481041,211,152346,230658,97826
3539202,Pirapozinho,35,São Paulo,SP,3,Sudeste,25348,654,0.22,478,53.07,9237,2.74,967369,0.04,112341,855028,51824,304612,379734,118858
3539301,Pirassununga,35,São Paulo,SP,3,Sudeste,73545,3464,0.4,727,101.15,27609,2.66,3119280,0.13,432151,2687129,107969,643064,1566597,369500
3539400,Piratininga,35,São Paulo,SP,3,Sudeste,15107,3035,1.89,402,37.54,5245,2.86,255491,0.01,14114,241377,29352,25123,129666,57236
3539509,Pitangueiras,35,São Paulo,SP,3,Sudeste,33674,-1633,-0.39,431,78.2,11906,2.83,1278782,0.05,145395,1133387,80363,213749,670262,169013
3539608,Planalto,35,São Paulo,SP,3,Sudeste,4389,-74,-0.14,290,15.14,1645,2.67,180544,0.01,13513,167031,33882,45418,52043,35689
3539707,Platina,35,São Paulo,SP,3,Sudeste,3030,-162,-0.43,327,9.25,1133,2.67,127549,0.01,10077,117472,51066,14964,27095,24347
3539806,Poá,35,São Paulo,SP,3,Sudeste,103765,-2248,-0.18,17,6010.48,35377,2.93,3312400,0.14,378238,2934162,3655,803211,1546391,580905
3539905,Poloni,35,São Paulo,SP,3,Sudeste,5592,197,0.3,135,41.39,2168,2.58,143747,0.01,11169,132578,29553,26763,46731,29531
3540002,Pompéia,35,São Paulo,SP,3,Sudeste,20196,232,0.1,785,25.74,7313,2.76,1506759,0.06,208632,1298126,52297,582757,553619,109453
3540101,Pongaí,35,São Paulo,SP,3,Sudeste,3395,-86,-0.21,183,18.51,1363,2.49,84841,0,3413,81429,20486,4448,34945,21550
3540200,Pontal,35,São Paulo,SP,3,Sudeste,37607,-2637,-0.56,356,105.53,13115,2.82,1303919,0.05,133102,1170817,73510,380604,506051,210652
3540259,Pontalinda,35,São Paulo,SP,3,Sudeste,4127,53,0.11,210,19.7,1549,2.66,85610,0,2851,82758,30717,3768,24697,23575
3540309,Pontes Gestal,35,São Paulo,SP,3,Sudeste,2387,-131,-0.44,218,10.97,957,2.49,102180,0,10617,91564,22496,16309,30862,21897
3540408,Populina,35,São Paulo,SP,3,Sudeste,4127,-96,-0.19,316,13.06,1614,2.55,109557,0,2950,106607,39078,5102,36301,26127
3540507,Porangaba,35,São Paulo,SP,3,Sudeste,10451,2125,1.91,266,39.34,3923,2.66,201390,0.01,10383,191007,50208,16643,81075,43080
3540606,Porto Feliz,35,São Paulo,SP,3,Sudeste,56497,7604,1.21,557,101.48,18661,2.95,3136745,0.13,679330,2457415,200623,651249,1342863,262680
3540705,Porto Ferreira,35,São Paulo,SP,3,Sudeste,52649,1249,0.2,245,214.98,19049,2.76,2284887,0.1,367327,1917560,37516,759515,863235,257294
3540754,Potim,35,São Paulo,SP,3,Sudeste,20392,995,0.42,45,456.78,5742,3.05,261238,0.01,17207,244031,2451,38794,107699,95088
3540804,Potirendaba,35,São Paulo,SP,3,Sudeste,18496,3047,1.51,342,54,6808,2.71,588461,0.02,51370,537091,52930,179600,225784,78777
3540853,Pracinha,35,São Paulo,SP,3,Sudeste,2578,-280,-0.86,63,40.89,541,2.64,35875,0,704,35172,4334,2017,9224,19597
3540903,Pradópolis,35,São Paulo,SP,3,Sudeste,17078,-299,-0.14,167,102.03,5865,2.91,1068675,0.04,201605,867071,32681,391498,325330,117562
3541000,Praia Grande,35,São Paulo,SP,3,Sudeste,349935,87884,2.44,150,2338.32,130046,2.68,8113234,0.34,537348,7575886,4872,788122,5087686,1695206
3541059,Pratânia,35,São Paulo,SP,3,Sudeste,5126,527,0.91,175,29.27,1750,2.93,115913,0,4782,111131,36416,10055,36703,27958
3541109,Presidente Alves,35,São Paulo,SP,3,Sudeste,3804,-319,-0.67,287,13.27,1447,2.63,72702,0,3017,69685,19867,3453,25352,21013
3541208,Presidente Bernardes,35,São Paulo,SP,3,Sudeste,14490,920,0.55,749,19.34,4771,2.6,364664,0.02,21997,342666,50613,18178,206252,67624
3541307,Presidente Epitácio,35,São Paulo,SP,3,Sudeste,39505,-1813,-0.37,1260,31.35,15043,2.62,955683,0.04,60827,894857,67457,146694,503693,177013
3541406,Presidente Prudente,35,São Paulo,SP,3,Sudeste,225668,18058,0.7,561,402.52,85268,2.62,8506732,0.36,800855,7705877,41226,1098352,5667548,898751
3541505,Presidente Venceslau,35,São Paulo,SP,3,Sudeste,35201,-2709,-0.62,755,46.61,13692,2.51,783765,0.03,49495,734270,28284,35369,526679,143938
3541604,Promissão,35,São Paulo,SP,3,Sudeste,35131,-543,-0.13,779,45.09,12865,2.72,2047759,0.09,194871,1852888,88913,859583,711947,192445
3541653,Quadra,35,São Paulo,SP,3,Sudeste,3405,169,0.43,206,16.56,1195,2.83,125522,0.01,5199,120323,52899,5183,36368,25873
3541703,Quatá,35,São Paulo,SP,3,Sudeste,13163,364,0.23,651,20.21,4827,2.72,744440,0.03,80965,663475,71593,247554,280809,63520
3541802,Queiroz,35,São Paulo,SP,3,Sudeste,3265,457,1.26,235,13.9,1225,2.66,869319,0.04,94364,774955,101191,418925,226336,28503
3541901,Queluz,35,São Paulo,SP,3,Sudeste,9159,-2150,-1.74,249,36.72,3249,2.8,345673,0.01,40597,305076,4142,39571,198319,63044
3542008,Quintana,35,São Paulo,SP,3,Sudeste,7038,1034,1.33,319,22.07,2520,2.79,219421,0.01,18332,201088,35168,58524,76119,31278
3542107,Rafard,35,São Paulo,SP,3,Sudeste,8965,353,0.34,122,73.7,3101,2.89,383625,0.02,47574,336051,20259,141908,129789,44096
3542206,Rancharia,35,São Paulo,SP,3,Sudeste,28588,-216,-0.06,1587,18.01,10746,2.65,1322461,0.06,107785,1214676,276657,269958,527541,140520
3542305,Redenção da Serra,35,São Paulo,SP,3,Sudeste,4494,621,1.25,309,14.52,1680,2.67,62422,0,1936,60486,12176,3056,23938,21316
3542404,Regente Feijó,35,São Paulo,SP,3,Sudeste,20145,1651,0.72,263,76.52,7519,2.67,850298,0.04,110081,740217,63330,113264,464479,99144
3542503,Reginópolis,35,São Paulo,SP,3,Sudeste,7662,339,0.38,410,18.67,2142,2.64,176929,0.01,5240,171689,69728,6654,52111,43196
3542602,Registro,35,São Paulo,SP,3,Sudeste,59946,5685,0.83,722,83,21368,2.76,2187148,0.09,222847,1964301,130674,150612,1423030,259986
3542701,Restinga,35,São Paulo,SP,3,Sudeste,6404,-183,-0.23,246,26.06,2183,2.92,192918,0.01,9861,183058,46797,38645,54458,43157
3542800,Ribeira,35,São Paulo,SP,3,Sudeste,3132,-226,-0.58,336,9.33,1163,2.69,54175,0,1677,52498,15018,2146,16438,18896
3542909,Ribeirão Bonito,35,São Paulo,SP,3,Sudeste,10989,-1146,-0.82,472,23.3,4036,2.71,345639,0.01,18501,327138,59068,40492,168520,59058
3543006,Ribeirão Branco,35,São Paulo,SP,3,Sudeste,18627,358,0.16,698,26.71,6565,2.84,512145,0.02,9235,502910,301108,20738,108996,72067
3543105,Ribeirão Corrente,35,São Paulo,SP,3,Sudeste,4608,335,0.63,148,31.07,1584,2.91,175238,0.01,3974,171264,88821,9612,42486,30345
3543204,Ribeirão do Sul,35,São Paulo,SP,3,Sudeste,4677,231,0.42,203,23.02,1736,2.69,201040,0.01,17456,183584,53996,11644,90718,27226
3543238,Ribeirão dos Índios,35,São Paulo,SP,3,Sudeste,2025,-162,-0.64,196,10.31,816,2.48,42308,0,1177,41131,12372,2210,12232,14317
3543253,Ribeirão Grande,35,São Paulo,SP,3,Sudeste,7450,28,0.03,333,22.35,2673,2.79,218852,0.01,11136,207716,37412,82867,51792,35645
3543303,Ribeirão Pires,35,São Paulo,SP,3,Sudeste,115559,2205,0.16,99,1167.59,41451,2.78,3341360,0.14,400993,2940367,1588,683469,1779296,476013
3543402,Ribeirão Preto,35,São Paulo,SP,3,Sudeste,698259,93577,1.21,651,1072.73,265842,2.61,35218869,1.48,3795093,31423776,131403,3881064,24629556,2781753
3543501,Riversul,35,São Paulo,SP,3,Sudeste,5599,-564,-0.8,386,14.51,2115,2.64,85167,0,3814,81353,23156,4874,27163,26160
3543600,Rifaina,35,São Paulo,SP,3,Sudeste,4049,613,1.38,163,24.92,1455,2.76,173656,0.01,12685,160971,31433,35545,65889,28105
3543709,Rincão,35,São Paulo,SP,3,Sudeste,9098,-1316,-1.12,317,28.73,3319,2.73,209965,0.01,10108,199857,42860,19945,87587,49465
3543808,Rinópolis,35,São Paulo,SP,3,Sudeste,9259,-676,-0.59,358,25.83,3498,2.63,303134,0.01,18350,284783,93826,39453,108593,42912
3543907,Rio Claro,35,São Paulo,SP,3,Sudeste,201418,15165,0.65,498,404.11,74084,2.7,11432196,0.48,1624538,9807659,94426,3929952,4785444,997837
3544004,Rio das Pedras,35,São Paulo,SP,3,Sudeste,31328,1827,0.5,227,138.22,10674,2.93,1464968,0.06,248593,1216375,28784,279436,739407,168749
3544103,Rio Grande da Serra,35,São Paulo,SP,3,Sudeste,44170,196,0.04,36,1215.43,15740,2.8,847583,0.04,88678,758906,763,133714,447112,177317
3544202,Riolândia,35,São Paulo,SP,3,Sudeste,10309,-266,-0.21,632,16.31,3005,2.63,246046,0.01,7986,238060,82234,14043,75586,66196
3544251,Rosana,35,São Paulo,SP,3,Sudeste,17440,-2251,-1.01,744,23.44,6534,2.64,2277165,0.1,17323,2259841,68536,1863323,208533,119449
3544301,Roseira,35,São Paulo,SP,3,Sudeste,10832,1233,1.01,130,83.42,3637,2.98,338539,0.01,38452,300087,6074,78783,160077,55153
3544400,Rubiácea,35,São Paulo,SP,3,Sudeste,2700,-29,-0.09,236,11.42,1000,2.7,81573,0,2142,79431,36034,4035,19188,20174
3544509,Rubinéia,35,São Paulo,SP,3,Sudeste,3833,971,2.46,243,15.78,1501,2.55,88399,0,3181,85219,22336,4701,34292,23889
3544608,Sabino,35,São Paulo,SP,3,Sudeste,5112,-105,-0.17,305,16.75,2035,2.51,135306,0.01,4933,130373,53541,4850,46458,25524
3544707,Sagres,35,São Paulo,SP,3,Sudeste,2474,79,0.27,148,16.72,917,2.69,46478,0,965,45513,13838,2077,12889,16709
3544806,Sales,35,São Paulo,SP,3,Sudeste,6437,986,1.4,309,20.86,2474,2.59,155723,0.01,5706,150018,37363,6586,74147,31921
3544905,Sales Oliveira,35,São Paulo,SP,3,Sudeste,11411,843,0.64,306,37.32,4096,2.78,412199,0.02,28522,383677,97167,70801,164604,51106
3545001,Salesópolis,35,São Paulo,SP,3,Sudeste,15202,-433,-0.23,425,35.77,5397,2.79,244311,0.01,10564,233747,28930,11159,123852,69805
3545100,Salmourão,35,São Paulo,SP,3,Sudeste,4808,-10,-0.02,173,27.8,1798,2.66,83198,0,2133,81065,21567,4084,29620,25793
3545159,Saltinho,35,São Paulo,SP,3,Sudeste,8161,1102,1.22,100,81.82,2915,2.8,292354,0.01,46288,246066,16551,53044,133505,42967
3545209,Salto,35,São Paulo,SP,3,Sudeste,134319,28803,2.03,133,1009.48,46795,2.87,7805418,0.33,1297864,6507553,13416,1892640,4067598,533899
3545308,Salto de Pirapora,35,São Paulo,SP,3,Sudeste,43748,3616,0.72,280,156.01,15302,2.85,2105313,0.09,238347,1866966,20288,1058550,598140,189988
3545407,Salto Grande,35,São Paulo,SP,3,Sudeste,9050,263,0.25,188,48.03,3354,2.68,268222,0.01,16075,252147,32740,79015,95436,44956
3545506,Sandovalina,35,São Paulo,SP,3,Sudeste,3645,-54,-0.12,456,8,1219,2.89,436748,0.02,8253,428495,61731,281433,46703,38628
3545605,Santa Adélia,35,São Paulo,SP,3,Sudeste,14018,-315,-0.19,330,42.44,5249,2.66,356440,0.01,17749,338691,76133,10147,184938,67472
3545704,Santa Albertina,35,São Paulo,SP,3,Sudeste,6393,670,0.93,273,23.44,2569,2.47,212828,0.01,15392,197436,31852,55999,78261,31324
3545803,Santa Bárbara d'Oeste,35,São Paulo,SP,3,Sudeste,183347,3338,0.15,271,676.48,66074,2.77,6480087,0.27,809090,5670997,36355,1513001,3234756,886885
3546009,Santa Branca,35,São Paulo,SP,3,Sudeste,13975,212,0.13,272,51.33,5161,2.71,284605,0.01,15979,268626,7344,79480,109732,72070
3546108,Santa Clara d'Oeste,35,São Paulo,SP,3,Sudeste,2598,514,1.85,183,14.16,949,2.73,73993,0,3293,70700,24529,4005,22150,20015
3546207,Santa Cruz da Conceição,35,São Paulo,SP,3,Sudeste,4277,275,0.56,150,28.49,1631,2.62,144060,0.01,13659,130401,19509,17665,60322,32904
3546256,Santa Cruz da Esperança,35,São Paulo,SP,3,Sudeste,2116,163,0.67,148,14.29,768,2.76,63847,0,1440,62407,23732,3680,17031,17963
3546306,Santa Cruz das Palmeiras,35,São Paulo,SP,3,Sudeste,28864,-1068,-0.3,295,97.73,10419,2.77,580135,0.02,37767,542368,48309,21611,337518,134929
3546405,Santa Cruz do Rio Pardo,35,São Paulo,SP,3,Sudeste,46442,2521,0.47,1115,41.66,16715,2.77,2429446,0.1,271683,2157764,196339,627281,1105027,229117
3546504,Santa Ernestina,35,São Paulo,SP,3,Sudeste,6118,550,0.79,134,45.51,2204,2.77,106245,0,4569,101677,18229,6141,48502,28804
3546603,Santa Fé do Sul,35,São Paulo,SP,3,Sudeste,34794,5555,1.46,207,168.46,13404,2.59,1268451,0.05,104921,1163529,55973,204137,713240,190179
3546702,Santa Gertrudes,35,São Paulo,SP,3,Sudeste,23611,1977,0.73,98,240.22,8141,2.89,2691618,0.11,382567,2309051,17298,1574492,552688,164573
3546801,Santa Isabel,35,São Paulo,SP,3,Sudeste,53174,2721,0.44,363,146.35,18733,2.83,1608902,0.07,169546,1439356,79162,278964,834855,246375
3546900,Santa Lúcia,35,São Paulo,SP,3,Sudeste,7149,-1099,-1.18,154,46.46,2463,2.9,125727,0.01,3791,121935,33625,4765,47604,35941
3547007,Santa Maria da Serra,35,São Paulo,SP,3,Sudeste,5243,-170,-0.27,253,20.75,1854,2.83,137313,0.01,7158,130156,25569,26015,50993,27578
3547106,Santa Mercedes,35,São Paulo,SP,3,Sudeste,2956,125,0.36,167,17.73,1142,2.59,61992,0,1782,60210,18358,3087,20050,18715
3547205,Santana da Ponte Pensa,35,São Paulo,SP,3,Sudeste,1670,29,0.15,130,12.86,667,2.5,41425,0,1056,40369,12642,1993,11812,13922
3547304,Santana de Parnaíba,35,São Paulo,SP,3,Sudeste,154105,45292,2.94,180,856.38,52312,2.94,9901439,0.42,1697520,8203919,135531,1781651,5351843,934894
3547403,Santa Rita d'Oeste,35,São Paulo,SP,3,Sudeste,2733,190,0.6,210,13.03,1089,2.51,66988,0,2257,64731,19944,2186,25337,17264
3547502,Santa Rita do Passa Quatro,35,São Paulo,SP,3,Sudeste,24833,-1645,-0.53,754,32.93,9468,2.61,759046,0.03,78874,680172,68590,107069,386968,117545
3547601,Santa Rosa de Viterbo,35,São Paulo,SP,3,Sudeste,23411,-451,-0.16,289,81.13,8597,2.72,762226,0.03,106906,655320,47464,198853,291354,117649
3547650,Santa Salete,35,São Paulo,SP,3,Sudeste,1645,198,1.07,79,20.77,646,2.54,39552,0,1559,37993,11554,2048,11929,12463
3547700,Santo Anastácio,35,São Paulo,SP,3,Sudeste,17963,-2512,-1.08,553,32.49,6888,2.6,500827,0.02,36458,464369,65148,64683,247454,87083
3547809,Santo André,35,São Paulo,SP,3,Sudeste,748919,72512,0.85,176,4260.5,280389,2.66,29440477,1.24,3611497,25828980,1438,7130909,15949869,2746764
3547908,Santo Antônio da Alegria,35,São Paulo,SP,3,Sudeste,6775,471,0.6,310,21.83,2566,2.63,186670,0.01,7857,178812,71988,6998,59866,39960
3548005,Santo Antônio de Posse,35,São Paulo,SP,3,Sudeste,23244,2594,0.99,154,150.8,7986,2.9,1591867,0.07,251567,1340300,206451,300135,721006,112709
3548054,Santo Antônio do Aracanguá,35,São Paulo,SP,3,Sudeste,8379,753,0.79,1308,6.4,3141,2.67,253425,0.01,8667,244758,86268,19169,78700,60621
3548104,Santo Antônio do Jardim,35,São Paulo,SP,3,Sudeste,6126,183,0.25,110,55.71,2146,2.85,195824,0.01,10298,185527,75159,10563,71438,28366
3548203,Santo Antônio do Pinhal,35,São Paulo,SP,3,Sudeste,7133,647,0.8,133,53.63,2606,2.73,129815,0.01,5153,124662,13647,6897,66238,37879
3548302,Santo Expedito,35,São Paulo,SP,3,Sudeste,3000,197,0.57,94,31.76,1194,2.51,44972,0,1093,43880,5557,3063,17052,18207
3548401,Santópolis do Aguapeí,35,São Paulo,SP,3,Sudeste,3899,-378,-0.77,128,30.45,1470,2.65,72147,0,3136,69011,9052,3672,32910,23377
3548500,Santos,35,São Paulo,SP,3,Sudeste,418608,-792,-0.02,281,1489.53,167478,2.49,22073535,0.93,3559826,18513709,4712,1709534,14466926,2332537
3548609,São Bento do Sapucaí,35,São Paulo,SP,3,Sudeste,11684,1216,0.92,253,46.26,4289,2.71,238796,0.01,11002,227794,38941,9684,130275,48894
3548708,São Bernardo do Campo,35,São Paulo,SP,3,Sudeste,810729,45266,0.48,410,1979.65,300683,2.69,48614342,2.04,8757956,39856386,11389,9958694,26418793,3467510
3548807,São Caetano do Sul,35,São Paulo,SP,3,Sudeste,165655,16392,0.87,15,10805.23,61995,2.66,13960695,0.59,1946918,12013777,32,2949167,7540861,1523716
3548906,São Carlos,35,São Paulo,SP,3,Sudeste,254822,32872,1.16,1137,224.14,96610,2.63,12139152,0.51,1615308,10523844,167433,2993258,6171164,1191989
3549003,São Francisco,35,São Paulo,SP,3,Sudeste,2602,-191,-0.59,76,34.43,1044,2.49,47777,0,942,46834,14729,2487,14438,15180
3549102,São João da Boa Vista,35,São Paulo,SP,3,Sudeste,92535,8896,0.85,516,179.19,34665,2.66,3443741,0.14,335510,3108231,100427,694099,1898145,415560
3549201,São João das Duas Pontes,35,São Paulo,SP,3,Sudeste,2580,14,0.05,129,19.93,980,2.63,49295,0,974,48321,15297,3212,14120,15692
3549250,São João de Iracema,35,São Paulo,SP,3,Sudeste,1846,66,0.3,178,10.35,687,2.69,42534,0,1040,41494,12282,1183,12646,15383
3549300,São João do Pau d'Alho,35,São Paulo,SP,3,Sudeste,2242,139,0.53,118,19.05,925,2.41,55343,0,1459,53884,18755,2294,17232,15603
3549409,São Joaquim da Barra,35,São Paulo,SP,3,Sudeste,48558,2046,0.36,411,118.19,17407,2.78,1884291,0.08,187624,1696667,76123,540869,861662,218013
3549508,São José da Bela Vista,35,São Paulo,SP,3,Sudeste,7626,-780,-0.81,277,27.54,2667,2.85,183809,0.01,7367,176442,64183,5150,64395,42713
3549607,São José do Barreiro,35,São Paulo,SP,3,Sudeste,3853,-224,-0.47,571,6.75,1446,2.66,60253,0,1855,58398,9130,2308,21166,25794
3549706,São José do Rio Pardo,35,São Paulo,SP,3,Sudeste,52204,304,0.05,420,124.39,18753,2.77,2167056,0.09,250695,1916362,161039,473965,1045102,236256
3549805,São José do Rio Preto,35,São Paulo,SP,3,Sudeste,480439,72181,1.37,432,1112.27,185655,2.57,18694213,0.79,1845680,16848533,61762,1926117,13096810,1763843
3549904,São José dos Campos,35,São Paulo,SP,3,Sudeste,697428,67507,0.85,1099,634.37,248026,2.8,39148012,1.65,4950042,34197970,21291,13484973,17932222,2759485
3549953,São Lourenço da Serra,35,São Paulo,SP,3,Sudeste,15984,2011,1.13,186,85.73,5798,2.74,265601,0.01,19855,245746,1686,33423,140930,69708
3550001,São Luiz do Paraitinga,35,São Paulo,SP,3,Sudeste,10337,-60,-0.05,617,16.75,4165,2.47,190188,0.01,9336,180852,23066,10549,93643,53593
3550100,São Manuel,35,São Paulo,SP,3,Sudeste,37289,-1053,-0.23,651,57.3,13529,2.75,1286639,0.05,125992,1160647,129378,172536,703615,155118
3550209,São Miguel Arcanjo,35,São Paulo,SP,3,Sudeste,32039,589,0.15,930,34.44,11243,2.84,929242,0.04,34324,894918,418466,42301,303838,130313
3550308,São Paulo,35,São Paulo,SP,3,Sudeste,11451245,197742,0.15,1521,7527.76,4307693,2.65,748759007,31.49,124349146,624409861,61896,58077784,520357969,45912212
3550407,São Pedro,35,São Paulo,SP,3,Sudeste,38256,6594,1.59,611,62.58,13923,2.74,817487,0.03,64506,752981,56762,60600,478812,156807
3550506,São Pedro do Turvo,35,São Paulo,SP,3,Sudeste,7214,16,0.02,731,9.87,2608,2.76,235066,0.01,12013,223053,95993,23761,62136,41164
3550605,São Roque,35,São Paulo,SP,3,Sudeste,79484,663,0.07,307,258.98,28469,2.79,3108224,0.13,370465,2737759,47545,556806,1754878,378530
3550704,São Sebastião,35,São Paulo,SP,3,Sudeste,81540,7598,0.82,402,202.64,28961,2.81,3417181,0.14,294334,3122847,14743,214293,2231354,662457
3550803,São Sebastião da Grama,35,São Paulo,SP,3,Sudeste,10441,-1658,-1.22,252,41.37,3862,2.69,330006,0.01,23751,306254,72967,30201,151684,51403
3550902,São Simão,35,São Paulo,SP,3,Sudeste,13442,-904,-0.54,617,21.78,4878,2.75,472878,0.02,41773,431105,78027,55387,214917,82773
3551009,São Vicente,35,São Paulo,SP,3,Sudeste,329844,-2601,-0.07,148,2226.4,119668,2.71,5728474,0.24,349829,5378646,3970,470942,3421910,1481823
3551108,Sarapuí,35,São Paulo,SP,3,Sudeste,10369,1342,1.16,353,29.41,3710,2.78,187019,0.01,11152,175867,38017,26414,63909,47528
3551207,Sarutaiá,35,São Paulo,SP,3,Sudeste,3704,82,0.19,142,26.16,1362,2.69,85717,0,1372,84345,35486,3842,23901,21116
3551306,Sebastianópolis do Sul,35,São Paulo,SP,3,Sudeste,3130,99,0.27,168,18.65,1249,2.51,436201,0.02,37181,399020,46282,217561,109586,25591
3551405,Serra Azul,35,São Paulo,SP,3,Sudeste,12746,1490,1.04,283,45.02,3092,2.91,188938,0.01,5083,183855,46967,11973,61029,63886
3551504,Serrana,35,São Paulo,SP,3,Sudeste,43909,5031,1.02,126,348.36,14890,2.94,1183584,0.05,131386,1052198,22901,188540,623587,217171
3551603,Serra Negra,35,São Paulo,SP,3,Sudeste,29894,3507,1.05,204,146.73,11182,2.67,741179,0.03,57317,683862,62974,64992,431056,124840
3551702,Sertãozinho,35,São Paulo,SP,3,Sudeste,126887,16813,1.19,403,314.79,45875,2.76,6643889,0.28,846088,5797801,77621,1995325,3100575,624280
3551801,Sete Barras,35,São Paulo,SP,3,Sudeste,12730,-275,-0.18,1063,11.98,4483,2.83,351527,0.01,10937,340590,160222,22548,96844,60976
3551900,Severínia,35,São Paulo,SP,3,Sudeste,14576,-925,-0.51,140,103.77,5058,2.87,253026,0.01,13949,239076,15697,9324,135678,78377
3552007,Silveiras,35,São Paulo,SP,3,Sudeste,6186,394,0.55,415,14.91,2230,2.77,89587,0,7011,82576,10228,3732,30744,37872
3552106,Socorro,35,São Paulo,SP,3,Sudeste,40122,3436,0.75,449,89.35,15115,2.65,961731,0.04,81419,880312,89296,118582,503688,168745
3552205,Sorocaba,35,São Paulo,SP,3,Sudeste,723574,136758,1.76,450,1608.4,261509,2.75,36723769,1.54,7169139,29554630,47593,8396590,18276853,2833594
3552304,Sud Mennucci,35,São Paulo,SP,3,Sudeste,7355,-80,-0.09,595,12.37,2810,2.62,226141,0.01,11035,215106,86895,13952,70266,43993
3552403,Sumaré,35,São Paulo,SP,3,Sudeste,279546,39984,1.29,153,1821.56,98548,2.83,13751004,0.58,2268460,11482545,188424,3518626,6694864,1080631
3552502,Suzano,35,São Paulo,SP,3,Sudeste,307364,44884,1.32,206,1490.35,105760,2.9,12674723,0.53,1963410,10711313,387097,4438533,4737181,1148503
3552551,Suzanápolis,35,São Paulo,SP,3,Sudeste,3365,-18,-0.04,331,10.18,1262,2.67,296820,0.01,31539,265281,29483,126229,83195,26373
3552601,Tabapuã,35,São Paulo,SP,3,Sudeste,11323,-40,-0.03,346,32.75,4336,2.6,260517,0.01,10657,249860,63133,10808,116404,59514
3552700,Tabatinga,35,São Paulo,SP,3,Sudeste,14769,83,0.05,369,40.07,5519,2.67,296297,0.01,15255,281042,59514,25968,121909,73650
3552809,Taboão da Serra,35,São Paulo,SP,3,Sudeste,273542,29014,0.94,20,13416.81,99423,2.75,9012883,0.38,1176573,7836311,241,1859852,4862830,1113388
3552908,Taciba,35,São Paulo,SP,3,Sudeste,6260,546,0.76,607,10.31,2323,2.69,190867,0.01,5557,185310,78639,11345,52694,42631
3553005,Taguaí,35,São Paulo,SP,3,Sudeste,12669,1841,1.32,145,87.17,4353,2.91,275498,0.01,20491,255007,35837,17471,140687,61012
3553104,Taiaçu,35,São Paulo,SP,3,Sudeste,5677,-217,-0.31,107,53.03,2086,2.72,100281,0,4516,95765,24650,2806,40969,27340
3553203,Taiúva,35,São Paulo,SP,3,Sudeste,6548,1101,1.55,132,49.43,2093,2.64,116192,0,7672,108521,20221,7941,50197,30161
3553302,Tambaú,35,São Paulo,SP,3,Sudeste,21435,-971,-0.37,562,38.15,7621,2.8,599380,0.03,44078,555302,64645,120715,280860,89082
3553401,Tanabi,35,São Paulo,SP,3,Sudeste,25265,1210,0.41,747,33.81,9549,2.64,1215752,0.05,90854,1124898,120054,431956,451067,121821
3553500,Tapiraí,35,São Paulo,SP,3,Sudeste,7996,-16,-0.02,755,10.59,2812,2.84,183352,0.01,6509,176843,73776,11362,53007,38699
3553609,Tapiratiba,35,São Paulo,SP,3,Sudeste,11816,-921,-0.62,222,53.25,4205,2.79,259600,0.01,12032,247568,61692,21188,108603,56085
3553658,Taquaral,35,São Paulo,SP,3,Sudeste,2619,-107,-0.33,54,48.6,949,2.76,44492,0,1969,42523,8379,1851,14172,18121
3553708,Taquaritinga,35,São Paulo,SP,3,Sudeste,52260,-1728,-0.27,594,87.93,19812,2.63,1725184,0.07,127643,1597541,149472,227419,906690,313960
3553807,Taquarituba,35,São Paulo,SP,3,Sudeste,24350,2059,0.74,449,54.29,8369,2.77,880382,0.04,91185,789196,130698,66255,494784,97459
3553856,Taquarivaí,35,São Paulo,SP,3,Sudeste,6876,1725,2.44,232,29.66,2332,2.95,334989,0.01,25906,309083,133314,18862,122771,34136
3553906,Tarabai,35,São Paulo,SP,3,Sudeste,6536,-71,-0.09,201,32.46,2321,2.81,143040,0.01,20521,122519,19195,12451,52310,38562
3553955,Tarumã,35,São Paulo,SP,3,Sudeste,14882,1997,1.21,303,49.13,5231,2.84,853305,0.04,87717,765589,59116,321674,310073,74726
3554003,Tatuí,35,São Paulo,SP,3,Sudeste,123942,16616,1.21,524,236.64,44201,2.8,4402998,0.19,513152,3889846,142062,1043943,2198538,505303
3554102,Taubaté,35,São Paulo,SP,3,Sudeste,310739,32053,0.91,625,497.18,112842,2.74,14906023,0.63,2866820,12039203,30856,4099288,6577192,1331867
3554201,Tejupá,35,São Paulo,SP,3,Sudeste,4127,-682,-1.27,296,13.93,1434,2.88,121607,0.01,2557,119050,61990,3424,27917,25719
3554300,Teodoro Sampaio,35,São Paulo,SP,3,Sudeste,22173,787,0.3,1556,14.25,8104,2.73,581094,0.02,31509,549585,116236,85144,247987,100218
3554409,Terra Roxa,35,São Paulo,SP,3,Sudeste,7904,-601,-0.61,222,35.68,2927,2.69,160432,0.01,5676,154755,32824,14011,63049,44871
3554508,Tietê,35,São Paulo,SP,3,Sudeste,37663,828,0.19,404,93.13,13834,2.71,1970726,0.08,235806,1734920,63073,670722,800106,201020
3554607,Timburi,35,São Paulo,SP,3,Sudeste,2464,-182,-0.59,197,12.52,975,2.51,58152,0,1283,56868,19766,2874,16086,18143
3554656,Torre de Pedra,35,São Paulo,SP,3,Sudeste,2046,-208,-0.8,71,28.68,814,2.51,33931,0,1075,32856,2130,2005,13498,15224
3554706,Torrinha,35,São Paulo,SP,3,Sudeste,9335,5,0,315,29.61,3418,2.71,235341,0.01,15717,219624,45620,26048,104071,43885
3554755,Trabiju,35,São Paulo,SP,3,Sudeste,1682,138,0.72,63,26.52,598,2.81,41627,0,1645,39982,7179,3470,13599,15734
3554805,Tremembé,35,São Paulo,SP,3,Sudeste,51173,10189,1.87,191,267.79,15160,2.93,811760,0.03,70752,741008,11373,160512,368185,200938
3554904,Três Fronteiras,35,São Paulo,SP,3,Sudeste,6804,1377,1.9,152,44.88,2587,2.63,110466,0,5410,105056,21163,8671,45542,29681
3554953,Tuiuti,35,São Paulo,SP,3,Sudeste,6778,848,1.12,127,53.48,2527,2.68,186676,0.01,11811,174865,39170,7347,98449,29899
3555000,Tupã,35,São Paulo,SP,3,Sudeste,63928,452,0.06,628,101.8,24073,2.63,2036553,0.09,166873,1869680,184887,257182,1164444,263166
3555109,Tupi Paulista,35,São Paulo,SP,3,Sudeste,15854,1585,0.88,245,64.77,5573,2.52,313150,0.01,13306,299843,43062,10171,176244,70365
3555208,Turiúba,35,São Paulo,SP,3,Sudeste,1818,-112,-0.5,153,11.86,756,2.4,54958,0,1243,53715,21691,2278,14752,14994
3555307,Turmalina,35,São Paulo,SP,3,Sudeste,1669,-309,-1.41,148,11.29,713,2.34,67485,0,1559,65926,32086,3044,15478,15318
3555356,Ubarana,35,São Paulo,SP,3,Sudeste,5365,76,0.12,210,25.56,1922,2.79,402170,0.02,21827,380343,40683,221912,82067,35680
3555406,Ubatuba,35,São Paulo,SP,3,Sudeste,92980,14179,1.39,708,131.31,34009,2.73,2397632,0.1,118558,2279074,40763,284905,1506133,447273
3555505,Ubirajara,35,São Paulo,SP,3,Sudeste,5132,705,1.24,282,18.19,1832,2.8,116223,0,4376,111847,34694,5498,41289,30367
3555604,Uchoa,35,São Paulo,SP,3,Sudeste,10394,923,0.78,252,41.18,3982,2.6,351309,0.01,30972,320337,42384,109565,119065,49324
3555703,União Paulista,35,São Paulo,SP,3,Sudeste,1603,4,0.02,79,20.28,585,2.74,50725,0,1163,49562,16349,2389,15038,15787
3555802,Urânia,35,São Paulo,SP,3,Sudeste,8833,-3,0,209,42.21,3434,2.56,246762,0.01,13345,233417,76354,23278,98093,35692
3555901,Uru,35,São Paulo,SP,3,Sudeste,1387,136,0.86,147,9.44,539,2.57,44853,0,1116,43736,15364,1846,12252,14274
3556008,Urupês,35,São Paulo,SP,3,Sudeste,13744,1030,0.65,324,42.43,5205,2.63,462792,0.02,35680,427112,113197,31444,212305,70165
3556107,Valentim Gentil,35,São Paulo,SP,3,Sudeste,14098,3062,2.06,150,94.15,5173,2.72,397264,0.02,37446,359818,24796,133199,148135,53687
3556206,Valinhos,35,São Paulo,SP,3,Sudeste,126325,19532,1.41,149,850.46,46372,2.72,6864136,0.29,1194151,5669985,62297,1528405,3432183,647099
3556305,Valparaíso,35,São Paulo,SP,3,Sudeste,24241,1665,0.59,858,28.26,7766,2.74,1157113,0.05,103376,1053736,165215,400746,358136,129638
3556354,Vargem,35,São Paulo,SP,3,Sudeste,10512,1711,1.49,143,73.72,3660,2.87,145029,0.01,8800,136230,10627,12973,70305,42325
3556404,Vargem Grande do Sul,35,São Paulo,SP,3,Sudeste,40133,867,0.18,267,150.21,14593,2.74,1133433,0.05,121194,1012239,53680,162643,626404,169512
3556453,Vargem Grande Paulista,35,São Paulo,SP,3,Sudeste,50333,7336,1.32,42,1184.61,17628,2.85,2361930,0.1,412732,1949198,46259,521338,1124284,257317
3556503,Várzea Paulista,35,São Paulo,SP,3,Sudeste,115771,8682,0.65,35,3296.44,40492,2.85,3139194,0.13,425225,2713969,2598,911133,1344098,456140
3556602,Vera Cruz,35,São Paulo,SP,3,Sudeste,10176,-593,-0.47,248,41.08,3571,2.84,200805,0.01,15964,184841,20570,7481,110713,46077
3556701,Vinhedo,35,São Paulo,SP,3,Sudeste,76663,13007,1.56,81,947.04,27481,2.78,10454487,0.44,2351601,8102886,14670,3060615,4498201,529400
3556800,Viradouro,35,São Paulo,SP,3,Sudeste,17414,117,0.06,218,79.98,6230,2.79,371940,0.02,26305,345635,32577,40560,187080,85418
3556909,Vista Alegre do Alto,35,São Paulo,SP,3,Sudeste,8109,1223,1.37,95,84.97,2866,2.83,404202,0.02,51665,352537,39168,130091,139967,43311
3556958,Vitória Brasil,35,São Paulo,SP,3,Sudeste,1794,57,0.27,50,36,693,2.59,42542,0,2240,40302,7302,1898,17176,13926
3557006,Votorantim,35,São Paulo,SP,3,Sudeste,127923,19305,1.37,184,694.53,44335,2.86,3425370,0.14,408956,3016413,2005,791492,1713675,509240
3557105,Votuporanga,35,São Paulo,SP,3,Sudeste,96634,11942,1.11,421,229.7,37348,2.58,3374037,0.14,308616,3065421,53897,570909,2060409,380205
3557154,Zacarias,35,São Paulo,SP,3,Sudeste,2692,357,1.19,319,8.44,1056,2.55,113037,0,3619,109419,51589,9335,27208,21286
3557204,Chavantes,35,São Paulo,SP,3,Sudeste,12211,97,0.07,189,64.7,4343,2.8,238115,0.01,16303,221812,29939,14647,116977,60249
3557303,Estiva Gerbi,35,São Paulo,SP,3,Sudeste,11295,1251,0.98,74,152.34,3812,2.95,347057,0.01,26786,320271,66968,86720,111311,55272
4100103,Abatiá,41,Paraná,PR,4,Sul,7241,-523,-0.58,229,31.66,2714,2.65,239760,0.05,7906,231854,125850,10809,56663,38532
4100202,Adrianópolis,41,Paraná,PR,4,Sul,6256,-120,-0.16,1349,4.64,2319,2.69,285880,0.06,32193,253687,22391,151212,45635,34448
4100301,Agudos do Sul,41,Paraná,PR,4,Sul,10233,1963,1.79,192,53.22,3633,2.8,207206,0.04,12778,194428,74789,10361,64297,44981
4100400,Almirante Tamandaré,41,Paraná,PR,4,Sul,119825,16608,1.25,194,616.93,40796,2.93,1692822,0.35,161495,1531328,39268,386252,647643,458165
4100459,Altamira do Paraná,41,Paraná,PR,4,Sul,3590,-716,-1.5,387,9.28,1330,2.7,83778,0.02,3699,80080,42771,2789,19150,15370
4100509,Altônia,41,Paraná,PR,4,Sul,18738,-1778,-0.75,662,28.32,7195,2.59,418963,0.09,27860,391103,95558,26013,170324,99209
4100608,Alto Paraná,41,Paraná,PR,4,Sul,13909,246,0.15,408,34.11,5065,2.74,313154,0.06,15443,297711,109155,30489,86643,71424
4100707,Alto Piquiri,41,Paraná,PR,4,Sul,9727,-452,-0.38,448,21.73,3683,2.63,349976,0.07,22917,327060,142324,19732,113560,51444
4100806,Alvorada do Sul,41,Paraná,PR,4,Sul,10326,43,0.03,424,24.34,3888,2.62,361751,0.07,20518,341233,136799,20464,120986,62983
4100905,Amaporã,41,Paraná,PR,4,Sul,4762,-681,-1.11,385,12.38,1735,2.74,121380,0.02,7434,113946,43728,6820,30296,33102
4101002,Ampére,41,Paraná,PR,4,Sul,19620,2312,1.05,298,65.76,7293,2.69,650067,0.13,78048,572019,110656,138817,229302,93244
4101051,Anahy,41,Paraná,PR,4,Sul,2918,44,0.13,103,28.36,1116,2.61,120668,0.02,6313,114355,62159,3724,29374,19098
4101101,Andirá,41,Paraná,PR,4,Sul,19878,-732,-0.3,236,84.25,7475,2.65,785321,0.16,78652,706669,136960,152783,315508,101418
4101150,Ângulo,41,Paraná,PR,4,Sul,3235,376,1.03,106,30.51,1221,2.65,139662,0.03,8554,131108,67832,4154,39114,20008
4101200,Antonina,41,Paraná,PR,4,Sul,18091,-800,-0.36,892,20.29,6523,2.76,573234,0.12,50362,522873,15102,148860,255947,102964
4101309,Antônio Olinto,41,Paraná,PR,4,Sul,7018,-333,-0.39,470,14.94,2771,2.53,214146,0.04,7198,206948,125703,9047,34908,37289
4101408,Apucarana,41,Paraná,PR,4,Sul,130134,9215,0.61,557,233.64,48133,2.69,3338749,0.68,329807,3008942,235134,646256,1498557,628995
4101507,Arapongas,41,Paraná,PR,4,Sul,119138,14988,1.13,382,311.7,43965,2.71,4463602,0.91,504950,3958652,301874,1284735,1796868,575175
4101606,Arapoti,41,Paraná,PR,4,Sul,25777,-78,-0.03,1358,18.98,9190,2.8,1279803,0.26,157572,1122231,348677,251590,382395,139570
4101655,Arapuã,41,Paraná,PR,4,Sul,3527,-30,-0.07,217,16.23,1337,2.64,127729,0.03,5747,121982,67021,4661,29474,20826
4101705,Araruna,41,Paraná,PR,4,Sul,14485,1066,0.64,493,29.37,5462,2.65,533492,0.11,52380,481113,178264,103465,128597,70787
4101804,Araucária,41,Paraná,PR,4,Sul,151666,32543,2.03,469,323.22,53283,2.84,19724416,4.04,3271279,16453137,203073,10127952,5106006,1016108
4101853,Ariranha do Ivaí,41,Paraná,PR,4,Sul,2329,-84,-0.29,234,9.95,894,2.61,125318,0.03,2943,122376,81878,4265,19632,16601
4101903,Assaí,41,Paraná,PR,4,Sul,13797,-2557,-1.41,440,31.33,5145,2.66,495551,0.1,28603,466948,151604,62501,175213,77630
4102000,Assis Chateaubriand,41,Paraná,PR,4,Sul,36808,3771,0.9,981,37.53,13907,2.64,1394376,0.29,117301,1277074,470921,102064,536866,167223
4102109,Astorga,41,Paraná,PR,4,Sul,25475,777,0.26,435,58.59,9560,2.66,868133,0.18,58577,809556,253907,116249,316572,122828
4102208,Atalaia,41,Paraná,PR,4,Sul,3980,67,0.14,138,28.91,1469,2.61,184711,0.04,12531,172180,73402,17430,55436,25911
4102307,Balsa Nova,41,Paraná,PR,4,Sul,13395,2095,1.43,349,38.39,4792,2.79,711869,0.15,91390,620479,83458,265362,196461,75198
4102406,Bandeirantes,41,Paraná,PR,4,Sul,31273,-911,-0.24,445,70.25,11315,2.75,1004321,0.21,59138,945182,302920,91959,401321,148982
4102505,Barbosa Ferraz,41,Paraná,PR,4,Sul,10795,-1861,-1.32,539,20.04,4306,2.5,281720,0.06,12772,268948,114391,11225,86608,56725
4102604,Barracão,41,Paraná,PR,4,Sul,9759,24,0.02,161,60.53,3602,2.69,268142,0.05,27441,240702,47283,23116,121779,48523
4102703,Barra do Jacaré,41,Paraná,PR,4,Sul,2814,87,0.26,116,24.29,1045,2.69,123188,0.03,4952,118236,61480,15746,22840,18170
4102752,Bela Vista da Caroba,41,Paraná,PR,4,Sul,4031,86,0.18,148,27.22,1461,2.76,93955,0.02,4126,89829,44822,4040,20413,20554
4102802,Bela Vista do Paraíso,41,Paraná,PR,4,Sul,14833,-246,-0.14,243,61.12,5533,2.67,527482,0.11,59460,468023,101865,33252,262052,70854
4102901,Bituruna,41,Paraná,PR,4,Sul,15533,-563,-0.3,1235,12.58,5183,2.99,443581,0.09,32409,411172,143781,80111,106376,80903
4103008,Boa Esperança,41,Paraná,PR,4,Sul,4558,-2,0,303,15.06,1731,2.63,276240,0.06,13329,262911,153386,9918,71421,28186
4103024,Boa Esperança do Iguaçu,41,Paraná,PR,4,Sul,2455,-309,-0.98,152,16.17,881,2.77,117740,0.02,6670,111070,58474,5605,27918,19073
4103040,Boa Ventura de São Roque,41,Paraná,PR,4,Sul,6378,-94,-0.12,620,10.28,2239,2.81,300664,0.06,36106,264558,119276,35674,72951,36657
4103057,Boa Vista da Aparecida,41,Paraná,PR,4,Sul,7924,-15,-0.02,266,29.77,2898,2.73,180591,0.04,9155,171436,61159,8978,58301,42998
4103107,Bocaiúva do Sul,41,Paraná,PR,4,Sul,13281,2294,1.59,826,16.09,4649,2.85,233071,0.05,15832,217239,24313,57279,74136,61510
4103156,Bom Jesus do Sul,41,Paraná,PR,4,Sul,3980,184,0.4,176,22.6,1540,2.58,91759,0.02,3509,88250,44026,5629,17531,21065
4103206,Bom Sucesso,41,Paraná,PR,4,Sul,6581,20,0.03,323,20.39,2440,2.7,147465,0.03,6122,141344,62342,8625,35324,35052
4103222,Bom Sucesso do Sul,41,Paraná,PR,4,Sul,3202,-91,-0.23,196,16.34,1181,2.71,262499,0.05,22585,239913,125272,13297,79202,22142
4103305,Borrazópolis,41,Paraná,PR,4,Sul,7735,-143,-0.15,334,23.13,3054,2.53,230984,0.05,14204,216780,90004,9872,79159,37745
4103354,Braganey,41,Paraná,PR,4,Sul,4854,-881,-1.38,343,14.14,1862,2.61,244817,0.05,12162,232655,134388,8822,59141,30303
4103370,Brasilândia do Sul,41,Paraná,PR,4,Sul,3708,499,1.21,291,12.74,1424,2.6,217698,0.04,18421,199276,94080,6957,79463,18777
4103404,Cafeara,41,Paraná,PR,4,Sul,2627,-68,-0.21,186,14.14,1008,2.61,77019,0.02,2666,74353,34689,3425,17098,19141
4103453,Cafelândia,41,Paraná,PR,4,Sul,18997,4335,2.18,275,69.1,6776,2.8,2094173,0.43,233847,1860327,212152,824870,721204,102100
4103479,Cafezal do Sul,41,Paraná,PR,4,Sul,4473,183,0.35,335,13.34,1730,2.58,130647,0.03,5752,124895,63088,5901,32616,23290
4103503,Califórnia,41,Paraná,PR,4,Sul,8710,641,0.64,142,61.42,3185,2.72,218297,0.04,20937,197360,69175,15131,72480,40573
4103602,Cambará,41,Paraná,PR,4,Sul,23210,-676,-0.24,366,63.39,8362,2.76,799524,0.16,77255,722269,155289,153147,295250,118583
4103701,Cambé,41,Paraná,PR,4,Sul,107208,10221,0.84,495,216.42,39157,2.73,4649742,0.95,671983,3977759,363597,1148538,1982999,482626
4103800,Cambira,41,Paraná,PR,4,Sul,9460,2224,2.26,165,57.41,3530,2.68,245643,0.05,29518,216124,65419,38223,71845,40637
4103909,Campina da Lagoa,41,Paraná,PR,4,Sul,15723,329,0.18,797,19.74,6022,2.6,550890,0.11,29969,520921,244847,33491,173779,68803
4103958,Campina do Simão,41,Paraná,PR,4,Sul,3936,-140,-0.29,448,8.78,1379,2.85,130686,0.03,3093,127593,80762,4152,20139,22541
4104006,Campina Grande do Sul,41,Paraná,PR,4,Sul,47799,9030,1.76,539,88.64,16918,2.82,1745772,0.36,424821,1320952,23600,167423,921370,208559
4104055,Campo Bonito,41,Paraná,PR,4,Sul,4027,-380,-0.75,434,9.28,1463,2.75,240611,0.05,8450,232161,158261,7376,41366,25158
4104105,Campo do Tenente,41,Paraná,PR,4,Sul,7508,383,0.44,304,24.66,2460,3.05,206869,0.04,13212,193658,75686,20994,59503,37475
4104204,Campo Largo,41,Paraná,PR,4,Sul,136327,24114,1.64,1244,109.63,49352,2.76,4719807,0.97,744965,3974841,103827,1477664,1777229,616122
4104253,Campo Magro,41,Paraná,PR,4,Sul,29879,5036,1.55,275,108.51,10759,2.77,502213,0.1,50987,451226,59796,81759,169385,140287
4104303,Campo Mourão,41,Paraná,PR,4,Sul,99432,12255,1.1,750,132.64,37342,2.65,4587664,0.94,573511,4014153,334237,910020,2321130,448767
4104402,Cândido de Abreu,41,Paraná,PR,4,Sul,15244,-1411,-0.73,1510,10.09,5588,2.73,386649,0.08,22901,363748,168378,12370,109611,73389
4104428,Candói,41,Paraná,PR,4,Sul,14973,-10,-0.01,1513,9.9,5317,2.81,725162,0.15,40266,684896,367082,47388,187063,83362
4104451,Cantagalo,41,Paraná,PR,4,Sul,10933,-2019,-1.4,583,18.74,3894,2.8,305752,0.06,15626,290126,126638,18002,85109,60376
4104501,Capanema,41,Paraná,PR,4,Sul,20481,1955,0.84,419,48.88,7854,2.6,799686,0.16,62172,737515,174279,218361,251718,93156
4104600,Capitão Leônidas Marques,41,Paraná,PR,4,Sul,14648,-350,-0.2,280,52.3,5488,2.67,1393985,0.29,41800,1352185,105000,981944,185162,80080
4104659,Carambeí,41,Paraná,PR,4,Sul,23283,4120,1.64,650,35.84,7903,2.94,1460111,0.3,142093,1318018,450136,297136,442218,128528
4104709,Carlópolis,41,Paraná,PR,4,Sul,16905,3199,1.76,451,37.45,6181,2.72,401277,0.08,21235,380042,156364,23575,133665,66438
4104808,Cascavel,41,Paraná,PR,4,Sul,348051,61874,1.64,2091,166.44,129853,2.66,14155106,2.9,1718517,12436589,1190781,2584559,7105559,1555691
4104907,Castro,41,Paraná,PR,4,Sul,73044,5960,0.71,2532,28.85,25021,2.91,3291753,0.67,347162,2944591,766391,642788,1176950,358462
4105003,Catanduvas,41,Paraná,PR,4,Sul,10446,244,0.2,580,18,3371,3.05,347800,0.07,19734,328066,164839,16578,96822,49827
4105102,Centenário do Sul,41,Paraná,PR,4,Sul,10832,-358,-0.27,372,29.13,4243,2.54,276120,0.06,14450,261670,102629,15781,90365,52894
4105201,Cerro Azul,41,Paraná,PR,4,Sul,16134,-804,-0.4,1341,12.03,5839,2.76,351126,0.07,10009,341118,157808,24755,71133,87422
4105300,Céu Azul,41,Paraná,PR,4,Sul,11087,55,0.04,1179,9.4,4177,2.65,805987,0.17,64860,741127,253689,187938,236323,63177
4105409,Chopinzinho,41,Paraná,PR,4,Sul,21079,1400,0.57,960,21.96,7727,2.72,847240,0.17,63608,783632,257578,125868,289923,110263
4105508,Cianorte,41,Paraná,PR,4,Sul,79527,9569,1.07,812,97.98,29525,2.69,2687418,0.55,259101,2428317,253321,600799,1184858,389338
4105607,Cidade Gaúcha,41,Paraná,PR,4,Sul,11467,405,0.3,403,28.45,4244,2.69,421209,0.09,33007,388202,63965,110056,149499,64682
4105706,Clevelândia,41,Paraná,PR,4,Sul,15070,-2170,-1.11,704,21.42,5309,2.82,596663,0.12,38142,558521,206173,79516,191916,80916
4105805,Colombo,41,Paraná,PR,4,Sul,232056,19062,0.72,198,1174.49,81684,2.84,4957401,1.02,653195,4304207,111245,1087364,2069785,1035813
4105904,Colorado,41,Paraná,PR,4,Sul,22896,547,0.2,408,56.18,8810,2.58,716585,0.15,54199,662385,79358,149821,310156,123049
4106001,Congonhinhas,41,Paraná,PR,4,Sul,8320,41,0.04,536,15.52,3152,2.63,264170,0.05,15789,248382,113026,23259,68196,43901
4106100,Conselheiro Mairinck,41,Paraná,PR,4,Sul,3461,-175,-0.41,205,16.91,1341,2.58,118003,0.02,3905,114098,61583,7079,22810,22626
4106209,Contenda,41,Paraná,PR,4,Sul,19128,3237,1.56,299,63.97,6796,2.81,450058,0.09,35775,414283,109905,42008,173695,88676
4106308,Corbélia,41,Paraná,PR,4,Sul,17470,1158,0.57,529,33.02,6417,2.71,1031216,0.21,56540,974675,522380,59101,303259,89935
4106407,Cornélio Procópio,41,Paraná,PR,4,Sul,45206,-1722,-0.31,635,71.18,16959,2.64,1749596,0.36,165104,1584492,202427,298954,847984,235126
4106456,Coronel Domingos Soares,41,Paraná,PR,4,Sul,5649,-1373,-1.8,1556,3.63,2006,2.81,229582,0.05,13152,216429,101743,35034,36829,42823
4106506,Coronel Vivida,41,Paraná,PR,4,Sul,23331,1582,0.59,684,34.09,8594,2.71,729194,0.15,62812,666381,178079,97918,287348,103036
4106555,Corumbataí do Sul,41,Paraná,PR,4,Sul,3760,-242,-0.52,164,22.88,1468,2.56,82029,0.02,4116,77913,31980,3577,21404,20952
4106571,Cruzeiro do Iguaçu,41,Paraná,PR,4,Sul,4133,-145,-0.29,162,25.53,1547,2.67,154841,0.03,10357,144485,61552,18393,36493,28047
4106605,Cruzeiro do Oeste,41,Paraná,PR,4,Sul,23831,3447,1.31,776,30.71,8710,2.58,832111,0.17,74734,757376,140330,165851,342786,108410
4106704,Cruzeiro do Sul,41,Paraná,PR,4,Sul,4494,-69,-0.13,259,17.34,1729,2.6,197191,0.04,6675,190516,127196,6632,31046,25641
4106803,Cruz Machado,41,Paraná,PR,4,Sul,15978,-2062,-1.01,1478,10.81,5682,2.81,441263,0.09,16493,424770,231931,16160,84802,91878
4106852,Cruzmaltina,41,Paraná,PR,4,Sul,2882,-280,-0.77,312,9.23,1071,2.69,160516,0.03,11506,149011,75731,4849,49793,18638
4106902,Curitiba,41,Paraná,PR,4,Sul,1773733,21826,0.1,435,4078.56,685879,2.58,88308728,18.1,15281318,73027410,16445,14635594,49414130,8961241
4107009,Curiúva,41,Paraná,PR,4,Sul,13647,-276,-0.17,576,23.68,5044,2.7,232004,0.05,14312,217692,57906,13397,75931,70457
4107108,Diamante do Norte,41,Paraná,PR,4,Sul,5142,-374,-0.58,243,21.17,1887,2.72,397877,0.08,16640,381237,35282,233147,83266,29543
4107124,Diamante do Sul,41,Paraná,PR,4,Sul,3171,-339,-0.84,347,9.13,1183,2.68,69556,0.01,1822,67734,33527,2338,11060,20809
4107157,Diamante D'Oeste,41,Paraná,PR,4,Sul,4557,-470,-0.81,309,14.74,1687,2.69,112942,0.02,4760,108182,50771,4252,23833,29327
4107207,Dois Vizinhos,41,Paraná,PR,4,Sul,44869,8690,1.81,419,107.18,16963,2.64,1796592,0.37,164202,1632389,271468,361224,794745,204953
4107256,Douradina,41,Paraná,PR,4,Sul,9161,1716,1.74,421,21.78,3461,2.65,677072,0.14,365643,311429,35584,64996,162784,48064
4107306,Doutor Camargo,41,Paraná,PR,4,Sul,6327,499,0.69,118,53.49,2527,2.5,218827,0.04,14378,204449,80224,19031,73712,31482
4107405,Enéas Marques,41,Paraná,PR,4,Sul,5999,-104,-0.14,192,31.21,2207,2.71,244615,0.05,19078,225537,104239,41273,45514,34511
4107504,Engenheiro Beltrão,41,Paraná,PR,4,Sul,12454,-1452,-0.91,467,26.64,4798,2.59,553562,0.11,32633,520929,239000,32532,179049,70348
4107520,Esperança Nova,41,Paraná,PR,4,Sul,1849,-121,-0.53,141,13.09,709,2.61,61827,0.01,2191,59636,30204,4635,10751,14045
4107538,Entre Rios do Oeste,41,Paraná,PR,4,Sul,4575,649,1.28,121,37.82,1711,2.67,292787,0.06,23004,269783,89900,43255,98508,38120
4107546,Espigão Alto do Iguaçu,41,Paraná,PR,4,Sul,4797,120,0.21,326,14.69,1734,2.76,160154,0.03,7216,152938,83192,16342,27397,26007
4107553,Farol,41,Paraná,PR,4,Sul,3039,-433,-1.1,289,10.51,1137,2.67,217147,0.04,9357,207790,133129,7690,44867,22104
4107603,Faxinal,41,Paraná,PR,4,Sul,16389,75,0.04,716,22.89,6106,2.67,471622,0.1,33054,438569,125024,35942,190849,86753
4107652,Fazenda Rio Grande,41,Paraná,PR,4,Sul,148873,67198,5.13,117,1275.93,50435,2.95,2771416,0.57,495423,2275994,35190,638530,1099810,502464
4107702,Fênix,41,Paraná,PR,4,Sul,4492,-310,-0.55,234,19.19,1773,2.52,212031,0.04,10279,201752,107372,9970,57164,27246
4107736,Fernandes Pinheiro,41,Paraná,PR,4,Sul,6255,323,0.44,407,15.39,2163,2.89,225376,0.05,8931,216445,127717,14230,40885,33613
4107751,Figueira,41,Paraná,PR,4,Sul,8062,-231,-0.24,130,62.13,2946,2.74,138404,0.03,8271,130133,19828,23185,48074,39047
4107801,Floraí,41,Paraná,PR,4,Sul,4792,-258,-0.44,191,25.07,1933,2.47,234246,0.05,15145,219101,94869,26237,69785,28209
4107850,Flor da Serra do Sul,41,Paraná,PR,4,Sul,4364,-434,-0.79,256,17.07,1625,2.68,152377,0.03,8883,143495,69147,6857,39750,27740
4107900,Floresta,41,Paraná,PR,4,Sul,10458,4527,4.84,158,66.1,3872,2.7,261778,0.05,21745,240033,78449,25969,98623,36992
4108007,Florestópolis,41,Paraná,PR,4,Sul,11446,224,0.16,247,46.37,4264,2.68,469372,0.1,28068,441304,148922,105750,131803,54828
4108106,Flórida,41,Paraná,PR,4,Sul,2652,109,0.35,83,31.93,968,2.74,75520,0.02,3702,71818,23573,6953,22680,18612
4108205,Formosa do Oeste,41,Paraná,PR,4,Sul,7635,94,0.1,276,27.67,3014,2.53,313395,0.06,21099,292297,142159,15392,99798,34948
4108304,Foz do Iguaçu,41,Paraná,PR,4,Sul,285415,29327,0.91,609,468.51,100235,2.82,17883003,3.67,743973,17139031,102481,11078328,4528645,1429576
4108320,Francisco Alves,41,Paraná,PR,4,Sul,8116,1698,1.98,322,25.21,2863,2.83,241414,0.05,14256,227158,117612,9524,69177,30846
4108403,Francisco Beltrão,41,Paraná,PR,4,Sul,96666,17723,1.7,735,131.5,36858,2.59,3193227,0.65,330470,2862757,272719,538765,1614032,437241
4108452,Foz do Jordão,41,Paraná,PR,4,Sul,4926,-494,-0.79,235,20.93,1781,2.77,171347,0.04,5478,165868,82264,24292,31026,28286
4108502,General Carneiro,41,Paraná,PR,4,Sul,11062,-2607,-1.75,1071,10.33,3835,2.87,357997,0.07,19921,338076,163006,30641,79295,65134
4108551,Godoy Moreira,41,Paraná,PR,4,Sul,2977,-360,-0.95,131,22.72,1184,2.51,64834,0.01,1858,62976,27916,2256,13376,19427
4108601,Goioerê,41,Paraná,PR,4,Sul,28437,-581,-0.17,564,50.41,10761,2.64,1019367,0.21,89874,929493,222801,117094,448567,141031
4108650,Goioxim,41,Paraná,PR,4,Sul,6566,-937,-1.11,702,9.35,2305,2.85,282538,0.06,12000,270538,170259,9440,55576,35263
4108700,Grandes Rios,41,Paraná,PR,4,Sul,5641,-984,-1.33,314,17.95,2121,2.64,137731,0.03,5149,132583,63606,5447,34727,28804
4108809,Guaíra,41,Paraná,PR,4,Sul,32097,1393,0.37,564,56.94,11741,2.72,1127365,0.23,88103,1039262,266625,97997,503224,171416
4108908,Guairaçá,41,Paraná,PR,4,Sul,6544,347,0.46,494,13.25,2417,2.71,247094,0.05,13876,233218,105796,26797,65184,35441
4108957,Guamiranga,41,Paraná,PR,4,Sul,7856,-44,-0.05,245,32.09,2793,2.8,268374,0.06,9292,259081,165960,11729,40404,40989
4109005,Guapirama,41,Paraná,PR,4,Sul,4626,735,1.45,189,24.46,1730,2.67,138827,0.03,7022,131805,63187,15392,28996,24231
4109104,Guaporema,41,Paraná,PR,4,Sul,2191,-35,-0.13,201,10.89,833,2.62,72307,0.01,2169,70137,39681,2534,11767,16155
4109203,Guaraci,41,Paraná,PR,4,Sul,4748,-387,-0.65,212,22.43,1815,2.6,148115,0.03,8127,139988,65800,8217,33419,32551
4109302,Guaraniaçu,41,Paraná,PR,4,Sul,13735,-847,-0.5,1238,11.09,5255,2.6,471309,0.1,27537,443772,209057,24287,143723,66705
4109401,Guarapuava,41,Paraná,PR,4,Sul,182093,14679,0.7,3168,57.48,63944,2.83,7515223,1.54,963436,6551787,707200,1531261,3485031,828296
4109500,Guaraqueçaba,41,Paraná,PR,4,Sul,7430,-441,-0.48,2011,3.69,2577,2.86,113509,0.02,4348,109160,33522,5658,31277,38704
4109609,Guaratuba,41,Paraná,PR,4,Sul,42062,9967,2.28,1327,31.7,15359,2.73,883637,0.18,61540,822097,58319,93648,445845,224285
4109658,Honório Serpa,41,Paraná,PR,4,Sul,4941,-1014,-1.54,502,9.84,1775,2.78,237381,0.05,19068,218313,119271,25383,42280,31378
4109708,Ibaiti,41,Paraná,PR,4,Sul,28830,17,0,898,32.1,10746,2.67,770766,0.16,63524,707242,153434,95944,316099,141765
4109757,Ibema,41,Paraná,PR,4,Sul,6218,152,0.21,145,42.75,2350,2.65,168622,0.03,9956,158666,64820,20343,40895,32608
4109807,Ibiporã,41,Paraná,PR,4,Sul,51603,3405,0.57,298,173.31,18786,2.73,2658812,0.54,461918,2196894,122420,501044,1293583,279848
4109906,Icaraíma,41,Paraná,PR,4,Sul,8991,152,0.14,675,13.32,3335,2.68,258088,0.05,16681,241407,72680,41508,85430,41789
4110003,Iguaraçu,41,Paraná,PR,4,Sul,5338,1356,2.47,165,32.35,1957,2.72,183362,0.04,11724,171638,75082,10121,55903,30532
4110052,Iguatu,41,Paraná,PR,4,Sul,2144,-90,-0.34,107,20.05,828,2.58,91613,0.02,3642,87971,49022,3376,19070,16503
4110078,Imbaú,41,Paraná,PR,4,Sul,14249,2746,1.8,331,43.08,4751,3,228709,0.05,19541,209167,36784,29493,81045,61846
4110102,Imbituva,41,Paraná,PR,4,Sul,29924,1469,0.42,757,39.55,10314,2.89,1045933,0.21,69864,976069,345045,199428,286785,144811
4110201,Inácio Martins,41,Paraná,PR,4,Sul,9670,-1273,-1.03,936,10.33,3294,2.93,235036,0.05,13102,221934,93765,23207,50219,54743
4110300,Inajá,41,Paraná,PR,4,Sul,2536,-452,-1.36,195,13.02,996,2.55,51835,0.01,1928,49906,17009,2059,12186,18653
4110409,Indianópolis,41,Paraná,PR,4,Sul,4448,149,0.28,123,36.27,1667,2.67,467160,0.1,43516,423644,39769,215614,141470,26791
4110508,Ipiranga,41,Paraná,PR,4,Sul,14142,51,0.03,901,15.7,4914,2.88,568980,0.12,28432,540548,309650,30055,126951,73892
4110607,Iporã,41,Paraná,PR,4,Sul,15746,765,0.42,648,24.3,5761,2.72,443046,0.09,25430,417616,147876,43913,161341,64486
4110656,Iracema do Oeste,41,Paraná,PR,4,Sul,2343,-235,-0.79,82,28.74,866,2.71,90392,0.02,5167,85225,40411,3053,24345,17416
4110706,Irati,41,Paraná,PR,4,Sul,59250,3043,0.44,1000,59.28,21729,2.72,2047623,0.42,240637,1806987,420964,282778,833598,269646
4110805,Iretama,41,Paraná,PR,4,Sul,10684,62,0.05,570,18.73,3956,2.68,303133,0.06,16784,286349,112480,11094,108692,54083
4110904,Itaguajé,41,Paraná,PR,4,Sul,4481,-87,-0.16,194,23.06,1678,2.66,113339,0.02,4901,108437,48514,4046,29042,26835
4110953,Itaipulândia,41,Paraná,PR,4,Sul,11485,2459,2.03,331,34.71,4120,2.79,453633,0.09,35681,417952,86030,101022,143033,87867
4111001,Itambaracá,41,Paraná,PR,4,Sul,5908,-851,-1.12,207,28.49,2184,2.68,203916,0.04,9287,194629,92772,20618,48862,32377
4111100,Itambé,41,Paraná,PR,4,Sul,6111,132,0.18,244,25.06,2334,2.62,244775,0.05,14487,230287,107503,11891,78347,32546
4111209,Itapejara d'Oeste,41,Paraná,PR,4,Sul,12344,1813,1.33,254,48.6,4487,2.74,699177,0.14,68980,630197,147106,178886,244736,59469
4111258,Itaperuçu,41,Paraná,PR,4,Sul,31217,7173,2.2,323,96.65,10515,2.97,573679,0.12,53338,520341,28529,95038,270263,126511
4111308,Itaúna do Sul,41,Paraná,PR,4,Sul,3572,-11,-0.03,129,27.72,1313,2.72,84426,0.02,6370,78057,16793,9207,33247,18810
4111407,Ivaí,41,Paraná,PR,4,Sul,13229,414,0.27,608,21.76,4584,2.88,468418,0.1,23479,444939,230675,51682,101862,60719
4111506,Ivaiporã,41,Paraná,PR,4,Sul,32720,864,0.22,437,74.88,12760,2.55,862917,0.18,67049,795868,131135,50351,463503,150878
4111555,Ivaté,41,Paraná,PR,4,Sul,6831,-683,-0.79,410,16.65,2581,2.64,202615,0.04,12928,189687,37080,48787,62920,40900
4111605,Ivatuba,41,Paraná,PR,4,Sul,2708,-302,-0.88,97,28.02,1066,2.52,140323,0.03,7551,132772,51134,4535,56639,20463
4111704,Jaboti,41,Paraná,PR,4,Sul,5427,525,0.85,139,38.97,2046,2.65,124235,0.03,5084,119151,51635,7394,31171,28950
4111803,Jacarezinho,41,Paraná,PR,4,Sul,40375,1254,0.26,603,67.01,14378,2.8,1430558,0.29,138305,1292253,154759,353702,592317,191476
4111902,Jaguapitã,41,Paraná,PR,4,Sul,15122,2897,1.79,475,31.84,5506,2.73,927457,0.19,95180,832277,151672,294574,312614,73417
4112009,Jaguariaíva,41,Paraná,PR,4,Sul,35141,2535,0.63,1453,24.18,12769,2.74,1416226,0.29,187874,1228352,191631,507383,358106,171231
4112108,Jandaia do Sul,41,Paraná,PR,4,Sul,21408,1139,0.46,188,114.12,8167,2.6,766271,0.16,98386,667885,55633,157937,353739,100577
4112207,Janiópolis,41,Paraná,PR,4,Sul,5870,-662,-0.89,336,17.49,2314,2.53,250314,0.05,9584,240729,140712,8640,60519,30859
4112306,Japira,41,Paraná,PR,4,Sul,4972,131,0.22,188,26.47,1833,2.71,117226,0.02,3165,114061,64913,4230,18348,26570
4112405,Japurá,41,Paraná,PR,4,Sul,9144,595,0.56,165,55.36,3472,2.63,312735,0.06,35354,277381,67533,45884,116137,47826
4112504,Jardim Alegre,41,Paraná,PR,4,Sul,12004,-324,-0.22,413,29.04,4569,2.63,323139,0.07,23172,299967,94202,25268,124285,56212
4112603,Jardim Olinda,41,Paraná,PR,4,Sul,1343,-66,-0.4,129,10.45,496,2.71,46178,0.01,1890,44288,20870,3418,8026,11974
4112702,Jataizinho,41,Paraná,PR,4,Sul,11813,-62,-0.04,159,74.21,4260,2.76,247006,0.05,15577,231429,55642,20236,90106,65446
4112751,Jesuítas,41,Paraná,PR,4,Sul,10506,1505,1.3,247,42.45,3788,2.77,391411,0.08,30947,360465,130463,61447,123716,44839
4112801,Joaquim Távora,41,Paraná,PR,4,Sul,11945,1209,0.89,289,41.31,4369,2.71,653159,0.13,70570,582589,61880,191974,269897,58839
4112900,Jundiaí do Sul,41,Paraná,PR,4,Sul,3333,-100,-0.25,321,10.39,1251,2.66,114580,0.02,2694,111885,70522,4207,17475,19682
4112959,Juranda,41,Paraná,PR,4,Sul,7771,122,0.13,354,21.93,2930,2.65,400997,0.08,26604,374393,181415,19727,135467,37784
4113007,Jussara,41,Paraná,PR,4,Sul,6690,80,0.1,211,31.73,2496,2.68,371340,0.08,34275,337065,79303,87481,129009,41273
4113106,Kaloré,41,Paraná,PR,4,Sul,4582,76,0.14,193,23.7,1752,2.59,145864,0.03,8032,137832,60623,8997,44621,23591
4113205,Lapa,41,Paraná,PR,4,Sul,45003,71,0.01,2094,21.49,16656,2.7,2026467,0.42,172392,1854075,432259,542783,639387,239647
4113254,Laranjal,41,Paraná,PR,4,Sul,5600,-760,-1.05,559,10.01,1888,2.96,100887,0.02,3479,97408,47326,2586,18311,29185
4113304,Laranjeiras do Sul,41,Paraná,PR,4,Sul,32227,1426,0.38,674,47.84,11861,2.69,888891,0.18,76678,812213,168086,99668,392581,151878
4113403,Leópolis,41,Paraná,PR,4,Sul,3752,-393,-0.83,345,10.88,1414,2.65,187857,0.04,5339,182518,118798,6646,32364,24710
4113429,Lidianópolis,41,Paraná,PR,4,Sul,3938,-35,-0.07,151,26,1534,2.56,112505,0.02,4906,107599,52700,4976,28869,21055
4113452,Lindoeste,41,Paraná,PR,4,Sul,5175,-160,-0.25,347,14.91,1877,2.75,186719,0.04,11910,174809,81929,10609,53283,28987
4113502,Loanda,41,Paraná,PR,4,Sul,23225,2024,0.76,722,32.15,8565,2.69,656771,0.13,61131,595640,67648,126088,290263,111642
4113601,Lobato,41,Paraná,PR,4,Sul,4601,200,0.37,241,19.1,1734,2.65,226212,0.05,17775,208438,62043,46854,71260,28280
4113700,Londrina,41,Paraná,PR,4,Sul,555937,49490,0.78,1653,336.41,209370,2.64,21729852,4.45,2420020,19309832,512105,3872822,11977063,2947842
4113734,Luiziana,41,Paraná,PR,4,Sul,6690,-642,-0.76,917,7.3,2451,2.73,499505,0.1,22278,477226,306043,19613,109750,41821
4113759,Lunardelli,41,Paraná,PR,4,Sul,4872,-288,-0.48,199,24.46,1898,2.57,117449,0.02,5156,112293,50308,4982,31646,25358
4113809,Lupionópolis,41,Paraná,PR,4,Sul,4813,221,0.39,121,39.76,1869,2.56,126205,0.03,8504,117701,36679,7753,45351,27919
4113908,Mallet,41,Paraná,PR,4,Sul,13428,272,0.17,760,17.66,4926,2.72,694573,0.14,60377,634195,168112,260894,137452,67737
4114005,Mamborê,41,Paraná,PR,4,Sul,13452,-509,-0.31,788,17.07,5229,2.57,787180,0.16,47693,739487,395401,33151,235937,74998
4114104,Mandaguaçu,41,Paraná,PR,4,Sul,31457,11676,3.94,294,106.99,11311,2.78,616778,0.13,48208,568570,123722,68584,266032,110233
4114203,Mandaguari,41,Paraná,PR,4,Sul,36716,4058,0.98,336,109.33,13683,2.67,1687442,0.35,196967,1490474,250676,553924,513610,172265
4114302,Mandirituba,41,Paraná,PR,4,Sul,27434,5214,1.77,379,72.35,9734,2.82,607967,0.12,56048,551919,80067,114929,218657,138266
4114351,Manfrinópolis,41,Paraná,PR,4,Sul,2770,-350,-0.99,216,12.84,1033,2.68,72696,0.01,2712,69984,38812,3400,10138,17634
4114401,Mangueirinha,41,Paraná,PR,4,Sul,16603,-445,-0.22,1055,15.73,5914,2.8,1561955,0.32,69409,1492546,277024,795511,320148,99863
4114500,Manoel Ribas,41,Paraná,PR,4,Sul,14240,1071,0.65,571,24.93,4939,2.88,459885,0.09,31731,428154,180821,17539,161089,68705
4114609,Marechal Cândido Rondon,41,Paraná,PR,4,Sul,55836,9017,1.48,746,74.87,21046,2.64,2832322,0.58,331231,2501091,422766,643214,1133230,301882
4114708,Maria Helena,41,Paraná,PR,4,Sul,5865,-91,-0.13,486,12.06,2278,2.57,129508,0.03,5258,124251,62213,7885,25833,28319
4114807,Marialva,41,Paraná,PR,4,Sul,41851,9892,2.27,476,88,15266,2.73,2035794,0.42,219355,1816439,223363,566936,842593,183547
4114906,Marilândia do Sul,41,Paraná,PR,4,Sul,8677,-186,-0.18,384,22.57,3138,2.75,391711,0.08,20982,370729,205984,19792,100575,44378
4115002,Marilena,41,Paraná,PR,4,Sul,7253,395,0.47,232,31.21,2656,2.73,170944,0.04,8775,162169,62386,18023,46909,34852
4115101,Mariluz,41,Paraná,PR,4,Sul,9847,-377,-0.31,433,22.73,3675,2.67,269866,0.06,13214,256652,109204,19524,75983,51941
4115200,Maringá,41,Paraná,PR,4,Sul,409657,54225,1.19,487,841.16,156517,2.6,20005630,4.1,2771359,17234271,158885,3558325,11411873,2105188
4115309,Mariópolis,41,Paraná,PR,4,Sul,6371,103,0.14,230,27.66,2417,2.63,371994,0.08,25102,346892,194416,24457,91960,36060
4115358,Maripá,41,Paraná,PR,4,Sul,6555,871,1.2,284,23.1,2322,2.82,446707,0.09,33728,412979,203172,47335,123818,38654
4115408,Marmeleiro,41,Paraná,PR,4,Sul,15901,2001,1.13,388,41.02,5909,2.69,541287,0.11,55382,485905,154246,48806,206999,75854
4115457,Marquinho,41,Paraná,PR,4,Sul,4504,-424,-0.75,504,8.94,1591,2.83,107535,0.02,4770,102765,55538,2969,21820,22439
4115507,Marumbi,41,Paraná,PR,4,Sul,4699,96,0.17,208,22.54,1803,2.61,88401,0.02,3229,85172,32968,3174,22491,26539
4115606,Matelândia,41,Paraná,PR,4,Sul,18450,2372,1.15,640,28.84,6501,2.83,990822,0.2,110515,880307,189632,295384,295227,100063
4115705,Matinhos,41,Paraná,PR,4,Sul,39259,9831,2.43,118,332.99,15010,2.61,822623,0.17,60285,762337,1888,95123,468938,196388
4115739,Mato Rico,41,Paraná,PR,4,Sul,3267,-551,-1.29,395,8.28,1223,2.66,98002,0.02,2166,95837,56313,2929,13980,22615
4115754,Mauá da Serra,41,Paraná,PR,4,Sul,9383,828,0.77,108,86.62,3301,2.84,356943,0.07,34679,322264,71506,79980,117412,53366
4115804,Medianeira,41,Paraná,PR,4,Sul,54369,12552,2.21,329,165.39,19553,2.77,2067383,0.42,256285,1811098,153168,499301,941788,216841
4115853,Mercedes,41,Paraná,PR,4,Sul,5931,885,1.36,197,30.09,2149,2.76,247034,0.05,22627,224407,87454,19072,77513,40368
4115903,Mirador,41,Paraná,PR,4,Sul,2238,-89,-0.32,222,10.09,818,2.73,130115,0.03,3372,126744,87227,7170,15671,16676
4116000,Miraselva,41,Paraná,PR,4,Sul,1966,104,0.45,90,21.77,751,2.62,42731,0.01,1574,41157,14600,1339,10586,14632
4116059,Missal,41,Paraná,PR,4,Sul,11064,590,0.46,324,34.11,4133,2.67,387496,0.08,25443,362053,148677,25271,116402,71703
4116109,Moreira Sales,41,Paraná,PR,4,Sul,11175,-1431,-1,354,31.59,4495,2.48,291460,0.06,15177,276283,105749,15885,94225,60425
4116208,Morretes,41,Paraná,PR,4,Sul,18309,2591,1.28,685,26.74,6646,2.75,370348,0.08,27468,342880,69343,30777,153594,89166
4116307,Munhoz de Melo,41,Paraná,PR,4,Sul,3951,279,0.61,137,28.84,1464,2.69,128241,0.03,5122,123119,72691,4229,22293,23906
4116406,Nossa Senhora das Graças,41,Paraná,PR,4,Sul,3669,-259,-0.57,186,19.75,1364,2.69,92777,0.02,3568,89208,42731,2687,20942,22848
4116505,Nova Aliança do Ivaí,41,Paraná,PR,4,Sul,1323,-108,-0.65,131,10.08,480,2.76,45828,0.01,1454,44374,19963,2115,8933,13364
4116604,Nova América da Colina,41,Paraná,PR,4,Sul,3280,-198,-0.49,129,25.33,1164,2.82,95582,0.02,2966,92616,49667,3625,19716,19608
4116703,Nova Aurora,41,Paraná,PR,4,Sul,13765,1899,1.24,471,29.25,4897,2.81,744875,0.15,64888,679987,277008,95745,247424,59810
4116802,Nova Cantu,41,Paraná,PR,4,Sul,6790,-635,-0.74,555,12.22,2542,2.67,307690,0.06,14180,293510,171495,10582,80360,31074
4116901,Nova Esperança,41,Paraná,PR,4,Sul,26585,-30,-0.01,402,66.2,9989,2.66,859579,0.18,74124,785455,177594,129064,347385,131412
4116950,Nova Esperança do Sudoeste,41,Paraná,PR,4,Sul,5597,499,0.78,208,26.85,2055,2.72,139497,0.03,8722,130775,67420,5726,27882,29746
4117008,Nova Fátima,41,Paraná,PR,4,Sul,7225,-922,-1,283,25.49,2733,2.64,281462,0.06,22268,259194,104570,22517,89301,42806
4117057,Nova Laranjeiras,41,Paraná,PR,4,Sul,12074,315,0.22,1210,9.98,4011,3,253309,0.05,13223,240087,115853,8735,59170,56328
4117107,Nova Londrina,41,Paraná,PR,4,Sul,12923,-144,-0.09,269,47.97,4752,2.71,397788,0.08,36265,361523,33203,77379,182689,68252
4117206,Nova Olímpia,41,Paraná,PR,4,Sul,5833,330,0.49,136,42.78,2262,2.57,98658,0.02,5365,93293,25236,4998,32653,30405
4117214,Nova Santa Bárbara,41,Paraná,PR,4,Sul,4184,272,0.56,77,54.42,1600,2.62,91693,0.02,4075,87618,32449,3656,26154,25359
4117222,Nova Santa Rosa,41,Paraná,PR,4,Sul,8322,696,0.73,205,40.66,3104,2.67,427933,0.09,35636,392297,183513,33069,130733,44982
4117255,Nova Prata do Iguaçu,41,Paraná,PR,4,Sul,12699,2322,1.7,353,36.02,4515,2.81,389705,0.08,23420,366285,169152,26983,112732,57418
4117271,Nova Tebas,41,Paraná,PR,4,Sul,6848,-550,-0.64,546,12.55,2550,2.68,162707,0.03,7852,154855,73993,5047,39560,36255
4117297,Novo Itacolomi,41,Paraná,PR,4,Sul,3125,298,0.84,161,19.36,1159,2.7,83199,0.02,3205,79994,39398,5426,15844,19327
4117305,Ortigueira,41,Paraná,PR,4,Sul,24192,812,0.28,2430,9.96,8744,2.75,2719417,0.56,421117,2298300,306730,1538649,327353,125568
4117404,Ourizona,41,Paraná,PR,4,Sul,3187,-193,-0.49,176,18.06,1196,2.66,150007,0.03,7867,142141,78458,5627,38485,19571
4117453,Ouro Verde do Oeste,41,Paraná,PR,4,Sul,6785,1093,1.47,293,23.15,2469,2.73,264038,0.05,16973,247065,138949,17567,57574,32976
4117503,Paiçandu,41,Paraná,PR,4,Sul,45962,10026,2.07,171,268.19,16552,2.78,988418,0.2,95360,893058,66120,172654,462559,191724
4117602,Palmas,41,Paraná,PR,4,Sul,48247,5359,0.99,1558,30.97,16310,2.95,1371649,0.28,131208,1240442,179582,322809,512527,225524
4117701,Palmeira,41,Paraná,PR,4,Sul,33855,1722,0.44,1470,23.03,12163,2.78,1538217,0.32,175488,1362729,498404,233286,464975,166064
4117800,Palmital,41,Paraná,PR,4,Sul,13033,-1832,-1.09,818,15.94,4748,2.74,292926,0.06,17834,275093,92405,19640,100645,62401
4117909,Palotina,41,Paraná,PR,4,Sul,35011,6328,1.68,651,53.76,12658,2.76,2675584,0.55,300983,2374601,482730,649157,1070271,172443
4118006,Paraíso do Norte,41,Paraná,PR,4,Sul,13245,1473,0.99,205,64.75,4900,2.7,377916,0.08,35822,342095,52346,77951,146709,65089
4118105,Paranacity,41,Paraná,PR,4,Sul,9557,-693,-0.58,349,27.41,3494,2.72,307470,0.06,18899,288571,55923,76388,104898,51362
4118204,Paranaguá,41,Paraná,PR,4,Sul,145829,5360,0.31,823,177.23,49001,2.97,12069503,2.47,2428381,9641122,15111,2930886,5830235,864890
4118303,Paranapoema,41,Paraná,PR,4,Sul,2398,-393,-1.26,176,13.63,909,2.63,77664,0.02,4799,72865,34481,2248,18629,17507
4118402,Paranavaí,41,Paraná,PR,4,Sul,91950,10360,1,1202,76.48,34295,2.67,2747724,0.56,294512,2453212,237606,463271,1339915,412420
4118451,Pato Bragado,41,Paraná,PR,4,Sul,5733,911,1.45,136,42.28,2116,2.71,218854,0.04,12965,205890,83525,25321,54387,42657
4118501,Pato Branco,41,Paraná,PR,4,Sul,91836,19466,2,539,170.35,34319,2.67,4167224,0.85,515790,3651434,383141,881268,1968957,418067
4118600,Paula Freitas,41,Paraná,PR,4,Sul,5666,232,0.35,421,13.45,2056,2.75,355582,0.07,25577,330005,155940,24719,117020,32326
4118709,Paulo Frontin,41,Paraná,PR,4,Sul,6343,-465,-0.59,363,17.46,2301,2.75,383424,0.08,20667,362757,207406,22087,95344,37920
4118808,Peabiru,41,Paraná,PR,4,Sul,13346,-278,-0.17,469,28.48,5005,2.66,425195,0.09,22612,402583,190725,16040,126296,69522
4118857,Perobal,41,Paraná,PR,4,Sul,7189,1498,1.97,409,17.57,2639,2.72,248651,0.05,11073,237578,119715,27634,55086,35143
4118907,Pérola,41,Paraná,PR,4,Sul,11878,1670,1.27,236,50.29,4537,2.6,399111,0.08,16928,382183,39342,175032,107758,60051
4119004,Pérola d'Oeste,41,Paraná,PR,4,Sul,6221,-540,-0.69,205,30.31,2399,2.59,215315,0.04,12995,202321,97342,8613,64019,32346
4119103,Piên,41,Paraná,PR,4,Sul,13655,2419,1.64,255,53.59,4706,2.9,722694,0.15,74943,647750,169587,298603,114892,64668
4119152,Pinhais,41,Paraná,PR,4,Sul,127019,9766,0.67,61,2086.76,45881,2.76,6365267,1.3,1284464,5080803,5099,1441189,2992911,641603
4119202,Pinhalão,41,Paraná,PR,4,Sul,6566,351,0.46,221,29.76,2420,2.7,188121,0.04,5947,182174,93595,16339,38979,33260
4119251,Pinhal de São Bento,41,Paraná,PR,4,Sul,2761,136,0.42,97,28.33,956,2.89,68097,0.01,2377,65721,27929,3155,18590,16047
4119301,Pinhão,41,Paraná,PR,4,Sul,29886,-322,-0.09,2002,14.93,10423,2.86,1563227,0.32,45304,1517923,325981,806829,227166,157948
4119400,Piraí do Sul,41,Paraná,PR,4,Sul,23649,236,0.08,1345,17.58,8303,2.84,1079052,0.22,78485,1000567,369485,241089,259888,130106
4119509,Piraquara,41,Paraná,PR,4,Sul,118730,25768,2.06,227,522.94,38035,2.94,1396343,0.29,140008,1256335,54473,144079,566005,491778
4119608,Pitanga,41,Paraná,PR,4,Sul,33567,929,0.23,1664,20.18,12309,2.72,1093165,0.22,74508,1018657,355191,95397,427187,140882
4119657,Pitangueiras,41,Paraná,PR,4,Sul,3046,232,0.66,123,24.72,1099,2.77,130995,0.03,6109,124886,69127,3948,29350,22462
4119707,Planaltina do Paraná,41,Paraná,PR,4,Sul,4070,-25,-0.05,356,11.43,1470,2.76,99063,0.02,6245,92818,30187,9993,28871,23768
4119806,Planalto,41,Paraná,PR,4,Sul,14374,720,0.43,346,41.51,5311,2.7,377506,0.08,28519,348987,122178,44412,119001,63396
4119905,Ponta Grossa,41,Paraná,PR,4,Sul,358367,46766,1.17,2055,174.41,127672,2.79,17274713,3.54,2440408,14834305,425771,5758787,7028207,1621541
4119954,Pontal do Paraná,41,Paraná,PR,4,Sul,30425,9505,3.17,200,151.81,11731,2.59,595384,0.12,42926,552458,4060,54919,327114,166365
4120002,Porecatu,41,Paraná,PR,4,Sul,11624,-2565,-1.65,292,39.85,4344,2.64,654592,0.13,17707,636885,92234,332695,147236,64721
4120101,Porto Amazonas,41,Paraná,PR,4,Sul,4098,-416,-0.8,187,21.96,1471,2.78,155153,0.03,8366,146787,58871,26241,34237,27439
4120150,Porto Barreiro,41,Paraná,PR,4,Sul,3110,-553,-1.35,361,8.61,1133,2.74,145890,0.03,7027,138862,82261,3865,30375,22361
4120200,Porto Rico,41,Paraná,PR,4,Sul,3182,652,1.93,218,14.62,1129,2.82,87654,0.02,4970,82684,15609,7509,36006,23561
4120309,Porto Vitória,41,Paraná,PR,4,Sul,3562,-458,-1,213,16.72,1238,2.85,82650,0.02,2871,79779,36520,5828,14917,22514
4120333,Prado Ferreira,41,Paraná,PR,4,Sul,3709,275,0.64,153,24.26,1369,2.7,180226,0.04,13918,166308,63014,37245,42103,23946
4120358,Pranchita,41,Paraná,PR,4,Sul,5737,109,0.16,226,25.37,2148,2.67,274561,0.06,20130,254430,109070,24532,89148,31680
4120408,Presidente Castelo Branco,41,Paraná,PR,4,Sul,4336,-448,-0.82,156,27.84,1554,2.78,142745,0.03,9207,133538,55285,6634,43116,28503
4120507,Primeiro de Maio,41,Paraná,PR,4,Sul,10082,-750,-0.6,414,24.33,3806,2.64,370684,0.08,23483,347201,151033,20773,116945,58450
4120606,Prudentópolis,41,Paraná,PR,4,Sul,49393,684,0.12,2247,21.98,17679,2.77,1435541,0.29,86613,1348928,561512,129613,431472,226331
4120655,Quarto Centenário,41,Paraná,PR,4,Sul,4201,-655,-1.2,322,13.05,1547,2.72,341466,0.07,15021,326446,199010,24627,72773,30036
4120705,Quatiguá,41,Paraná,PR,4,Sul,8099,1054,1.17,113,71.87,3149,2.56,197411,0.04,20634,176777,32851,16950,86277,40698
4120804,Quatro Barras,41,Paraná,PR,4,Sul,24191,4340,1.66,180,134.04,8463,2.85,1595785,0.33,399535,1196250,5880,538349,518686,133335
4120853,Quatro Pontes,41,Paraná,PR,4,Sul,4480,677,1.37,114,39.16,1696,2.64,245437,0.05,18639,226798,108859,34253,57355,26330
4120903,Quedas do Iguaçu,41,Paraná,PR,4,Sul,30738,133,0.04,822,37.42,11136,2.75,1291203,0.26,60752,1230452,180475,637609,256845,155523
4121000,Querência do Norte,41,Paraná,PR,4,Sul,10685,-1044,-0.77,915,11.68,3928,2.72,255954,0.05,15063,240891,95284,12153,73779,59675
4121109,Quinta do Sol,41,Paraná,PR,4,Sul,5001,-87,-0.14,326,15.33,1797,2.73,243862,0.05,13131,230732,131847,8218,63539,27127
4121208,Quitandinha,41,Paraná,PR,4,Sul,18398,1309,0.62,447,41.16,6767,2.72,450834,0.09,27595,423240,174954,30261,125696,92329
4121257,Ramilândia,41,Paraná,PR,4,Sul,4221,87,0.17,237,17.8,1460,2.88,94015,0.02,4242,89774,38826,6082,19400,25466
4121307,Rancho Alegre,41,Paraná,PR,4,Sul,3512,-443,-0.99,168,20.95,1412,2.49,163010,0.03,6411,156599,84381,13399,35776,23043
4121356,Rancho Alegre D'Oeste,41,Paraná,PR,4,Sul,2618,-229,-0.7,241,10.85,969,2.7,223268,0.05,8982,214286,130363,20923,43037,19963
4121406,Realeza,41,Paraná,PR,4,Sul,19247,2909,1.37,353,54.46,7428,2.59,685721,0.14,65258,620463,142971,75053,320046,82393
4121505,Rebouças,41,Paraná,PR,4,Sul,14514,338,0.2,482,30.12,5312,2.73,451451,0.09,18624,432828,209406,43474,106288,73660
4121604,Renascença,41,Paraná,PR,4,Sul,6841,29,0.04,425,16.09,2499,2.74,341046,0.07,22489,318557,179496,18087,86749,34225
4121703,Reserva,41,Paraná,PR,4,Sul,24573,-370,-0.12,1636,15.02,8972,2.72,679766,0.14,37417,642349,289785,37476,195723,119366
4121752,Reserva do Iguaçu,41,Paraná,PR,4,Sul,6553,-754,-0.9,834,7.86,2249,2.91,238382,0.05,5821,232561,132096,19138,35746,45581
4121802,Ribeirão Claro,41,Paraná,PR,4,Sul,12364,1686,1.23,629,19.65,4583,2.69,459749,0.09,21890,437860,73812,179139,122089,62820
4121901,Ribeirão do Pinhal,41,Paraná,PR,4,Sul,13060,-464,-0.29,375,34.85,4901,2.64,320518,0.07,15482,305036,97815,40569,105454,61198
4122008,Rio Azul,41,Paraná,PR,4,Sul,14025,10,0.01,599,23.41,4927,2.83,664518,0.14,34737,629781,358283,65924,133327,72247
4122107,Rio Bom,41,Paraná,PR,4,Sul,3197,-137,-0.35,178,17.98,1240,2.54,92759,0.02,2665,90095,48168,3611,17783,20533
4122156,Rio Bonito do Iguaçu,41,Paraná,PR,4,Sul,13929,786,0.49,681,20.44,4824,2.88,407759,0.08,21999,385759,207220,13765,100541,64233
4122172,Rio Branco do Ivaí,41,Paraná,PR,4,Sul,3808,-90,-0.19,376,10.12,1375,2.77,112924,0.02,5629,107295,50009,4446,28709,24132
4122206,Rio Branco do Sul,41,Paraná,PR,4,Sul,37558,6941,1.72,811,46.29,13318,2.81,1014497,0.21,51019,963478,49527,501878,241898,170175
4122305,Rio Negro,41,Paraná,PR,4,Sul,31324,50,0.01,604,51.85,10991,2.84,1200022,0.25,107704,1092318,173799,374690,385559,158270
4122404,Rolândia,41,Paraná,PR,4,Sul,71670,13808,1.8,459,156.14,25778,2.76,3083964,0.63,352716,2731248,230755,927467,1234588,338438
4122503,Roncador,41,Paraná,PR,4,Sul,11251,-286,-0.21,742,15.16,4327,2.59,538515,0.11,30094,508421,280619,21767,152287,53749
4122602,Rondon,41,Paraná,PR,4,Sul,9097,108,0.1,555,16.39,3371,2.7,334178,0.07,21350,312828,102003,66003,97427,47395
4122651,Rosário do Ivaí,41,Paraná,PR,4,Sul,5435,-153,-0.23,377,14.4,2079,2.6,114362,0.02,5291,109071,45241,4857,31164,27809
4122701,Sabáudia,41,Paraná,PR,4,Sul,8822,2726,3.13,190,46.35,3170,2.78,585186,0.12,53229,531957,93608,186488,209707,42155
4122800,Salgado Filho,41,Paraná,PR,4,Sul,4075,-263,-0.52,181,22.51,1550,2.62,115050,0.02,4335,110715,63639,7159,19768,20149
4122909,Salto do Itararé,41,Paraná,PR,4,Sul,5192,14,0.02,201,25.89,1997,2.6,101773,0.02,2615,99158,45794,4440,21527,27397
4123006,Salto do Lontra,41,Paraná,PR,4,Sul,15223,1534,0.89,313,48.68,5630,2.7,468650,0.1,29094,439556,172037,66857,130231,70430
4123105,Santa Amélia,41,Paraná,PR,4,Sul,3394,-409,-0.94,78,43.49,1290,2.62,96257,0.02,4048,92208,37855,11374,23299,19682
4123204,Santa Cecília do Pavão,41,Paraná,PR,4,Sul,3365,-277,-0.66,105,32.02,1301,2.57,176124,0.04,13663,162460,36274,41739,63555,20893
4123303,Santa Cruz de Monte Castelo,41,Paraná,PR,4,Sul,8613,521,0.52,442,19.49,3225,2.66,359883,0.07,19278,340605,176300,24330,98943,41032
4123402,Santa Fé,41,Paraná,PR,4,Sul,11378,946,0.73,276,41.19,4258,2.66,303557,0.06,22962,280595,82651,24653,114471,58819
4123501,Santa Helena,41,Paraná,PR,4,Sul,25492,2079,0.71,755,33.78,9524,2.67,1208950,0.25,98227,1110724,362754,193193,381286,173491
4123600,Santa Inês,41,Paraná,PR,4,Sul,1748,-94,-0.44,157,11.14,677,2.58,52003,0.01,1460,50543,23025,2095,11192,14231
4123709,Santa Isabel do Ivaí,41,Paraná,PR,4,Sul,8912,152,0.14,349,25.5,3469,2.57,245270,0.05,23290,221980,48471,29855,100103,43551
4123808,Santa Izabel do Oeste,41,Paraná,PR,4,Sul,14070,938,0.58,321,43.81,5176,2.71,380792,0.08,24788,356004,158074,20573,109217,68140
4123824,Santa Lúcia,41,Paraná,PR,4,Sul,3644,-279,-0.61,127,28.74,1389,2.62,145928,0.03,8115,137813,67886,10788,35783,23355
4123857,Santa Maria do Oeste,41,Paraná,PR,4,Sul,9934,-1382,-1.08,837,11.87,3606,2.75,205748,0.04,11574,194174,83306,12109,50049,48711
4123907,Santa Mariana,41,Paraná,PR,4,Sul,11066,-1369,-0.97,427,25.9,4216,2.62,439707,0.09,23002,416705,193419,36238,129896,57152
4123956,Santa Mônica,41,Paraná,PR,4,Sul,3356,-215,-0.52,260,12.91,1252,2.68,95805,0.02,6504,89301,38956,8049,18980,23316
4124004,Santana do Itararé,41,Paraná,PR,4,Sul,5514,265,0.41,251,21.94,2099,2.61,138602,0.03,5008,133594,72828,5002,27194,28571
4124020,Santa Tereza do Oeste,41,Paraná,PR,4,Sul,13174,2842,2.05,326,40.39,4667,2.82,527075,0.11,51462,475614,158258,122516,138084,56757
4124053,Santa Terezinha de Itaipu,41,Paraná,PR,4,Sul,24262,3421,1.27,268,90.44,8619,2.81,592207,0.12,63941,528266,83654,58746,266990,118877
4124103,Santo Antônio da Platina,41,Paraná,PR,4,Sul,44369,1662,0.32,721,61.5,16071,2.75,1340114,0.27,142762,1197353,199140,138085,653141,206987
4124202,Santo Antônio do Caiuá,41,Paraná,PR,4,Sul,2493,-234,-0.74,219,11.38,980,2.54,52556,0.01,1954,50602,16264,2226,13368,18745
4124301,Santo Antônio do Paraíso,41,Paraná,PR,4,Sul,2125,-283,-1.04,167,12.72,819,2.59,91340,0.02,3327,88013,42035,8962,19759,17258
4124400,Santo Antônio do Sudoeste,41,Paraná,PR,4,Sul,23673,4780,1.9,326,72.69,8391,2.8,577654,0.12,35311,542343,175363,85632,186964,94384
4124509,Santo Inácio,41,Paraná,PR,4,Sul,6181,940,1.38,280,22.06,2277,2.71,505131,0.1,45385,459746,61005,198600,167625,32515
4124608,São Carlos do Ivaí,41,Paraná,PR,4,Sul,6587,233,0.3,225,29.27,2370,2.76,377228,0.08,20253,356975,60096,178201,82646,36031
4124707,São Jerônimo da Serra,41,Paraná,PR,4,Sul,10830,-507,-0.38,824,13.15,3949,2.73,285405,0.06,9372,276033,149894,8813,61874,55451
4124806,São João,41,Paraná,PR,4,Sul,11886,1287,0.96,388,30.63,4545,2.61,782346,0.16,85197,697149,169430,169695,299859,58165
4124905,São João do Caiuá,41,Paraná,PR,4,Sul,5586,-325,-0.47,304,18.35,2179,2.56,135615,0.03,10923,124692,45608,15011,33349,30724
4125001,São João do Ivaí,41,Paraná,PR,4,Sul,10667,-858,-0.64,353,30.19,4213,2.52,331063,0.07,21494,309569,122258,12801,122450,52061
4125100,São João do Triunfo,41,Paraná,PR,4,Sul,13726,22,0.01,720,19.05,4908,2.79,604591,0.12,17328,587263,401260,21929,91545,72528
4125209,São Jorge d'Oeste,41,Paraná,PR,4,Sul,9378,293,0.26,380,24.71,3557,2.63,354113,0.07,17063,337050,187380,25894,69121,54656
4125308,São Jorge do Ivaí,41,Paraná,PR,4,Sul,5168,-349,-0.54,315,16.4,1925,2.68,357033,0.07,23838,333195,182064,10029,109524,31578
4125357,São Jorge do Patrocínio,41,Paraná,PR,4,Sul,6504,463,0.62,406,16,2513,2.58,190840,0.04,17037,173803,40425,21698,74694,36987
4125407,São José da Boa Vista,41,Paraná,PR,4,Sul,6040,-471,-0.62,400,15.11,2358,2.55,188298,0.04,5630,182668,107339,8570,33908,32850
4125456,São José das Palmeiras,41,Paraná,PR,4,Sul,3870,40,0.09,182,21.21,1481,2.61,90805,0.02,3858,86947,38680,6878,20949,20440
4125506,São José dos Pinhais,41,Paraná,PR,4,Sul,329222,65012,1.85,946,347.85,117004,2.8,21975612,4.5,5582239,16393373,473810,6209876,8065778,1643909
4125555,São Manoel do Paraná,41,Paraná,PR,4,Sul,2138,40,0.16,95,22.42,808,2.65,61144,0.01,3207,57937,24217,2919,11864,18938
4125605,São Mateus do Sul,41,Paraná,PR,4,Sul,42358,1101,0.22,1342,31.57,15512,2.73,1306340,0.27,99863,1206477,350247,166923,486597,202710
4125704,São Miguel do Iguaçu,41,Paraná,PR,4,Sul,29122,3353,1.02,852,34.18,10685,2.72,1206234,0.25,102313,1103921,359617,122434,447316,174554
4125753,São Pedro do Iguaçu,41,Paraná,PR,4,Sul,5784,-707,-0.96,308,18.76,2206,2.6,253114,0.05,13702,239412,135524,7883,63761,32245
4125803,São Pedro do Ivaí,41,Paraná,PR,4,Sul,8690,-1477,-1.3,323,26.93,3353,2.59,344642,0.07,40013,304629,74698,63617,114817,51497
4125902,São Pedro do Paraná,41,Paraná,PR,4,Sul,2661,170,0.55,251,10.62,985,2.7,86360,0.02,6747,79613,24075,14503,22648,18388
4126009,São Sebastião da Amoreira,41,Paraná,PR,4,Sul,8063,-563,-0.56,227,35.54,2985,2.7,243619,0.05,13384,230235,98690,10236,77883,43426
4126108,São Tomé,41,Paraná,PR,4,Sul,5232,-117,-0.18,219,23.93,1950,2.68,157431,0.03,10607,146824,61565,12440,38863,33956
4126207,Sapopema,41,Paraná,PR,4,Sul,6695,-41,-0.05,678,9.88,2401,2.77,135487,0.03,8011,127476,48236,12653,30890,35697
4126256,Sarandi,41,Paraná,PR,4,Sul,118455,33963,2.86,104,1144.48,42848,2.76,1810294,0.37,156996,1653297,101782,247484,866301,437731
4126272,Saudade do Iguaçu,41,Paraná,PR,4,Sul,6108,1080,1.63,152,40.16,2119,2.88,696827,0.14,9763,687065,44416,556424,39965,46259
4126306,Sengés,41,Paraná,PR,4,Sul,17270,-1144,-0.53,1441,11.98,6101,2.83,551676,0.11,43098,508577,154241,135399,128434,90504
4126355,Serranópolis do Iguaçu,41,Paraná,PR,4,Sul,5007,439,0.77,482,10.38,1841,2.72,245021,0.05,12940,232082,141285,8212,50678,31907
4126405,Sertaneja,41,Paraná,PR,4,Sul,5616,-201,-0.29,444,12.63,2191,2.56,345433,0.07,20460,324973,162151,27613,100218,34991
4126504,Sertanópolis,41,Paraná,PR,4,Sul,15930,292,0.15,506,31.51,5839,2.73,888721,0.18,105463,783258,187817,87729,417291,90421
4126603,Siqueira Campos,41,Paraná,PR,4,Sul,22811,4357,1.78,278,82.04,8615,2.64,591522,0.12,51213,540308,105900,110673,227467,96268
4126652,Sulina,41,Paraná,PR,4,Sul,3440,46,0.11,171,20.15,1340,2.57,142031,0.03,7872,134159,69836,11644,31013,21666
4126678,Tamarana,41,Paraná,PR,4,Sul,10707,-1555,-1.12,472,22.68,3686,2.88,1150332,0.24,36844,1113487,787830,68729,184944,71984
4126702,Tamboara,41,Paraná,PR,4,Sul,4880,216,0.38,193,25.24,1865,2.62,128073,0.03,11002,117071,40128,15506,34076,27360
4126801,Tapejara,41,Paraná,PR,4,Sul,15869,1271,0.7,591,26.83,5815,2.73,519603,0.11,36977,482625,99359,120937,178762,83567
4126900,Tapira,41,Paraná,PR,4,Sul,5745,-91,-0.13,434,13.23,2251,2.54,133205,0.03,8363,124842,48346,7055,40101,29341
4127007,Teixeira Soares,41,Paraná,PR,4,Sul,9547,-736,-0.62,903,10.57,3326,2.86,529185,0.11,25185,504000,312089,20601,109018,62292
4127106,Telêmaco Borba,41,Paraná,PR,4,Sul,75042,5170,0.6,1383,54.27,26428,2.83,4222197,0.87,533912,3688285,298625,2061190,963537,364932
4127205,Terra Boa,41,Paraná,PR,4,Sul,17568,1792,0.9,321,54.75,6514,2.69,528217,0.11,39415,488802,132045,100175,168314,88269
4127304,Terra Rica,41,Paraná,PR,4,Sul,14842,-379,-0.21,701,21.18,5526,2.68,359392,0.07,19464,339928,84349,51575,118241,85763
4127403,Terra Roxa,41,Paraná,PR,4,Sul,18119,1360,0.65,801,22.63,6763,2.68,912067,0.19,61974,850093,400009,80426,279309,90349
4127502,Tibagi,41,Paraná,PR,4,Sul,19961,558,0.24,2978,6.7,7030,2.83,1183931,0.24,52285,1131646,668502,97434,247622,118088
4127601,Tijucas do Sul,41,Paraná,PR,4,Sul,17606,3069,1.61,672,26.2,6395,2.75,420287,0.09,32521,387767,91844,51503,161635,82784
4127700,Toledo,41,Paraná,PR,4,Sul,150470,31157,1.95,1198,125.6,56389,2.66,6783261,1.39,682734,6100526,974199,1597995,2793845,734487
4127809,Tomazina,41,Paraná,PR,4,Sul,8426,-365,-0.35,591,14.25,3196,2.63,261776,0.05,10058,251718,131490,21071,58425,40732
4127858,Três Barras do Paraná,41,Paraná,PR,4,Sul,11135,-689,-0.5,506,22.03,4098,2.72,434860,0.09,23743,411116,192837,49812,103338,65130
4127882,Tunas do Paraná,41,Paraná,PR,4,Sul,6219,-37,-0.05,668,9.3,2104,2.95,122577,0.03,6983,115594,23530,17467,32789,41807
4127908,Tuneiras do Oeste,41,Paraná,PR,4,Sul,8067,-628,-0.62,699,11.54,3075,2.62,255009,0.05,9981,245028,124259,17975,57670,45124
4127957,Tupãssi,41,Paraná,PR,4,Sul,8077,92,0.1,300,26.94,3045,2.65,413068,0.08,31075,381993,172065,23575,137810,48544
4127965,Turvo,41,Paraná,PR,4,Sul,14231,157,0.09,939,15.16,5015,2.84,543545,0.11,37704,505841,144253,179090,111671,70826
4128005,Ubiratã,41,Paraná,PR,4,Sul,24749,3191,1.16,653,37.92,9227,2.68,1601597,0.33,143043,1458554,370091,409013,558049,121402
4128104,Umuarama,41,Paraná,PR,4,Sul,117095,16425,1.27,1235,94.85,44244,2.64,3671607,0.75,381893,3289714,137738,576042,2064816,511118
4128203,União da Vitória,41,Paraná,PR,4,Sul,55033,2298,0.36,720,76.43,19982,2.74,1615203,0.33,145837,1469366,90218,348481,770213,260455
4128302,Uniflor,41,Paraná,PR,4,Sul,2136,-330,-1.19,95,22.53,805,2.65,104999,0.02,2988,102012,62970,4320,17815,16907
4128401,Uraí,41,Paraná,PR,4,Sul,10406,-1066,-0.81,238,43.76,4041,2.57,331951,0.07,18904,313047,108609,41819,108020,54598
4128500,Wenceslau Braz,41,Paraná,PR,4,Sul,19188,-110,-0.05,398,48.22,7100,2.68,621764,0.13,57319,564445,123656,64584,282348,93857
4128534,Ventania,41,Paraná,PR,4,Sul,9681,-287,-0.24,819,11.82,3444,2.81,320593,0.07,17184,303409,158005,15528,73480,56395
4128559,Vera Cruz do Oeste,41,Paraná,PR,4,Sul,8215,-758,-0.73,327,25.12,3140,2.62,334334,0.07,17051,317283,169194,12155,91906,44027
4128609,Verê,41,Paraná,PR,4,Sul,7932,54,0.06,312,25.44,2925,2.71,417674,0.09,32574,385100,173313,42315,128572,40900
4128625,Alto Paraíso,41,Paraná,PR,4,Sul,3055,-151,-0.4,968,3.16,1135,2.64,104320,0.02,5380,98940,44175,6524,22028,26212
4128633,Doutor Ulysses,41,Paraná,PR,4,Sul,5697,-30,-0.04,777,7.33,2067,2.76,89527,0.02,2250,87277,40180,2754,13853,30490
4128658,Virmond,41,Paraná,PR,4,Sul,3811,-168,-0.36,249,15.3,1404,2.71,174638,0.04,8627,166010,87419,16988,36923,24680
4128708,Vitorino,41,Paraná,PR,4,Sul,9706,3193,3.38,308,31.49,3485,2.78,444074,0.09,35069,409005,179243,30429,161932,37401
4128807,Xambrê,41,Paraná,PR,4,Sul,5798,-214,-0.3,360,16.12,2200,2.63,128315,0.03,9905,118409,39626,17710,31883,29189
4200051,Abdon Batista,42,Santa Catarina,SC,4,Sul,2598,-55,-0.17,238,10.94,969,2.68,62066,0.02,4053,58013,23894,2525,12263,19331
4200101,Abelardo Luz,42,Santa Catarina,SC,4,Sul,17392,292,0.14,954,18.23,6030,2.87,800447,0.23,48943,751504,301918,102801,255687,91098
4200200,Agrolândia,42,Santa Catarina,SC,4,Sul,10990,1667,1.38,207,53.14,3914,2.81,301554,0.09,23616,277938,45344,78476,99697,54420
4200309,Agronômica,42,Santa Catarina,SC,4,Sul,6055,1261,1.97,130,46.66,2229,2.71,186955,0.05,18155,168800,55515,38244,46617,28423
4200408,Água Doce,42,Santa Catarina,SC,4,Sul,6508,-453,-0.56,1319,4.93,2430,2.67,545991,0.16,30430,515561,164438,178903,128829,43391
4200507,Águas de Chapecó,42,Santa Catarina,SC,4,Sul,6036,-74,-0.1,140,43.27,2274,2.65,118571,0.03,4433,114138,44864,7478,29265,32532
4200556,Águas Frias,42,Santa Catarina,SC,4,Sul,2839,400,1.27,77,37.05,1026,2.77,126766,0.04,14884,111882,34851,21700,39174,16157
4200606,Águas Mornas,42,Santa Catarina,SC,4,Sul,6743,1195,1.64,327,20.64,2460,2.74,180121,0.05,10556,169565,46140,22416,68550,32459
4200705,Alfredo Wagner,42,Santa Catarina,SC,4,Sul,10481,1071,0.9,733,14.29,3893,2.69,318156,0.09,12190,305965,139667,17890,101134,47275
4200754,Alto Bela Vista,42,Santa Catarina,SC,4,Sul,1856,-149,-0.64,103,17.94,725,2.56,72493,0.02,3710,68783,27660,9500,15596,16027
4200804,Anchieta,42,Santa Catarina,SC,4,Sul,5943,-340,-0.46,232,25.58,2276,2.61,175522,0.05,11342,164180,56386,28542,47482,31770
4200903,Angelina,42,Santa Catarina,SC,4,Sul,5358,108,0.17,500,10.72,1993,2.67,149339,0.04,4553,144786,59432,18156,40346,26851
4201000,Anita Garibaldi,42,Santa Catarina,SC,4,Sul,8285,-338,-0.33,590,14.05,3125,2.65,180856,0.05,8579,172277,51982,23065,56879,40352
4201109,Anitápolis,42,Santa Catarina,SC,4,Sul,3593,375,0.92,541,6.65,1331,2.69,67085,0.02,2772,64313,20317,5427,19785,18783
4201208,Antônio Carlos,42,Santa Catarina,SC,4,Sul,11224,3766,3.47,234,47.88,3777,2.97,788434,0.23,77159,711274,257617,195318,208008,50330
4201257,Apiúna,42,Santa Catarina,SC,4,Sul,9811,200,0.17,493,19.88,3535,2.78,371624,0.11,62860,308764,15566,110977,123536,58684
4201273,Arabutã,42,Santa Catarina,SC,4,Sul,4378,185,0.36,133,32.97,1605,2.73,205798,0.06,16809,188989,70247,47570,44458,26714
4201307,Araquari,42,Santa Catarina,SC,4,Sul,45180,20370,5.12,387,116.84,14987,3.01,5510946,1.58,1863764,3647182,77670,1999686,1349097,220728
4201406,Araranguá,42,Santa Catarina,SC,4,Sul,71922,10630,1.34,302,238.3,26770,2.67,2067725,0.59,176810,1890915,110307,314388,1176339,289881
4201505,Armazém,42,Santa Catarina,SC,4,Sul,8834,1081,1.09,174,50.78,3250,2.72,230242,0.07,24140,206102,43708,47490,74018,40887
4201604,Arroio Trinta,42,Santa Catarina,SC,4,Sul,3556,54,0.13,94,38.02,1391,2.56,111049,0.03,6612,104437,32116,14293,36375,21654
4201653,Arvoredo,42,Santa Catarina,SC,4,Sul,2510,250,0.88,91,27.73,870,2.88,135522,0.04,6841,128681,36102,53481,22125,16972
4201703,Ascurra,42,Santa Catarina,SC,4,Sul,8319,916,0.98,113,73.7,3019,2.75,207603,0.06,20107,187496,8438,45874,95058,38126
4201802,Atalanta,42,Santa Catarina,SC,4,Sul,3227,-73,-0.19,94,34.19,1200,2.69,101201,0.03,4349,96851,35916,8827,31585,20523
4201901,Aurora,42,Santa Catarina,SC,4,Sul,6780,1229,1.68,207,32.75,2431,2.78,268262,0.08,25952,242310,86188,49782,75068,31272
4201950,Balneário Arroio do Silva,42,Santa Catarina,SC,4,Sul,15820,6234,4.26,94,167.45,6020,2.62,195738,0.06,9625,186112,15348,9992,96902,63871
4202008,Balneário Camboriú,42,Santa Catarina,SC,4,Sul,139155,31066,2.13,45,3077.7,57860,2.4,6212892,1.78,601117,5611775,10406,770627,3814288,1016454
4202057,Balneário Barra do Sul,42,Santa Catarina,SC,4,Sul,14912,6482,4.87,109,136.92,5797,2.57,216071,0.06,11952,204119,17313,21784,106102,58920
4202073,Balneário Gaivota,42,Santa Catarina,SC,4,Sul,15669,7435,5.51,147,106.71,5970,2.62,182757,0.05,8707,174051,22358,17724,75035,58934
4202081,Bandeirante,42,Santa Catarina,SC,4,Sul,3144,238,0.66,148,21.23,1141,2.75,106897,0.03,6820,100077,24771,38253,18605,18449
4202099,Barra Bonita,42,Santa Catarina,SC,4,Sul,1668,-221,-1.03,93,18.02,611,2.72,42593,0.01,1075,41518,19767,2454,6382,12914
4202107,Barra Velha,42,Santa Catarina,SC,4,Sul,45371,22985,6.06,139,326.53,16157,2.79,1843428,0.53,297951,1545477,55672,185188,1140734,163882
4202131,Bela Vista do Toldo,42,Santa Catarina,SC,4,Sul,5872,-132,-0.19,536,10.96,2081,2.81,175770,0.05,4159,171611,99028,7230,29468,35885
4202156,Belmonte,42,Santa Catarina,SC,4,Sul,2658,23,0.07,94,28.32,953,2.79,61745,0.02,1943,59802,26560,2155,13945,17141
4202206,Benedito Novo,42,Santa Catarina,SC,4,Sul,10520,182,0.15,388,27.09,3715,2.83,370109,0.11,37833,332276,16233,161692,99565,54787
4202305,Biguaçu,42,Santa Catarina,SC,4,Sul,76773,18567,2.33,366,209.9,28300,2.7,2395794,0.69,286206,2109587,106858,363915,1297076,341738
4202404,Blumenau,42,Santa Catarina,SC,4,Sul,361261,52318,1.31,519,696.58,137282,2.61,17783621,5.09,2567767,15215855,103286,4064209,9235606,1812754
4202438,Bocaina do Sul,42,Santa Catarina,SC,4,Sul,3515,225,0.55,511,6.88,1324,2.65,96114,0.03,2746,93368,51777,3155,17322,21114
4202453,Bombinhas,42,Santa Catarina,SC,4,Sul,25058,10765,4.79,35,713.03,9064,2.74,787570,0.23,60189,727380,25372,115117,435521,151371
4202503,Bom Jardim da Serra,42,Santa Catarina,SC,4,Sul,4026,-369,-0.73,939,4.29,1528,2.63,242312,0.07,15187,227125,78013,84600,38336,26177
4202537,Bom Jesus,42,Santa Catarina,SC,4,Sul,2777,251,0.79,64,43.47,974,2.85,131102,0.04,12346,118756,26132,33186,40087,19352
4202578,Bom Jesus do Oeste,42,Santa Catarina,SC,4,Sul,2187,49,0.19,68,32.27,804,2.71,64583,0.02,2756,61828,26097,5243,15187,15301
4202602,Bom Retiro,42,Santa Catarina,SC,4,Sul,8418,-524,-0.5,1057,7.96,3037,2.77,346836,0.1,14670,332166,165058,20319,101149,45640
4202701,Botuverá,42,Santa Catarina,SC,4,Sul,5363,893,1.53,296,18.1,1976,2.71,348847,0.1,52514,296333,11701,187548,64741,32343
4202800,Braço do Norte,42,Santa Catarina,SC,4,Sul,33773,4754,1.27,212,159.27,11856,2.85,1444355,0.41,174167,1270188,133798,357013,615766,163610
4202859,Braço do Trombudo,42,Santa Catarina,SC,4,Sul,4026,575,1.29,89,45.03,1494,2.66,181509,0.05,24601,156908,12190,80730,39940,24048
4202875,Brunópolis,42,Santa Catarina,SC,4,Sul,2489,-361,-1.12,336,7.4,935,2.66,95763,0.03,4208,91555,46025,3495,25558,16477
4202909,Brusque,42,Santa Catarina,SC,4,Sul,141385,35882,2.47,285,496.65,50275,2.8,7001785,2,1222812,5778972,5073,2065216,3012308,696375
4203006,Caçador,42,Santa Catarina,SC,4,Sul,73720,2958,0.34,983,74.96,26333,2.8,3967128,1.14,561049,3406079,180304,1660479,1211661,353635
4203105,Caibi,42,Santa Catarina,SC,4,Sul,6304,90,0.12,173,36.42,2310,2.73,285306,0.08,24210,261096,67693,71912,88310,33182
4203154,Calmon,42,Santa Catarina,SC,4,Sul,3443,56,0.14,636,5.41,1127,3.05,85931,0.02,2287,83644,43435,2806,13880,23523
4203204,Camboriú,42,Santa Catarina,SC,4,Sul,103074,40713,4.28,211,489.5,36483,2.82,1828301,0.52,218839,1609461,27487,259401,922512,400061
4203253,Capão Alto,42,Santa Catarina,SC,4,Sul,2625,-128,-0.4,1332,1.97,1002,2.62,157629,0.05,8993,148636,66374,19444,38381,24437
4203303,Campo Alegre,42,Santa Catarina,SC,4,Sul,12501,753,0.52,499,25.04,4404,2.83,562758,0.16,65343,497415,48510,241135,142241,65529
4203402,Campo Belo do Sul,42,Santa Catarina,SC,4,Sul,7257,-226,-0.26,1026,7.08,2675,2.71,234898,0.07,10205,224693,115585,17826,51940,39341
4203501,Campo Erê,42,Santa Catarina,SC,4,Sul,9623,253,0.22,479,20.08,3485,2.75,330921,0.09,18757,312164,109108,29395,126820,46841
4203600,Campos Novos,42,Santa Catarina,SC,4,Sul,36932,4113,0.99,1718,21.5,13592,2.71,2436870,0.7,272222,2164648,334944,792298,835196,202211
4203709,Canelinha,42,Santa Catarina,SC,4,Sul,12821,2218,1.6,151,84.9,4490,2.85,215240,0.06,19753,195487,6312,42993,86449,59733
4203808,Canoinhas,42,Santa Catarina,SC,4,Sul,55016,2237,0.35,1148,47.92,19730,2.77,1865146,0.53,154335,1710811,300745,340128,818979,250960
4203907,Capinzal,42,Santa Catarina,SC,4,Sul,23314,2545,0.97,244,95.53,8948,2.6,961809,0.28,104262,857547,70807,301915,368512,116312
4203956,Capivari de Baixo,42,Santa Catarina,SC,4,Sul,23975,2301,0.84,53,450.47,8586,2.79,1271714,0.36,29017,1242697,17132,874235,218527,132803
4204004,Catanduvas,42,Santa Catarina,SC,4,Sul,10566,1011,0.84,199,53.05,3822,2.76,455395,0.13,53784,401611,45743,137163,161234,57471
4204103,Caxambu do Sul,42,Santa Catarina,SC,4,Sul,4614,203,0.38,141,32.75,1675,2.75,193795,0.06,13794,180001,61420,42325,53243,23013
4204152,Celso Ramos,42,Santa Catarina,SC,4,Sul,2805,34,0.1,208,13.46,1031,2.72,57113,0.02,2485,54628,16409,3247,15175,19797
4204178,Cerro Negro,42,Santa Catarina,SC,4,Sul,3317,-264,-0.64,419,7.93,1197,2.77,78259,0.02,2073,76186,37753,3495,15465,19474
4204194,Chapadão do Lageado,42,Santa Catarina,SC,4,Sul,2950,183,0.54,125,23.63,1078,2.73,98061,0.03,2208,95852,55719,5020,15481,19633
4204202,Chapecó,42,Santa Catarina,SC,4,Sul,254781,71233,2.77,625,407.75,92903,2.71,11954532,3.42,1500696,10453836,210084,3151784,6030330,1061638
4204251,Cocal do Sul,42,Santa Catarina,SC,4,Sul,17240,2081,1.08,71,242.94,6230,2.76,707172,0.2,88939,618233,28228,264204,235631,90170
4204301,Concórdia,42,Santa Catarina,SC,4,Sul,81646,13021,1.46,799,102.16,30419,2.68,3913064,1.12,473584,3439480,295377,1001288,1779465,363351
4204350,Cordilheira Alta,42,Santa Catarina,SC,4,Sul,4781,1010,2,84,57.22,1664,2.87,314683,0.09,39278,275404,54005,49362,143452,28585
4204400,Coronel Freitas,42,Santa Catarina,SC,4,Sul,10388,204,0.17,234,44.45,3721,2.78,332005,0.1,25176,306829,87718,69327,99427,50358
4204459,Coronel Martins,42,Santa Catarina,SC,4,Sul,2065,-393,-1.44,108,19.21,762,2.7,53376,0.02,1812,51564,21977,2406,11314,15867
4204509,Corupá,42,Santa Catarina,SC,4,Sul,15034,1182,0.68,406,37.05,5343,2.81,676915,0.19,46444,630472,219727,140258,189934,80553
4204558,Correia Pinto,42,Santa Catarina,SC,4,Sul,15727,942,0.52,647,24.29,5639,2.78,670531,0.19,64943,605588,83270,298945,155139,68234
4204608,Criciúma,42,Santa Catarina,SC,4,Sul,214493,22188,0.91,235,913.26,79776,2.66,8805204,2.52,1202600,7602604,36343,1919047,4664466,982748
4204707,Cunha Porã,42,Santa Catarina,SC,4,Sul,10953,344,0.27,220,49.76,4189,2.59,704046,0.2,94245,609801,84900,169371,300277,55253
4204756,Cunhataí,42,Santa Catarina,SC,4,Sul,1968,84,0.36,55,35.91,703,2.79,58490,0.02,2233,56257,26244,2839,13208,13966
4204806,Curitibanos,42,Santa Catarina,SC,4,Sul,40045,2297,0.49,950,42.16,14314,2.79,1604543,0.46,159012,1445531,84977,511115,667366,182072
4204905,Descanso,42,Santa Catarina,SC,4,Sul,8530,-104,-0.1,287,29.72,3128,2.72,266237,0.08,14937,251300,98114,17337,94847,41003
4205001,Dionísio Cerqueira,42,Santa Catarina,SC,4,Sul,15008,197,0.11,379,39.62,5630,2.66,495285,0.14,84726,410559,82418,21840,228932,77369
4205100,Dona Emma,42,Santa Catarina,SC,4,Sul,4221,506,1.07,178,23.69,1455,2.89,135649,0.04,8823,126827,25990,44914,32454,23469
4205159,Doutor Pedrinho,42,Santa Catarina,SC,4,Sul,3637,98,0.23,374,9.72,1363,2.67,131349,0.04,20666,110682,8917,51011,28728,22028
4205175,Entre Rios,42,Santa Catarina,SC,4,Sul,3402,384,1,104,32.75,1173,2.9,54417,0.02,1650,52767,18731,1518,12032,20487
4205191,Ermo,42,Santa Catarina,SC,4,Sul,2269,219,0.85,65,34.74,809,2.78,120356,0.03,9981,110375,35212,33024,27328,14811
4205209,Erval Velho,42,Santa Catarina,SC,4,Sul,4885,595,1.09,209,23.39,1880,2.57,151868,0.04,9373,142496,51010,15155,51129,25202
4205308,Faxinal dos Guedes,42,Santa Catarina,SC,4,Sul,11192,531,0.41,340,32.91,4035,2.77,578782,0.17,63608,515175,146208,144991,164146,59829
4205357,Flor do Sertão,42,Santa Catarina,SC,4,Sul,1783,195,0.97,58,30.5,663,2.69,54830,0.02,3168,51662,18857,6468,12387,13951
4205407,Florianópolis,42,Santa Catarina,SC,4,Sul,537213,115973,2.05,675,796.06,219734,2.43,21312447,6.1,3386261,17926186,62652,1639003,13518251,2706280
4205431,Formosa do Sul,42,Santa Catarina,SC,4,Sul,2682,81,0.26,100,26.71,952,2.81,60840,0.02,2774,58066,20270,3573,17834,16389
4205456,Forquilhinha,42,Santa Catarina,SC,4,Sul,31431,8883,2.81,183,171.43,10857,2.89,978821,0.28,109685,869136,88070,286158,364985,129923
4205506,Fraiburgo,42,Santa Catarina,SC,4,Sul,33481,-1075,-0.26,549,60.96,11916,2.81,1151367,0.33,99058,1052309,215760,210782,438749,187018
4205555,Frei Rogério,42,Santa Catarina,SC,4,Sul,2411,-63,-0.21,159,15.19,866,2.78,71706,0.02,2735,68971,31224,4138,17948,15661
4205605,Galvão,42,Santa Catarina,SC,4,Sul,3219,-348,-0.85,140,23.02,1157,2.75,95530,0.03,5131,90399,32210,9777,29519,18893
4205704,Garopaba,42,Santa Catarina,SC,4,Sul,29959,11821,4.27,115,261.03,11257,2.65,684966,0.2,65033,619933,18557,72761,401456,127160
4205803,Garuva,42,Santa Catarina,SC,4,Sul,18556,3795,1.92,504,36.85,6214,2.98,1388845,0.4,224248,1164597,22986,651818,383844,105949
4205902,Gaspar,42,Santa Catarina,SC,4,Sul,72570,14580,1.89,387,187.71,25852,2.8,3351068,0.96,504542,2846525,23902,1062388,1422921,337314
4206009,Governador Celso Ramos,42,Santa Catarina,SC,4,Sul,16915,3916,2.22,128,132.61,6156,2.75,379763,0.11,25849,353914,49875,37426,169298,97315
4206108,Grão-Pará,42,Santa Catarina,SC,4,Sul,6277,54,0.07,334,18.77,2178,2.88,263484,0.08,19712,243772,90142,50973,66671,35985
4206207,Gravatal,42,Santa Catarina,SC,4,Sul,12435,1817,1.33,166,75.04,4626,2.67,289249,0.08,22051,267197,18350,61614,131317,55916
4206306,Guabiruba,42,Santa Catarina,SC,4,Sul,24543,6113,2.42,172,142.55,8367,2.93,1016740,0.29,223717,793023,6268,325461,342315,118978
4206405,Guaraciaba,42,Santa Catarina,SC,4,Sul,10796,298,0.23,332,32.54,3986,2.71,397775,0.11,29918,367858,127455,53320,135085,51997
4206504,Guaramirim,42,Santa Catarina,SC,4,Sul,46711,11539,2.39,268,174.61,16304,2.86,2013747,0.58,297306,1716441,72447,605784,804286,233925
4206603,Guarujá do Sul,42,Santa Catarina,SC,4,Sul,4829,-79,-0.14,101,47.99,1946,2.48,180214,0.05,19235,160979,30884,41516,59263,29317
4206652,Guatambú,42,Santa Catarina,SC,4,Sul,8425,3746,5.02,206,40.86,2913,2.89,293514,0.08,31340,262174,68167,100347,62160,31500
4206702,Herval d'Oeste,42,Santa Catarina,SC,4,Sul,21724,478,0.19,217,100.3,8275,2.62,540594,0.15,47331,493263,40462,116947,224384,111470
4206751,Ibiam,42,Santa Catarina,SC,4,Sul,2008,63,0.27,146,13.75,716,2.8,62632,0.02,4142,58490,27786,6629,9304,14771
4206801,Ibicaré,42,Santa Catarina,SC,4,Sul,3269,-104,-0.26,156,20.9,1250,2.61,126446,0.04,7591,118854,50308,11176,36818,20553
4206900,Ibirama,42,Santa Catarina,SC,4,Sul,19862,2547,1.15,247,80.38,7261,2.73,486338,0.14,48719,437619,25152,108786,206872,96809
4207007,Içara,42,Santa Catarina,SC,4,Sul,59035,11053,1.74,230,256.24,21095,2.79,2775481,0.79,362191,2413290,83527,800802,1244182,284779
4207106,Ilhota,42,Santa Catarina,SC,4,Sul,17046,4691,2.72,253,67.37,5861,2.91,739697,0.21,162384,577313,33770,152128,313485,77931
4207205,Imaruí,42,Santa Catarina,SC,4,Sul,11881,208,0.15,542,21.91,4586,2.59,237231,0.07,5829,231402,91541,25174,67431,47256
4207304,Imbituba,42,Santa Catarina,SC,4,Sul,52581,12411,2.27,182,289.58,19947,2.62,2148020,0.61,328911,1819109,52415,267671,1261818,237204
4207403,Imbuia,42,Santa Catarina,SC,4,Sul,5982,283,0.4,119,50.22,2182,2.73,212724,0.06,10322,202402,88452,12029,70339,31582
4207502,Indaial,42,Santa Catarina,SC,4,Sul,71549,16695,2.24,431,166.08,25814,2.77,3128704,0.9,463671,2665033,24397,1039757,1263585,337295
4207577,Iomerê,42,Santa Catarina,SC,4,Sul,2877,138,0.41,114,25.24,1066,2.7,185751,0.05,15546,170205,64246,51972,34060,19927
4207601,Ipira,42,Santa Catarina,SC,4,Sul,4578,-157,-0.28,156,29.41,1835,2.49,97829,0.03,3830,93999,33132,6449,27767,26651
4207650,Iporã do Oeste,42,Santa Catarina,SC,4,Sul,9333,933,0.88,201,46.44,3400,2.72,326493,0.09,21331,305162,115967,28495,115189,45513
4207684,Ipuaçu,42,Santa Catarina,SC,4,Sul,7501,703,0.82,261,28.73,2453,3.06,277344,0.08,19566,257779,76353,80211,61257,39958
4207700,Ipumirim,42,Santa Catarina,SC,4,Sul,7816,596,0.66,246,31.78,2812,2.78,398968,0.11,38966,360002,79878,132255,106027,41842
4207759,Iraceminha,42,Santa Catarina,SC,4,Sul,3986,-271,-0.55,165,24.14,1466,2.72,111997,0.03,5066,106930,48832,6261,28900,22938
4207809,Irani,42,Santa Catarina,SC,4,Sul,10195,664,0.56,326,31.29,3654,2.79,269570,0.08,17529,252041,69299,24488,106432,51822
4207858,Irati,42,Santa Catarina,SC,4,Sul,2069,-27,-0.11,78,26.56,787,2.63,46534,0.01,3270,43264,12100,3012,13699,14454
4207908,Irineópolis,42,Santa Catarina,SC,4,Sul,10285,-149,-0.12,590,17.44,3603,2.84,389770,0.11,20740,369030,162971,19102,129201,57756
4208005,Itá,42,Santa Catarina,SC,4,Sul,7067,641,0.8,166,42.5,2693,2.62,374364,0.11,40268,334096,56939,118940,116033,42184
4208104,Itaiópolis,42,Santa Catarina,SC,4,Sul,22051,1750,0.69,1298,16.99,7715,2.85,855758,0.25,62104,793653,261197,183788,239686,108983
4208203,Itajaí,42,Santa Catarina,SC,4,Sul,264054,80681,3.09,289,913,94053,2.79,33084145,9.47,14002187,19081958,81454,2957382,14516901,1526222
4208302,Itapema,42,Santa Catarina,SC,4,Sul,75940,30143,4.3,58,1304.59,27423,2.76,2406021,0.69,235566,2170455,7824,561276,1211489,389866
4208401,Itapiranga,42,Santa Catarina,SC,4,Sul,16638,1267,0.66,282,59.05,6004,2.77,945782,0.27,98452,847330,168065,287090,300569,91606
4208450,Itapoá,42,Santa Catarina,SC,4,Sul,30750,15987,6.31,245,125.31,11491,2.67,1139768,0.33,321838,817930,16211,59913,601808,139997
4208500,Ituporanga,42,Santa Catarina,SC,4,Sul,26525,4299,1.48,337,78.81,9514,2.77,1109876,0.32,87549,1022327,258870,202061,436032,125363
4208609,Jaborá,42,Santa Catarina,SC,4,Sul,4310,269,0.54,182,23.62,1543,2.79,161516,0.05,12053,149463,61332,20264,43014,24853
4208708,Jacinto Machado,42,Santa Catarina,SC,4,Sul,10624,16,0.01,431,24.67,3951,2.69,454946,0.13,41732,413214,108749,111289,140450,52727
4208807,Jaguaruna,42,Santa Catarina,SC,4,Sul,20375,3085,1.38,326,62.43,7567,2.69,813588,0.23,46314,767274,120022,118619,429398,99236
4208906,Jaraguá do Sul,42,Santa Catarina,SC,4,Sul,182660,39528,2.05,531,344.06,66380,2.74,9984243,2.86,1610802,8373441,91991,3650557,3714159,916734
4208955,Jardinópolis,42,Santa Catarina,SC,4,Sul,1776,7,0.03,68,25.93,676,2.63,59402,0.02,2930,56472,22406,7507,13176,13383
4209003,Joaçaba,42,Santa Catarina,SC,4,Sul,30146,3126,0.92,242,124.76,11772,2.55,1953779,0.56,229532,1724246,72420,443393,1035460,172974
4209102,Joinville,42,Santa Catarina,SC,4,Sul,616323,101035,1.5,1128,546.41,221965,2.76,36391912,10.42,8200961,28190950,113981,9655157,15388106,3033707
4209151,José Boiteux,42,Santa Catarina,SC,4,Sul,5985,1173,1.83,406,14.76,1878,3.19,117421,0.03,5219,112202,33089,20196,30041,28876
4209177,Jupiá,42,Santa Catarina,SC,4,Sul,2546,398,1.43,91,27.84,945,2.69,69669,0.02,3713,65956,26983,7760,15466,15747
4209201,Lacerdópolis,42,Santa Catarina,SC,4,Sul,2248,49,0.18,69,32.56,829,2.71,138061,0.04,14049,124011,40075,13069,54753,16115
4209300,Lages,42,Santa Catarina,SC,4,Sul,164981,8254,0.43,2638,62.55,59935,2.74,5880007,1.68,687092,5192915,138051,1201277,3049381,804207
4209409,Laguna,42,Santa Catarina,SC,4,Sul,42785,530,0.1,333,128.38,16399,2.6,962895,0.28,55230,907666,105126,91514,502208,208818
4209458,Lajeado Grande,42,Santa Catarina,SC,4,Sul,1702,212,1.11,65,26.05,584,2.91,60932,0.02,2159,58773,29406,4799,11634,12934
4209508,Laurentino,42,Santa Catarina,SC,4,Sul,7932,1925,2.34,79,99.98,2938,2.69,337187,0.1,47766,289421,20442,98228,134468,36283
4209607,Lauro Müller,42,Santa Catarina,SC,4,Sul,14381,14,0.01,272,52.9,5281,2.72,412318,0.12,24974,387344,41663,123470,143008,79203
4209706,Lebon Régis,42,Santa Catarina,SC,4,Sul,11472,-366,-0.26,942,12.18,3874,2.96,365967,0.1,15059,350908,166025,40705,88136,56043
4209805,Leoberto Leal,42,Santa Catarina,SC,4,Sul,3330,-35,-0.09,294,11.34,1217,2.72,119876,0.03,3484,116392,54519,10197,31136,20540
4209854,Lindóia do Sul,42,Santa Catarina,SC,4,Sul,4549,-93,-0.17,190,23.92,1637,2.76,139204,0.04,4944,134260,66733,10374,31837,25317
4209904,Lontras,42,Santa Catarina,SC,4,Sul,12873,2629,1.92,198,65.15,4659,2.76,395109,0.11,52573,342536,30900,93909,159685,58042
4210001,Luiz Alves,42,Santa Catarina,SC,4,Sul,11684,1279,0.97,260,44.92,3984,2.93,593037,0.17,71243,521794,126112,158702,170562,66419
4210035,Luzerna,42,Santa Catarina,SC,4,Sul,5794,194,0.28,117,49.48,2287,2.53,238302,0.07,24421,213881,30264,82282,68417,32918
4210050,Macieira,42,Santa Catarina,SC,4,Sul,1778,-48,-0.22,261,6.81,648,2.74,54908,0.02,1475,53433,27261,4204,8049,13918
4210100,Mafra,42,Santa Catarina,SC,4,Sul,55286,2374,0.37,1404,39.38,20079,2.74,2106806,0.6,196794,1910011,273872,432139,932272,271728
4210209,Major Gercino,42,Santa Catarina,SC,4,Sul,3214,-65,-0.17,306,10.5,1205,2.67,53895,0.02,2418,51477,10865,6068,13895,20649
4210308,Major Vieira,42,Santa Catarina,SC,4,Sul,7425,-54,-0.06,521,14.26,2677,2.76,241225,0.07,13975,227249,93393,25785,67366,40706
4210407,Maracajá,42,Santa Catarina,SC,4,Sul,7815,1411,1.67,63,124.24,2744,2.82,221955,0.06,20840,201115,17493,38644,107409,37569
4210506,Maravilha,42,Santa Catarina,SC,4,Sul,28251,6135,2.06,170,165.85,10619,2.64,1612801,0.46,254151,1358650,57298,599901,570544,130907
4210555,Marema,42,Santa Catarina,SC,4,Sul,2184,-19,-0.07,104,20.96,742,2.94,76098,0.02,2346,73753,42273,2446,13222,15812
4210605,Massaranduba,42,Santa Catarina,SC,4,Sul,17162,2426,1.28,374,45.83,6204,2.76,650008,0.19,67335,582673,110881,175169,211912,84711
4210704,Matos Costa,42,Santa Catarina,SC,4,Sul,2761,-78,-0.23,435,6.34,964,2.86,51603,0.01,1473,50130,19972,2351,10881,16926
4210803,Meleiro,42,Santa Catarina,SC,4,Sul,7006,-12,-0.01,186,37.58,2589,2.68,272827,0.08,20544,252283,73721,40834,100628,37101
4210852,Mirim Doce,42,Santa Catarina,SC,4,Sul,2498,-15,-0.05,338,7.39,899,2.78,74834,0.02,3845,70989,26777,13541,14490,16181
4210902,Modelo,42,Santa Catarina,SC,4,Sul,4080,23,0.05,92,44.18,1531,2.66,133991,0.04,8320,125671,37593,21093,43827,23158
4211009,Mondaí,42,Santa Catarina,SC,4,Sul,10066,-139,-0.11,200,50.26,3783,2.66,873779,0.25,107066,766713,66352,433216,209374,57772
4211058,Monte Carlo,42,Santa Catarina,SC,4,Sul,9117,-220,-0.2,191,47.66,3167,2.88,194817,0.06,9499,185318,43335,37700,53585,50698
4211108,Monte Castelo,42,Santa Catarina,SC,4,Sul,7736,-458,-0.48,561,13.8,2676,2.89,201302,0.06,13286,188016,46876,25377,75298,40465
4211207,Morro da Fumaça,42,Santa Catarina,SC,4,Sul,18537,2411,1.17,83,223.83,6400,2.9,708245,0.2,106723,601523,11220,247251,248574,94477
4211256,Morro Grande,42,Santa Catarina,SC,4,Sul,3010,120,0.34,260,11.57,1088,2.77,114931,0.03,8389,106542,33681,27582,25899,19380
4211306,Navegantes,42,Santa Catarina,SC,4,Sul,86401,25845,3.01,111,775.75,29442,2.93,4971219,1.42,1207960,3763259,112804,852279,2337891,460284
4211405,Nova Erechim,42,Santa Catarina,SC,4,Sul,5155,880,1.57,65,79.2,1874,2.75,215969,0.06,16353,199616,47393,55507,68721,27994
4211454,Nova Itaberaba,42,Santa Catarina,SC,4,Sul,4536,258,0.49,137,33.02,1684,2.69,145013,0.04,12541,132471,40140,35247,30944,26140
4211504,Nova Trento,42,Santa Catarina,SC,4,Sul,13727,1537,0.99,403,34.07,5035,2.72,626292,0.18,58269,568023,17412,313917,165867,70827
4211603,Nova Veneza,42,Santa Catarina,SC,4,Sul,13664,352,0.22,295,46.31,4870,2.79,810190,0.23,100915,709275,78243,267815,283550,79667
4211652,Novo Horizonte,42,Santa Catarina,SC,4,Sul,2650,-100,-0.31,152,17.47,910,2.91,114276,0.03,7994,106282,38107,27347,24644,16184
4211702,Orleans,42,Santa Catarina,SC,4,Sul,23661,2268,0.84,550,43.03,8553,2.77,977865,0.28,107467,870397,122604,257606,371354,118834
4211751,Otacílio Costa,42,Santa Catarina,SC,4,Sul,17312,975,0.48,847,20.43,6307,2.74,854180,0.24,87059,767121,78920,368465,213000,106737
4211801,Ouro,42,Santa Catarina,SC,4,Sul,7032,-344,-0.4,214,32.93,2657,2.64,216569,0.06,13932,202637,79929,22697,62249,37762
4211850,Ouro Verde,42,Santa Catarina,SC,4,Sul,2181,-90,-0.34,189,11.57,787,2.77,118065,0.03,4545,113520,64265,3999,29492,15763
4211876,Paial,42,Santa Catarina,SC,4,Sul,1927,164,0.74,86,22.39,692,2.78,47599,0.01,2155,45444,18166,2533,11707,13038
4211892,Painel,42,Santa Catarina,SC,4,Sul,2215,-138,-0.5,738,3,841,2.63,66513,0.02,1563,64951,34367,2127,12361,16096
4211900,Palhoça,42,Santa Catarina,SC,4,Sul,222598,85264,4.11,395,563.75,81734,2.71,6530836,1.87,1176448,5354388,59905,966492,3430329,897662
4212007,Palma Sola,42,Santa Catarina,SC,4,Sul,7605,-160,-0.17,331,22.98,2783,2.73,250727,0.07,18298,232429,78508,9445,105820,38656
4212056,Palmeira,42,Santa Catarina,SC,4,Sul,2561,188,0.64,289,8.86,960,2.67,127899,0.04,9352,118548,38196,37511,23115,19725
4212106,Palmitos,42,Santa Catarina,SC,4,Sul,15626,-394,-0.21,351,44.51,6048,2.57,762021,0.22,61199,700823,238327,54287,333207,75002
4212205,Papanduva,42,Santa Catarina,SC,4,Sul,19150,1070,0.48,765,25.04,6896,2.78,726454,0.21,67477,658977,157474,167303,244911,89289
4212239,Paraíso,42,Santa Catarina,SC,4,Sul,4267,187,0.37,180,23.66,1574,2.69,135596,0.04,10092,125504,45281,25996,32870,21357
4212254,Passo de Torres,42,Santa Catarina,SC,4,Sul,12897,6270,5.71,93,139.22,4746,2.71,201419,0.06,12261,189158,21688,21658,99721,46091
4212270,Passos Maia,42,Santa Catarina,SC,4,Sul,4034,-391,-0.77,617,6.54,1337,3.01,145979,0.04,7423,138556,76728,10102,26299,25426
4212304,Paulo Lopes,42,Santa Catarina,SC,4,Sul,9066,2374,2.56,446,20.32,3293,2.75,227628,0.07,13419,214210,39810,28423,106235,39742
4212403,Pedras Grandes,42,Santa Catarina,SC,4,Sul,4245,125,0.25,160,26.55,1588,2.67,215609,0.06,20033,195576,51509,55558,65543,22965
4212502,Penha,42,Santa Catarina,SC,4,Sul,33663,8522,2.46,58,582.89,11982,2.81,912953,0.26,86970,825983,53323,96647,503950,172064
4212601,Peritiba,42,Santa Catarina,SC,4,Sul,2992,4,0.01,96,31.11,1200,2.49,105796,0.03,7543,98253,29553,14907,35757,18036
4212650,Pescaria Brava,42,Santa Catarina,SC,4,Sul,10190,883,0.76,107,95.36,3824,2.66,107685,0.03,4681,103004,5336,10661,38183,48824
4212700,Petrolândia,42,Santa Catarina,SC,4,Sul,6716,580,0.76,307,21.89,2443,2.75,188304,0.05,11077,177226,73637,14372,58661,30556
4212809,Balneário Piçarras,42,Santa Catarina,SC,4,Sul,27127,10049,3.93,99,273.03,9836,2.75,1222086,0.35,320339,901747,34860,179390,544443,143054
4212908,Pinhalzinho,42,Santa Catarina,SC,4,Sul,21972,5626,2.5,129,170.69,8160,2.69,1346174,0.39,171784,1174390,81869,515328,470594,106599
4213005,Pinheiro Preto,42,Santa Catarina,SC,4,Sul,3473,346,0.88,61,56.92,1175,2.96,229679,0.07,46318,183362,35505,71773,53033,23051
4213104,Piratuba,42,Santa Catarina,SC,4,Sul,5769,983,1.57,146,39.49,2284,2.51,744967,0.21,10013,734955,28085,585927,86439,34504
4213153,Planalto Alegre,42,Santa Catarina,SC,4,Sul,2946,296,0.89,63,46.69,1058,2.78,115407,0.03,6724,108683,47695,8086,34932,17969
4213203,Pomerode,42,Santa Catarina,SC,4,Sul,34263,6485,1.76,214,159.88,11941,2.87,2197112,0.63,549460,1647652,27910,770370,655431,193941
4213302,Ponte Alta,42,Santa Catarina,SC,4,Sul,4437,-457,-0.81,575,7.71,1599,2.77,146048,0.04,8223,137825,46934,29762,33804,27324
4213351,Ponte Alta do Norte,42,Santa Catarina,SC,4,Sul,3210,-93,-0.24,397,8.09,1063,3.02,138328,0.04,10014,128314,58092,20506,28271,21444
4213401,Ponte Serrada,42,Santa Catarina,SC,4,Sul,10649,-382,-0.29,561,18.99,3780,2.81,249948,0.07,13636,236312,62039,25730,92824,55718
4213500,Porto Belo,42,Santa Catarina,SC,4,Sul,27688,11605,4.63,94,295.58,9875,2.79,1334187,0.38,160884,1173302,25588,115253,902568,129893
4213609,Porto União,42,Santa Catarina,SC,4,Sul,32970,-523,-0.13,849,38.84,11875,2.76,913881,0.26,79531,834351,68127,215857,393637,156729
4213708,Pouso Redondo,42,Santa Catarina,SC,4,Sul,17125,2315,1.22,357,48.03,6074,2.82,643935,0.18,62293,581642,68044,204286,228279,81032
4213807,Praia Grande,42,Santa Catarina,SC,4,Sul,8270,1008,1.09,284,29.08,3235,2.55,190251,0.05,11695,178557,32969,21954,85104,38531
4213906,Presidente Castello Branco,42,Santa Catarina,SC,4,Sul,1689,-45,-0.22,65,25.81,606,2.79,70785,0.02,7119,63667,29972,2536,16551,14608
4214003,Presidente Getúlio,42,Santa Catarina,SC,4,Sul,20010,5127,2.5,297,67.34,7008,2.85,774707,0.22,71124,703582,68581,278733,266006,90263
4214102,Presidente Nereu,42,Santa Catarina,SC,4,Sul,2301,17,0.06,225,10.24,883,2.59,57694,0.02,1786,55908,23305,3231,14025,15348
4214151,Princesa,42,Santa Catarina,SC,4,Sul,2964,206,0.6,86,34.63,1093,2.71,105012,0.03,8330,96682,26087,34604,17188,18803
4214201,Quilombo,42,Santa Catarina,SC,4,Sul,10937,689,0.54,279,39.2,3814,2.86,406964,0.12,36313,370651,83698,105781,133006,48166
4214300,Rancho Queimado,42,Santa Catarina,SC,4,Sul,3279,535,1.5,286,11.45,1249,2.62,145895,0.04,9187,136708,58956,13004,44790,19957
4214409,Rio das Antas,42,Santa Catarina,SC,4,Sul,6253,124,0.17,315,19.86,2239,2.79,255999,0.07,14397,241602,117516,38267,47959,37860
4214508,Rio do Campo,42,Santa Catarina,SC,4,Sul,6452,260,0.34,502,12.85,2343,2.75,184121,0.05,10036,174084,58416,26305,56410,32953
4214607,Rio do Oeste,42,Santa Catarina,SC,4,Sul,7747,675,0.76,245,31.61,2736,2.79,236317,0.07,13013,223304,84397,31342,69538,38026
4214706,Rio dos Cedros,42,Santa Catarina,SC,4,Sul,10865,579,0.46,555,19.56,3850,2.82,389944,0.11,35821,354123,34437,123452,141115,55118
4214805,Rio do Sul,42,Santa Catarina,SC,4,Sul,72587,11290,1.42,261,278.31,27416,2.63,3115478,0.89,376347,2739131,23112,699139,1652236,364645
4214904,Rio Fortuna,42,Santa Catarina,SC,4,Sul,4847,401,0.72,302,16.03,1582,2.97,227717,0.07,14640,213077,84173,55446,48000,25458
4215000,Rio Negrinho,42,Santa Catarina,SC,4,Sul,39258,-593,-0.12,907,43.26,13741,2.85,1388843,0.4,137527,1251316,73599,424390,534267,219059
4215059,Rio Rufino,42,Santa Catarina,SC,4,Sul,2397,-39,-0.13,283,8.48,871,2.75,67621,0.02,1875,65746,33059,3327,13067,16292
4215075,Riqueza,42,Santa Catarina,SC,4,Sul,4768,-92,-0.16,191,24.96,1838,2.59,127591,0.04,6954,120636,45674,15362,33756,25844
4215109,Rodeio,42,Santa Catarina,SC,4,Sul,12757,1835,1.3,129,98.89,4697,2.7,324949,0.09,45323,279627,21651,75435,127024,55517
4215208,Romelândia,42,Santa Catarina,SC,4,Sul,4823,-814,-1.29,223,21.6,1859,2.58,105862,0.03,3477,102385,46943,3578,26579,25285
4215307,Salete,42,Santa Catarina,SC,4,Sul,7489,119,0.13,178,42.1,2748,2.72,290851,0.08,19933,270918,35373,115051,81071,39422
4215356,Saltinho,42,Santa Catarina,SC,4,Sul,3632,-334,-0.73,157,23.2,1356,2.68,80393,0.02,3273,77120,29955,6291,19122,21752
4215406,Salto Veloso,42,Santa Catarina,SC,4,Sul,4390,89,0.17,105,42,1663,2.64,239199,0.07,26833,212366,28570,78041,78738,27017
4215455,Sangão,42,Santa Catarina,SC,4,Sul,12882,2482,1.8,83,155.23,4251,3.02,362559,0.1,64012,298548,17020,123646,99854,58028
4215505,Santa Cecília,42,Santa Catarina,SC,4,Sul,15546,-211,-0.11,1146,13.57,5385,2.88,545063,0.16,46967,498097,64524,186410,161562,85601
4215554,Santa Helena,42,Santa Catarina,SC,4,Sul,2425,30,0.1,81,29.94,881,2.75,92098,0.03,6679,85418,30349,18690,20213,16166
4215604,Santa Rosa de Lima,42,Santa Catarina,SC,4,Sul,2088,23,0.09,203,10.27,737,2.82,64953,0.02,3415,61538,24704,6596,13621,16617
4215653,Santa Rosa do Sul,42,Santa Catarina,SC,4,Sul,9792,1749,1.65,150,65.15,3674,2.66,152707,0.04,9404,143303,38155,9840,52889,42419
4215679,Santa Terezinha,42,Santa Catarina,SC,4,Sul,8066,-701,-0.69,716,11.27,2944,2.74,192847,0.06,8293,184554,81820,16224,44226,42285
4215687,Santa Terezinha do Progresso,42,Santa Catarina,SC,4,Sul,2576,-320,-0.97,120,21.53,955,2.7,58261,0.02,2634,55627,22128,6492,11088,15920
4215695,Santiago do Sul,42,Santa Catarina,SC,4,Sul,1651,186,1,73,22.51,577,2.85,38537,0.01,1868,36670,10782,3564,10308,12016
4215703,Santo Amaro da Imperatriz,42,Santa Catarina,SC,4,Sul,27272,7449,2.69,344,79.22,10190,2.65,1032573,0.3,54361,978213,31931,475962,351248,119072
4215752,São Bernardino,42,Santa Catarina,SC,4,Sul,2684,-60,-0.18,150,17.91,979,2.74,78394,0.02,5240,73154,24506,16473,16659,15517
4215802,São Bento do Sul,42,Santa Catarina,SC,4,Sul,83275,8479,0.9,496,167.97,30054,2.77,3644559,1.04,437061,3207498,58687,1374859,1346920,427032
4215901,São Bonifácio,42,Santa Catarina,SC,4,Sul,2946,-62,-0.17,461,6.38,1126,2.61,81195,0.02,5857,75338,19841,14247,23780,17470
4216008,São Carlos,42,Santa Catarina,SC,4,Sul,10282,-9,-0.01,162,63.42,3873,2.65,439744,0.13,34578,405165,91637,124900,133516,55112
4216057,São Cristóvão do Sul,42,Santa Catarina,SC,4,Sul,6084,1072,1.63,346,17.59,1475,2.91,161077,0.05,17610,143467,24676,33619,52686,32487
4216107,São Domingos,42,Santa Catarina,SC,4,Sul,9226,-170,-0.15,368,25.1,3453,2.66,338958,0.1,22213,316745,90857,58370,122399,45119
4216206,São Francisco do Sul,42,Santa Catarina,SC,4,Sul,52674,10154,1.8,493,106.79,19370,2.71,4758498,1.36,858176,3900322,24363,1488665,2062915,324380
4216255,São João do Oeste,42,Santa Catarina,SC,4,Sul,6295,215,0.29,164,38.44,2347,2.67,316607,0.09,29847,286760,104193,59576,88402,34589
4216305,São João Batista,42,Santa Catarina,SC,4,Sul,32687,6427,1.84,201,162.81,11626,2.81,882425,0.25,91027,791397,16524,254719,345447,174707
4216354,São João do Itaperiú,42,Santa Catarina,SC,4,Sul,4463,1028,2.21,152,29.38,1490,2.99,241954,0.07,22992,218962,49532,88397,58243,22790
4216404,São João do Sul,42,Santa Catarina,SC,4,Sul,8668,1650,1.78,184,47.01,3323,2.6,238741,0.07,10540,228201,97105,20416,73704,36976
4216503,São Joaquim,42,Santa Catarina,SC,4,Sul,25939,1127,0.37,1889,13.73,9578,2.7,917828,0.26,40084,877744,348817,51879,351663,125385
4216602,São José,42,Santa Catarina,SC,4,Sul,270295,60491,2.13,150,1795.99,105583,2.55,11503140,3.29,2493302,9009839,8154,1289977,6533275,1178432
4216701,São José do Cedro,42,Santa Catarina,SC,4,Sul,14167,483,0.29,281,50.46,5336,2.63,485964,0.14,39874,446090,107785,80999,186969,70337
4216800,São José do Cerrito,42,Santa Catarina,SC,4,Sul,8708,-565,-0.52,949,9.18,3327,2.62,194120,0.06,8156,185964,79236,26640,44096,35992
4216909,São Lourenço do Oeste,42,Santa Catarina,SC,4,Sul,24785,3060,1.1,356,69.58,8989,2.74,1192246,0.34,179692,1012554,70616,356901,460047,124990
4217006,São Ludgero,42,Santa Catarina,SC,4,Sul,13509,2511,1.73,107,126.53,4660,2.9,772368,0.22,98702,673666,161747,217937,226164,67818
4217105,São Martinho,42,Santa Catarina,SC,4,Sul,3405,196,0.5,225,15.16,1168,2.91,89609,0.03,5748,83860,29955,8219,26862,18825
4217154,São Miguel da Boa Vista,42,Santa Catarina,SC,4,Sul,1781,-128,-0.58,73,24.48,662,2.69,47545,0.01,1331,46214,22246,1417,8387,14164
4217204,São Miguel do Oeste,42,Santa Catarina,SC,4,Sul,44330,8024,1.68,234,189.28,17301,2.55,1810750,0.52,182657,1628093,81397,441120,907920,197657
4217253,São Pedro de Alcântara,42,Santa Catarina,SC,4,Sul,5776,1072,1.73,139,41.5,1742,2.64,93152,0.03,5676,87476,15915,6584,34464,30513
4217303,Saudades,42,Santa Catarina,SC,4,Sul,10265,1271,1.11,206,49.88,3598,2.85,411702,0.12,45870,365831,92896,124961,100522,47451
4217402,Schroeder,42,Santa Catarina,SC,4,Sul,20061,4745,2.27,165,121.41,6835,2.93,608470,0.17,77531,530939,27995,174040,226388,102515
4217501,Seara,42,Santa Catarina,SC,4,Sul,18620,1684,0.79,310,60.14,6668,2.79,1014880,0.29,117560,897320,140780,337665,330253,88622
4217550,Serra Alta,42,Santa Catarina,SC,4,Sul,3303,31,0.08,91,36.47,1230,2.69,97517,0.03,6132,91385,30674,12488,29040,19182
4217600,Siderópolis,42,Santa Catarina,SC,4,Sul,13714,716,0.45,262,52.34,4961,2.76,615207,0.18,48411,566796,23459,281510,192185,69642
4217709,Sombrio,42,Santa Catarina,SC,4,Sul,29991,3378,1,143,209.06,11048,2.71,783607,0.22,57313,726294,134661,105823,341489,144321
4217758,Sul Brasil,42,Santa Catarina,SC,4,Sul,2832,64,0.19,113,25.03,999,2.83,75279,0.02,3351,71928,34631,5412,16522,15362
4217808,Taió,42,Santa Catarina,SC,4,Sul,18318,1058,0.5,694,26.4,6836,2.68,718776,0.21,75624,643152,106635,162065,286361,88090
4217907,Tangará,42,Santa Catarina,SC,4,Sul,8143,-522,-0.52,390,20.88,3050,2.67,478595,0.14,50080,428515,114103,143427,120045,50940
4217956,Tigrinhos,42,Santa Catarina,SC,4,Sul,2329,599,2.51,57,40.89,863,2.7,50565,0.01,2374,48191,18353,5519,10713,13606
4218004,Tijucas,42,Santa Catarina,SC,4,Sul,51592,20632,4.35,279,184.81,18229,2.81,1893895,0.54,332039,1561856,32781,419292,899305,210478
4218103,Timbé do Sul,42,Santa Catarina,SC,4,Sul,5386,78,0.12,329,16.4,1998,2.69,142580,0.04,9417,133162,49835,9908,44188,29233
4218202,Timbó,42,Santa Catarina,SC,4,Sul,46099,9325,1.9,128,359.27,16734,2.75,2092793,0.6,274906,1817886,12159,741833,827616,236278
4218251,Timbó Grande,42,Santa Catarina,SC,4,Sul,7342,175,0.2,596,12.31,2520,2.91,217023,0.06,13115,203908,46523,74860,40840,41684
4218301,Três Barras,42,Santa Catarina,SC,4,Sul,19746,1617,0.71,436,45.24,6573,3,1305543,0.37,176388,1129155,48041,737282,234357,109475
4218350,Treviso,42,Santa Catarina,SC,4,Sul,3689,162,0.37,157,23.56,1329,2.77,245279,0.07,9777,235502,6394,146016,54762,28330
4218400,Treze de Maio,42,Santa Catarina,SC,4,Sul,7362,503,0.59,160,46.06,2586,2.84,166853,0.05,11779,155074,40337,22740,57308,34689
4218509,Treze Tílias,42,Santa Catarina,SC,4,Sul,8787,2446,2.76,186,47.26,3253,2.7,773110,0.22,102639,670472,62275,301335,260405,46457
4218608,Trombudo Central,42,Santa Catarina,SC,4,Sul,7274,707,0.86,110,66.34,2724,2.65,312661,0.09,39967,272694,35404,112119,85884,39288
4218707,Tubarão,42,Santa Catarina,SC,4,Sul,110088,12839,1.04,301,365.15,42131,2.6,4043575,1.16,387911,3655664,77451,657121,2426675,494417
4218756,Tunápolis,42,Santa Catarina,SC,4,Sul,4916,283,0.5,133,36.98,1764,2.78,172055,0.05,6659,165395,88820,9383,40747,26445
4218806,Turvo,42,Santa Catarina,SC,4,Sul,13043,1188,0.8,235,55.48,4820,2.7,644540,0.18,59789,584750,112905,164577,245400,61869
4218855,União do Oeste,42,Santa Catarina,SC,4,Sul,2774,-118,-0.35,93,29.87,1026,2.7,76590,0.02,2435,74154,33866,4445,19306,16537
4218905,Urubici,42,Santa Catarina,SC,4,Sul,10834,135,0.1,1021,10.61,3956,2.73,328777,0.09,14519,314258,121407,16602,120202,56046
4218954,Urupema,42,Santa Catarina,SC,4,Sul,2656,174,0.57,350,7.58,962,2.75,75587,0.02,2255,73332,38383,3027,15422,16501
4219002,Urussanga,42,Santa Catarina,SC,4,Sul,20919,696,0.28,255,82.05,7765,2.69,913785,0.26,100250,813535,41684,365231,293304,113316
4219101,Vargeão,42,Santa Catarina,SC,4,Sul,3634,102,0.24,167,21.8,1291,2.81,166921,0.05,14892,152029,45769,32388,51064,22808
4219150,Vargem,42,Santa Catarina,SC,4,Sul,2627,-216,-0.66,351,7.49,1009,2.6,64360,0.02,1852,62507,26685,6728,11729,17364
4219176,Vargem Bonita,42,Santa Catarina,SC,4,Sul,4576,-217,-0.39,300,15.26,1610,2.84,517713,0.15,44231,473482,41467,320191,81541,30284
4219200,Vidal Ramos,42,Santa Catarina,SC,4,Sul,6189,-121,-0.16,347,17.84,2330,2.64,322853,0.09,27660,295193,84421,85624,88763,36385
4219309,Videira,42,Santa Catarina,SC,4,Sul,55466,8238,1.35,384,144.39,20543,2.69,2967393,0.85,382227,2585165,221998,856707,1236577,269884
4219358,Vitor Meireles,42,Santa Catarina,SC,4,Sul,5370,148,0.23,370,14.5,1922,2.79,128682,0.04,6097,122585,48083,11593,36225,26684
4219408,Witmarsum,42,Santa Catarina,SC,4,Sul,4255,659,1.41,154,27.67,1527,2.78,143671,0.04,7720,135951,36066,38079,38137,23669
4219507,Xanxerê,42,Santa Catarina,SC,4,Sul,51607,7479,1.31,377,136.73,19301,2.66,2185610,0.63,231805,1953806,137001,376729,1199519,240557
4219606,Xavantina,42,Santa Catarina,SC,4,Sul,3653,-489,-1.04,218,16.75,1253,2.91,175583,0.05,5712,169870,91971,21695,33343,22861
4219705,Xaxim,42,Santa Catarina,SC,4,Sul,31918,6205,1.82,294,108.7,11649,2.74,1108167,0.32,124872,983295,111631,347473,381010,143180
4219853,Zortéa,42,Santa Catarina,SC,4,Sul,3930,939,2.3,190,20.66,1463,2.69,81851,0.02,3532,78319,25481,3274,26880,22684
4220000,Balneário Rincão,42,Santa Catarina,SC,4,Sul,15981,5130,3.28,63,251.99,5815,2.75,270465,0.08,19471,250994,11327,27027,146173,66467
4300034,Aceguá,43,Rio Grande Do Sul,RS,4,Sul,4170,-224,-0.44,1551,2.69,1577,2.64,264485,0.06,17217,247269,116916,14434,77737,38181
4300059,Água Santa,43,Rio Grande Do Sul,RS,4,Sul,3912,190,0.42,292,13.42,1382,2.83,344358,0.07,40001,304357,83153,22242,171867,27095
4300109,Agudo,43,Rio Grande Do Sul,RS,4,Sul,16039,-683,-0.35,535,30,6131,2.61,541865,0.12,53069,488797,123693,98921,175955,90228
4300208,Ajuricaba,43,Rio Grande Do Sul,RS,4,Sul,6720,-535,-0.64,323,20.83,2592,2.57,327678,0.07,27023,300655,105871,27941,123031,43813
4300307,Alecrim,43,Rio Grande Do Sul,RS,4,Sul,6123,-922,-1.16,316,19.35,2553,2.4,132393,0.03,5886,126508,42320,4773,48186,31229
4300406,Alegrete,43,Rio Grande Do Sul,RS,4,Sul,72409,-5244,-0.58,7800,9.28,28245,2.55,2237244,0.48,153408,2083836,488646,243340,938569,413280
4300455,Alegria,43,Rio Grande Do Sul,RS,4,Sul,3651,-643,-1.34,173,21.13,1453,2.51,127592,0.03,9626,117966,50077,3329,39393,25167
4300471,Almirante Tamandaré do Sul,43,Rio Grande Do Sul,RS,4,Sul,1969,-98,-0.4,265,7.43,798,2.47,183863,0.04,14186,169678,93667,7921,50979,17111
4300505,Alpestre,43,Rio Grande Do Sul,RS,4,Sul,7117,-910,-1,326,21.83,2845,2.5,530831,0.11,7177,523654,53817,378371,46687,44780
4300554,Alto Alegre,43,Rio Grande Do Sul,RS,4,Sul,1800,-48,-0.22,115,15.61,697,2.58,55505,0.01,2846,52659,22321,2145,13187,15006
4300570,Alto Feliz,43,Rio Grande Do Sul,RS,4,Sul,3072,181,0.51,78,39.3,1230,2.5,122273,0.03,12336,109937,33493,31167,23465,21811
4300604,Alvorada,43,Rio Grande Do Sul,RS,4,Sul,187315,-8358,-0.36,72,2612.48,68775,2.71,3082952,0.65,277912,2805040,785,436083,1367348,1000824
4300638,Amaral Ferrador,43,Rio Grande Do Sul,RS,4,Sul,5310,-1043,-1.48,506,10.49,2012,2.63,116945,0.02,3870,113075,35343,3575,34342,39815
4300646,Ametista do Sul,43,Rio Grande Do Sul,RS,4,Sul,7650,327,0.36,94,81.64,2901,2.63,135152,0.03,12460,122692,15948,30610,35104,41029
4300661,André da Rocha,43,Rio Grande Do Sul,RS,4,Sul,1135,-81,-0.57,331,3.43,437,2.6,88611,0.02,3385,85226,54857,2633,15079,12657
4300703,Anta Gorda,43,Rio Grande Do Sul,RS,4,Sul,5957,-109,-0.15,242,24.61,2235,2.66,239673,0.05,28118,211555,75369,15988,83760,36438
4300802,Antônio Prado,43,Rio Grande Do Sul,RS,4,Sul,12980,149,0.1,348,37.35,4984,2.6,670901,0.14,92032,578869,64625,205625,233473,75146
4300851,Arambaré,43,Rio Grande Do Sul,RS,4,Sul,4112,419,0.9,518,7.94,1729,2.38,153506,0.03,4688,148818,76182,8345,37217,27074
4300877,Araricá,43,Rio Grande Do Sul,RS,4,Sul,8525,3661,4.79,35,240.88,3215,2.65,204299,0.04,26110,178189,863,77768,60419,39140
4300901,Aratiba,43,Rio Grande Do Sul,RS,4,Sul,6483,-82,-0.1,342,18.94,2573,2.52,985038,0.21,14442,970596,87508,768779,65004,49306
4301008,Arroio do Meio,43,Rio Grande Do Sul,RS,4,Sul,21963,3180,1.31,157,139.81,8408,2.6,1327636,0.28,207526,1120110,57557,536985,414475,111093
4301057,Arroio do Sal,43,Rio Grande Do Sul,RS,4,Sul,11057,3317,3.02,119,92.79,4465,2.47,257344,0.05,18314,239030,3359,25961,138775,70934
4301073,Arroio do Padre,43,Rio Grande Do Sul,RS,4,Sul,2599,-131,-0.41,125,20.84,823,3.15,59405,0.01,2557,56848,21750,2371,11439,21286
4301107,Arroio dos Ratos,43,Rio Grande Do Sul,RS,4,Sul,14601,995,0.59,426,34.29,5513,2.54,266748,0.06,19252,247496,15546,33587,120621,77743
4301206,Arroio do Tigre,43,Rio Grande Do Sul,RS,4,Sul,12058,-650,-0.44,315,38.26,4452,2.71,306888,0.07,18621,288267,82041,22890,112707,70628
4301305,Arroio Grande,43,Rio Grande Do Sul,RS,4,Sul,17558,-912,-0.42,2509,7,7269,2.41,615383,0.13,29757,585626,266101,33514,180650,105361
4301404,Arvorezinha,43,Rio Grande Do Sul,RS,4,Sul,10322,128,0.1,269,38.33,3931,2.62,280489,0.06,20185,260303,63056,30239,110548,56461
4301503,Augusto Pestana,43,Rio Grande Do Sul,RS,4,Sul,7149,33,0.04,348,20.53,2834,2.52,314568,0.07,22180,292388,108284,16915,128249,38940
4301552,Áurea,43,Rio Grande Do Sul,RS,4,Sul,3396,-269,-0.63,157,21.67,1318,2.58,108103,0.02,7054,101049,32729,9377,35233,23710
4301602,Bagé,43,Rio Grande Do Sul,RS,4,Sul,117938,1144,0.08,4090,28.83,45299,2.59,3147705,0.67,282472,2865233,205342,350692,1659973,649226
4301636,Balneário Pinhal,43,Rio Grande Do Sul,RS,4,Sul,14955,4099,2.71,102,146.06,6100,2.44,255292,0.05,15573,239720,5998,18966,127432,87324
4301651,Barão,43,Rio Grande Do Sul,RS,4,Sul,6461,726,1,125,51.79,2427,2.66,254488,0.05,37666,216822,26066,113591,43527,33638
4301701,Barão de Cotegipe,43,Rio Grande Do Sul,RS,4,Sul,7144,618,0.76,261,27.42,2680,2.63,263796,0.06,26710,237086,70581,38282,92052,36171
4301750,Barão do Triunfo,43,Rio Grande Do Sul,RS,4,Sul,5889,-1129,-1.45,436,13.5,2409,2.44,122994,0.03,5215,117779,49109,8219,21068,39383
4301800,Barracão,43,Rio Grande Do Sul,RS,4,Sul,4831,-526,-0.86,515,9.37,1931,2.5,188539,0.04,9553,178986,84729,14358,45951,33948
4301859,Barra do Guarita,43,Rio Grande Do Sul,RS,4,Sul,3161,72,0.19,63,50.33,1179,2.68,50601,0.01,1501,49100,14919,2614,11650,19918
4301875,Barra do Quaraí,43,Rio Grande Do Sul,RS,4,Sul,4241,229,0.46,1056,4.02,1462,2.89,195311,0.04,9728,185583,99893,10503,42561,32626
4301909,Barra do Ribeiro,43,Rio Grande Do Sul,RS,4,Sul,12225,-347,-0.23,729,16.76,4796,2.54,357541,0.08,23956,333585,113713,36869,110773,72230
4301925,Barra do Rio Azul,43,Rio Grande Do Sul,RS,4,Sul,1696,-307,-1.38,147,11.54,620,2.74,62934,0.01,1811,61123,37967,1270,8222,13664
4301958,Barra Funda,43,Rio Grande Do Sul,RS,4,Sul,2498,131,0.45,60,41.33,896,2.78,130265,0.03,14984,115280,24609,30164,40415,20092
4302006,Barros Cassal,43,Rio Grande Do Sul,RS,4,Sul,9296,-1837,-1.49,648,14.35,3695,2.5,191445,0.04,8042,183403,66139,7694,48869,60701
4302055,Benjamin Constant do Sul,43,Rio Grande Do Sul,RS,4,Sul,2082,-225,-0.85,132,15.73,725,2.87,36604,0.01,1016,35588,11530,2128,7129,14802
4302105,Bento Gonçalves,43,Rio Grande Do Sul,RS,4,Sul,123151,18492,1.37,272,452.28,48813,2.51,6450901,1.37,919831,5531069,94275,1991626,2747041,698128
4302154,Boa Vista das Missões,43,Rio Grande Do Sul,RS,4,Sul,1933,-181,-0.74,196,9.86,764,2.53,159103,0.03,9782,149321,88621,4615,37360,18725
4302204,Boa Vista do Buricá,43,Rio Grande Do Sul,RS,4,Sul,6966,392,0.48,110,63.59,2735,2.53,267868,0.06,24052,243816,57623,31520,114389,40284
4302220,Boa Vista do Cadeado,43,Rio Grande Do Sul,RS,4,Sul,2229,-212,-0.75,701,3.18,855,2.61,216746,0.05,12858,203889,123986,5791,51138,22974
4302238,Boa Vista do Incra,43,Rio Grande Do Sul,RS,4,Sul,2271,-154,-0.55,504,4.5,839,2.71,125277,0.03,7103,118174,61417,3239,30433,23085
4302253,Boa Vista do Sul,43,Rio Grande Do Sul,RS,4,Sul,2779,3,0.01,94,29.44,1052,2.64,95769,0.02,13909,81860,19294,20587,22175,19804
4302303,Bom Jesus,43,Rio Grande Do Sul,RS,4,Sul,11202,-317,-0.23,2623,4.27,4198,2.66,390434,0.08,19852,370582,152674,36636,117334,63939
4302352,Bom Princípio,43,Rio Grande Do Sul,RS,4,Sul,13132,1343,0.9,89,148.12,4991,2.62,774888,0.16,147746,627142,21578,246101,284069,75395
4302378,Bom Progresso,43,Rio Grande Do Sul,RS,4,Sul,2096,-232,-0.87,89,23.5,821,2.55,69002,0.01,3240,65762,27952,3058,17597,17154
4302402,Bom Retiro do Sul,43,Rio Grande Do Sul,RS,4,Sul,12294,822,0.58,103,119.89,4864,2.51,329432,0.07,32228,297203,23560,90311,116958,66375
4302451,Boqueirão do Leão,43,Rio Grande Do Sul,RS,4,Sul,6247,-1426,-1.7,266,23.49,2440,2.55,119657,0.03,4597,115060,46009,6257,24101,38693
4302501,Bossoroca,43,Rio Grande Do Sul,RS,4,Sul,5890,-994,-1.29,1610,3.66,2359,2.5,255603,0.05,16527,239077,121013,7975,69880,40209
4302584,Bozano,43,Rio Grande Do Sul,RS,4,Sul,2151,-49,-0.19,200,10.73,807,2.66,130681,0.03,13698,116983,49933,3582,45064,18403
4302600,Braga,43,Rio Grande Do Sul,RS,4,Sul,3268,-434,-1.03,132,24.75,1238,2.63,98676,0.02,6398,92279,35517,3594,29480,23688
4302659,Brochier,43,Rio Grande Do Sul,RS,4,Sul,4966,291,0.5,105,47.14,2019,2.44,99290,0.02,6621,92668,20426,8944,32876,30423
4302709,Butiá,43,Rio Grande Do Sul,RS,4,Sul,19084,-1322,-0.56,752,25.37,7353,2.59,437343,0.09,26707,410636,68645,71878,160591,109521
4302808,Caçapava do Sul,43,Rio Grande Do Sul,RS,4,Sul,32515,-1175,-0.3,3048,10.67,13439,2.41,853111,0.18,58261,794850,122400,135018,339489,197942
4302907,Cacequi,43,Rio Grande Do Sul,RS,4,Sul,11157,-2519,-1.68,2374,4.7,4271,2.59,365260,0.08,16015,349245,142481,17616,114091,75057
4303004,Cachoeira do Sul,43,Rio Grande Do Sul,RS,4,Sul,80070,-3757,-0.38,3736,21.43,31796,2.5,2368725,0.5,178105,2190620,379303,260872,1121556,428889
4303103,Cachoeirinha,43,Rio Grande Do Sul,RS,4,Sul,136258,17980,1.19,44,3112.48,52484,2.59,5638691,1.2,1061063,4577627,830,1055468,2835024,686306
4303202,Cacique Doble,43,Rio Grande Do Sul,RS,4,Sul,4603,-265,-0.47,204,22.56,1660,2.77,117873,0.03,4027,113846,49227,6008,29431,29181
4303301,Caibaté,43,Rio Grande Do Sul,RS,4,Sul,4704,-263,-0.45,261,18,1895,2.47,157723,0.03,12869,144854,39291,7974,65025,32563
4303400,Caiçara,43,Rio Grande Do Sul,RS,4,Sul,4836,-235,-0.39,189,25.57,1857,2.6,127493,0.03,3542,123951,61193,6187,28134,28437
4303509,Camaquã,43,Rio Grande Do Sul,RS,4,Sul,62200,-564,-0.08,1680,37.02,23858,2.59,2189270,0.46,249344,1939926,259080,352307,958024,370514
4303558,Camargo,43,Rio Grande Do Sul,RS,4,Sul,2981,389,1.17,138,21.59,1128,2.64,409655,0.09,50346,359309,49413,187731,100403,21762
4303608,Cambará do Sul,43,Rio Grande Do Sul,RS,4,Sul,6361,-181,-0.23,1182,5.38,2419,2.62,172474,0.04,13021,159453,29956,34195,53868,41435
4303673,Campestre da Serra,43,Rio Grande Do Sul,RS,4,Sul,3242,-5,-0.01,538,6.02,1284,2.52,140798,0.03,20756,120043,59220,11277,25733,23813
4303707,Campina das Missões,43,Rio Grande Do Sul,RS,4,Sul,5882,-235,-0.33,225,26.17,2301,2.56,188906,0.04,8276,180630,80433,9684,56286,34226
4303806,Campinas do Sul,43,Rio Grande Do Sul,RS,4,Sul,5284,-222,-0.34,276,19.13,2060,2.55,253852,0.05,16748,237104,91349,11699,97296,36760
4303905,Campo Bom,43,Rio Grande Do Sul,RS,4,Sul,62886,795,0.11,61,1038.08,24057,2.61,3086839,0.66,656995,2429844,1819,1043713,960913,423399
4304002,Campo Novo,43,Rio Grande Do Sul,RS,4,Sul,4975,-484,-0.77,221,22.54,1920,2.59,226601,0.05,24040,202561,54549,18501,99243,30268
4304101,Campos Borges,43,Rio Grande Do Sul,RS,4,Sul,3613,119,0.28,226,15.97,1460,2.47,85356,0.02,6141,79216,22771,5729,26469,24247
4304200,Candelária,43,Rio Grande Do Sul,RS,4,Sul,28906,-1265,-0.36,945,30.6,11388,2.52,837819,0.18,66900,770919,152678,161215,291154,165872
4304309,Cândido Godói,43,Rio Grande Do Sul,RS,4,Sul,6294,-241,-0.31,247,25.48,2439,2.58,272922,0.06,18353,254568,94054,33591,88252,38671
4304358,Candiota,43,Rio Grande Do Sul,RS,4,Sul,10710,1939,1.68,934,11.47,4103,2.59,1578189,0.34,42084,1536105,49721,1313723,99145,73517
4304408,Canela,43,Rio Grande Do Sul,RS,4,Sul,48946,9719,1.86,253,193.46,18302,2.66,1243847,0.26,93492,1150355,13563,262705,618612,255474
4304507,Canguçu,43,Rio Grande Do Sul,RS,4,Sul,49680,-3579,-0.58,3526,14.09,19317,2.57,1218424,0.26,67877,1150547,340700,48063,461737,300047
4304606,Canoas,43,Rio Grande Do Sul,RS,4,Sul,347657,23830,0.59,131,2658.15,132824,2.6,18466103,3.92,2290332,16175770,7543,6643467,7775365,1749395
4304614,Canudos do Vale,43,Rio Grande Do Sul,RS,4,Sul,1656,-153,-0.73,83,19.97,648,2.56,52343,0.01,1476,50867,27653,1323,8520,13371
4304622,Capão Bonito do Sul,43,Rio Grande Do Sul,RS,4,Sul,1733,-21,-0.1,527,3.29,691,2.51,164482,0.03,7249,157233,99802,9174,31545,16712
4304630,Capão da Canoa,43,Rio Grande Do Sul,RS,4,Sul,63594,21554,3.51,98,646.39,23879,2.65,1702045,0.36,131354,1570691,2660,261968,962257,343806
4304655,Capão do Cipó,43,Rio Grande Do Sul,RS,4,Sul,3119,15,0.04,1008,3.09,1167,2.67,257702,0.05,17610,240092,138544,7317,65937,28294
4304663,Capão do Leão,43,Rio Grande Do Sul,RS,4,Sul,26487,2189,0.72,783,33.82,10141,2.6,610700,0.13,59955,550745,65830,150328,189516,145072
4304671,Capivari do Sul,43,Rio Grande Do Sul,RS,4,Sul,3991,101,0.21,413,9.67,1496,2.67,262049,0.06,27922,234127,70049,31950,100916,31211
4304689,Capela de Santana,43,Rio Grande Do Sul,RS,4,Sul,11159,697,0.54,183,61.06,4236,2.63,237709,0.05,22694,215015,19756,58475,73178,63606
4304697,Capitão,43,Rio Grande Do Sul,RS,4,Sul,2917,281,0.85,74,39.44,1053,2.77,87530,0.02,2466,85064,44162,6097,13064,21740
4304705,Carazinho,43,Rio Grande Do Sul,RS,4,Sul,61804,2487,0.34,667,92.7,24216,2.53,3100917,0.66,516160,2584757,126452,277836,1855786,324684
4304713,Caraá,43,Rio Grande Do Sul,RS,4,Sul,7360,48,0.05,295,24.98,3000,2.45,142556,0.03,5263,137293,44014,19283,26333,47664
4304804,Carlos Barbosa,43,Rio Grande Do Sul,RS,4,Sul,30418,5256,1.59,230,132.22,11649,2.61,3078517,0.65,705429,2373089,51602,1417422,740016,164048
4304853,Carlos Gomes,43,Rio Grande Do Sul,RS,4,Sul,1368,-239,-1.33,83,16.45,513,2.67,47048,0.01,1330,45718,22111,4673,7233,11701
4304903,Casca,43,Rio Grande Do Sul,RS,4,Sul,9465,814,0.75,272,34.79,3618,2.61,521007,0.11,66202,454805,82473,102897,217065,52371
4304952,Caseiros,43,Rio Grande Do Sul,RS,4,Sul,3000,-7,-0.02,236,12.72,1110,2.7,136884,0.03,13884,122999,45283,6314,50647,20755
4305009,Catuípe,43,Rio Grande Do Sul,RS,4,Sul,8674,-651,-0.6,583,14.87,3370,2.57,336055,0.07,24246,311809,112075,13055,135477,51201
4305108,Caxias do Sul,43,Rio Grande Do Sul,RS,4,Sul,463338,27787,0.52,1652,280.42,184789,2.5,25965161,5.51,3749389,22215772,235532,7028390,12322690,2629160
4305116,Centenário,43,Rio Grande Do Sul,RS,4,Sul,2721,-244,-0.71,134,20.27,1031,2.63,76868,0.02,2553,74315,35684,2438,15689,20504
4305124,Cerrito,43,Rio Grande Do Sul,RS,4,Sul,5808,-594,-0.81,452,12.86,2434,2.38,106871,0.02,3426,103445,41590,4376,22984,34494
4305132,Cerro Branco,43,Rio Grande Do Sul,RS,4,Sul,3802,-652,-1.31,158,24.06,1582,2.4,70666,0.02,2057,68609,20320,2412,16023,29853
4305157,Cerro Grande,43,Rio Grande Do Sul,RS,4,Sul,2379,-38,-0.13,73,32.39,915,2.6,55459,0.01,1726,53734,25883,1349,9980,16522
4305173,Cerro Grande do Sul,43,Rio Grande Do Sul,RS,4,Sul,9178,-1090,-0.93,325,28.25,3580,2.55,168017,0.04,10285,157733,35342,7859,49993,64538
4305207,Cerro Largo,43,Rio Grande Do Sul,RS,4,Sul,13705,416,0.26,177,77.59,5350,2.53,682154,0.14,121888,560266,54104,56132,375788,74242
4305306,Chapada,43,Rio Grande Do Sul,RS,4,Sul,9540,163,0.14,684,13.94,3814,2.5,480991,0.1,35526,445465,196916,31780,160808,55960
4305355,Charqueadas,43,Rio Grande Do Sul,RS,4,Sul,35012,-308,-0.07,217,161.08,11998,2.6,1284821,0.27,133106,1151715,26684,503551,403408,218073
4305371,Charrua,43,Rio Grande Do Sul,RS,4,Sul,2768,-703,-1.87,199,13.93,959,2.89,89493,0.02,3822,85670,43970,2369,18118,21214
4305405,Chiapetta,43,Rio Grande Do Sul,RS,4,Sul,3913,-131,-0.27,397,9.85,1523,2.57,228493,0.05,7180,221313,134575,9413,50360,26965
4305439,Chuí,43,Rio Grande Do Sul,RS,4,Sul,6262,345,0.47,202,30.94,2385,2.62,303980,0.06,34905,269075,20513,49956,156683,41922
4305447,Chuvisca,43,Rio Grande Do Sul,RS,4,Sul,4597,-347,-0.6,220,20.85,1669,2.75,97330,0.02,3284,94047,40883,3272,15781,34111
4305454,Cidreira,43,Rio Grande Do Sul,RS,4,Sul,17071,4403,2.52,243,70.13,6843,2.49,337338,0.07,19689,317648,13768,24437,163663,115781
4305504,Ciríaco,43,Rio Grande Do Sul,RS,4,Sul,4146,-776,-1.42,274,15.11,1679,2.47,154371,0.03,11483,142888,58713,12248,44650,27278
4305587,Colinas,43,Rio Grande Do Sul,RS,4,Sul,2423,-29,-0.1,61,39.9,948,2.55,76692,0.02,3436,73255,32544,7072,14911,18728
4305603,Colorado,43,Rio Grande Do Sul,RS,4,Sul,3258,-292,-0.71,286,11.38,1280,2.54,169919,0.04,12603,157316,74535,7012,51542,24228
4305702,Condor,43,Rio Grande Do Sul,RS,4,Sul,6406,-146,-0.19,464,13.82,2394,2.68,370003,0.08,36113,333891,120721,38821,130165,44183
4305801,Constantina,43,Rio Grande Do Sul,RS,4,Sul,10385,633,0.53,204,51,3790,2.74,345027,0.07,31088,313938,60959,33378,162200,57401
4305835,Coqueiro Baixo,43,Rio Grande Do Sul,RS,4,Sul,1290,-238,-1.4,113,11.45,502,2.57,43496,0.01,1247,42249,22485,1250,6257,12257
4305850,Coqueiros do Sul,43,Rio Grande Do Sul,RS,4,Sul,2211,-246,-0.88,277,7.98,896,2.47,135203,0.03,7703,127500,74516,4905,29432,18648
4305871,Coronel Barros,43,Rio Grande Do Sul,RS,4,Sul,2822,363,1.15,164,17.24,1092,2.57,118273,0.03,9896,108377,36469,11453,38841,21614
4305900,Coronel Bicaco,43,Rio Grande Do Sul,RS,4,Sul,6144,-1604,-1.91,492,12.48,2329,2.64,306595,0.07,20894,285701,120148,13104,108019,44431
4305934,Coronel Pilar,43,Rio Grande Do Sul,RS,4,Sul,1607,-118,-0.59,106,15.21,565,2.84,39997,0.01,1543,38454,17567,2324,6667,11897
4305959,Cotiporã,43,Rio Grande Do Sul,RS,4,Sul,3846,-71,-0.15,173,22.2,1433,2.67,165954,0.04,11822,154133,31176,61681,36189,25087
4305975,Coxilha,43,Rio Grande Do Sul,RS,4,Sul,2667,-159,-0.48,422,6.32,1018,2.62,192047,0.04,8845,183202,106669,12499,38738,25296
4306007,Crissiumal,43,Rio Grande Do Sul,RS,4,Sul,12886,-1198,-0.74,362,35.58,5267,2.43,405726,0.09,27223,378502,120104,40834,141492,76073
4306056,Cristal,43,Rio Grande Do Sul,RS,4,Sul,7299,19,0.02,682,10.7,2766,2.63,190471,0.04,11990,178480,61795,10965,57593,48128
4306072,Cristal do Sul,43,Rio Grande Do Sul,RS,4,Sul,2692,-134,-0.4,97,27.73,1057,2.54,71754,0.02,1877,69878,38545,1737,10787,18809
4306106,Cruz Alta,43,Rio Grande Do Sul,RS,4,Sul,58913,-3908,-0.53,1361,43.3,22772,2.57,3419676,0.73,489813,2929863,296718,339145,1956580,337420
4306130,Cruzaltense,43,Rio Grande Do Sul,RS,4,Sul,1635,-506,-2.22,167,9.8,616,2.65,92825,0.02,5206,87619,46354,3148,22539,15578
4306205,Cruzeiro do Sul,43,Rio Grande Do Sul,RS,4,Sul,11600,51,0.04,155,74.81,4585,2.5,405910,0.09,53449,352460,52960,90234,147884,61383
4306304,David Canabarro,43,Rio Grande Do Sul,RS,4,Sul,4321,-362,-0.67,175,24.73,1658,2.6,155422,0.03,9904,145518,55776,7419,54302,28020
4306320,Derrubadas,43,Rio Grande Do Sul,RS,4,Sul,2751,-439,-1.23,361,7.62,1074,2.56,108916,0.02,3781,105135,57694,4978,22049,20415
4306353,Dezesseis de Novembro,43,Rio Grande Do Sul,RS,4,Sul,2507,-359,-1.11,217,11.53,1017,2.47,40400,0.01,1407,38993,12391,981,8316,17305
4306379,Dilermando de Aguiar,43,Rio Grande Do Sul,RS,4,Sul,2806,-257,-0.73,601,4.67,1147,2.45,131631,0.03,4980,126652,73372,7383,24035,21862
4306403,Dois Irmãos,43,Rio Grande Do Sul,RS,4,Sul,30709,3137,0.9,66,464.49,11923,2.57,1948546,0.41,282129,1666417,13485,740691,733995,178246
4306429,Dois Irmãos das Missões,43,Rio Grande Do Sul,RS,4,Sul,2090,-67,-0.26,226,9.24,798,2.62,122726,0.03,6668,116058,71327,6172,19703,18857
4306452,Dois Lajeados,43,Rio Grande Do Sul,RS,4,Sul,3097,-181,-0.47,134,23.19,1161,2.66,117937,0.03,7731,110207,39082,9359,39137,22629
4306502,Dom Feliciano,43,Rio Grande Do Sul,RS,4,Sul,13051,-1329,-0.8,1355,9.63,5088,2.56,270278,0.06,12539,257739,92878,8594,73200,83067
4306551,Dom Pedro de Alcântara,43,Rio Grande Do Sul,RS,4,Sul,2562,12,0.04,78,32.75,1050,2.43,53462,0.01,4596,48866,4733,3324,21868,18941
4306601,Dom Pedrito,43,Rio Grande Do Sul,RS,4,Sul,36981,-1917,-0.42,5194,7.12,14309,2.55,1400215,0.3,96225,1303990,427540,106659,541605,228185
4306700,Dona Francisca,43,Rio Grande Do Sul,RS,4,Sul,3079,-322,-0.83,114,26.97,1223,2.52,83240,0.02,6286,76954,18305,17954,21441,19254
4306734,Doutor Maurício Cardoso,43,Rio Grande Do Sul,RS,4,Sul,4470,-843,-1.43,256,17.48,1820,2.44,204470,0.04,9775,194695,100471,7431,58292,28502
4306759,Doutor Ricardo,43,Rio Grande Do Sul,RS,4,Sul,1888,-134,-0.57,108,17.49,710,2.66,56117,0.01,4101,52016,14232,8548,14961,14275
4306767,Eldorado do Sul,43,Rio Grande Do Sul,RS,4,Sul,39559,5216,1.19,510,77.63,14472,2.72,1782166,0.38,432910,1349256,116432,200500,792241,240084
4306809,Encantado,43,Rio Grande Do Sul,RS,4,Sul,22962,2449,0.94,140,164.01,9028,2.52,1020292,0.22,144696,875596,35439,270269,460278,109609
4306908,Encruzilhada do Sul,43,Rio Grande Do Sul,RS,4,Sul,23819,-715,-0.25,3348,7.11,9607,2.47,594378,0.13,36852,557526,172096,34330,197163,153937
4306924,Engenho Velho,43,Rio Grande Do Sul,RS,4,Sul,1296,-231,-1.36,71,18.2,441,2.93,53412,0.01,2593,50818,22908,2136,12452,13322
4306932,Entre-Ijuís,43,Rio Grande Do Sul,RS,4,Sul,9158,220,0.2,553,16.56,3582,2.54,347385,0.07,35206,312178,68176,15087,175210,53705
4306957,Entre Rios do Sul,43,Rio Grande Do Sul,RS,4,Sul,2685,-395,-1.14,120,22.39,1087,2.46,224577,0.05,7742,216835,25356,144622,24768,22089
4306973,Erebango,43,Rio Grande Do Sul,RS,4,Sul,3054,89,0.25,153,19.99,1069,2.83,121466,0.03,9200,112266,46966,9604,33221,22475
4307005,Erechim,43,Rio Grande Do Sul,RS,4,Sul,105705,9620,0.8,429,246.3,42113,2.49,5859842,1.24,808121,5051721,88106,1757430,2669917,536268
4307054,Ernestina,43,Rio Grande Do Sul,RS,4,Sul,3034,-54,-0.15,239,12.72,1250,2.42,144768,0.03,8597,136171,56166,15815,39147,25044
4307104,Herval,43,Rio Grande Do Sul,RS,4,Sul,6191,-562,-0.72,1760,3.52,2668,2.31,142340,0.03,4620,137720,51782,5324,37202,43413
4307203,Erval Grande,43,Rio Grande Do Sul,RS,4,Sul,4930,-233,-0.38,286,17.26,1956,2.52,116972,0.02,9218,107755,35586,7189,34763,30218
4307302,Erval Seco,43,Rio Grande Do Sul,RS,4,Sul,6787,-1076,-1.22,357,19,2609,2.6,247658,0.05,16489,231169,94361,12803,84682,39324
4307401,Esmeralda,43,Rio Grande Do Sul,RS,4,Sul,3195,27,0.07,830,3.85,1248,2.56,215910,0.05,11500,204410,111515,7436,59019,26440
4307450,Esperança do Sul,43,Rio Grande Do Sul,RS,4,Sul,3226,-46,-0.12,149,21.66,1276,2.53,87110,0.02,3826,83284,40688,3512,16832,22252
4307500,Espumoso,43,Rio Grande Do Sul,RS,4,Sul,15173,-67,-0.04,784,19.36,5796,2.59,622577,0.13,63216,559361,112250,70899,290377,85835
4307559,Estação,43,Rio Grande Do Sul,RS,4,Sul,5582,-429,-0.62,100,55.96,2172,2.57,243279,0.05,29960,213320,29973,43947,101363,38036
4307609,Estância Velha,43,Rio Grande Do Sul,RS,4,Sul,47912,5338,0.99,52,925.32,17899,2.67,1542698,0.33,164290,1378408,4185,453007,648384,272831
4307708,Esteio,43,Rio Grande Do Sul,RS,4,Sul,76137,-4618,-0.49,28,2751.01,29282,2.59,3341532,0.71,520851,2820681,1792,741794,1580852,496243
4307807,Estrela,43,Rio Grande Do Sul,RS,4,Sul,32183,1564,0.42,185,173.94,12417,2.58,1797387,0.38,203174,1594213,91177,589124,726185,187727
4307815,Estrela Velha,43,Rio Grande Do Sul,RS,4,Sul,3070,-558,-1.38,282,10.9,1161,2.64,107225,0.02,6718,100507,41319,3256,29550,26381
4307831,Eugênio de Castro,43,Rio Grande Do Sul,RS,4,Sul,2633,-145,-0.45,418,6.3,1112,2.35,171582,0.04,12799,158783,70079,15540,50107,23057
4307864,Fagundes Varela,43,Rio Grande Do Sul,RS,4,Sul,2566,-13,-0.04,134,19.11,883,2.91,137478,0.03,10950,126528,38001,40619,25953,21954
4307906,Farroupilha,43,Rio Grande Do Sul,RS,4,Sul,69885,6210,0.78,361,193.4,26862,2.6,3607730,0.77,627445,2980285,153151,1044942,1412757,369436
4308003,Faxinal do Soturno,43,Rio Grande Do Sul,RS,4,Sul,6702,30,0.04,170,39.54,2581,2.6,226718,0.05,23638,203080,17664,27237,120394,37784
4308052,Faxinalzinho,43,Rio Grande Do Sul,RS,4,Sul,2520,-47,-0.15,143,17.58,1004,2.5,73370,0.02,2927,70443,33372,4798,15461,16811
4308078,Fazenda Vilanova,43,Rio Grande Do Sul,RS,4,Sul,4291,594,1.25,85,50.6,1646,2.6,102076,0.02,6758,95319,22954,11244,32167,28953
4308102,Feliz,43,Rio Grande Do Sul,RS,4,Sul,13764,1405,0.9,95,145.14,5394,2.54,470879,0.1,51624,419255,17589,89233,240826,71607
4308201,Flores da Cunha,43,Rio Grande Do Sul,RS,4,Sul,30892,3753,1.09,276,111.83,11803,2.61,1948953,0.41,369900,1579054,113372,709892,587794,167995
4308250,Floriano Peixoto,43,Rio Grande Do Sul,RS,4,Sul,1668,-350,-1.57,169,9.9,694,2.4,61996,0.01,2449,59547,29938,3143,12469,13997
4308300,Fontoura Xavier,43,Rio Grande Do Sul,RS,4,Sul,9550,-1169,-0.96,583,16.37,3703,2.58,245766,0.05,11661,234105,40612,12246,127177,54070
4308409,Formigueiro,43,Rio Grande Do Sul,RS,4,Sul,6413,-601,-0.74,579,11.08,2536,2.48,192870,0.04,13133,179737,58091,20689,58219,42737
4308433,Forquetinha,43,Rio Grande Do Sul,RS,4,Sul,2393,-86,-0.29,93,25.66,955,2.51,46799,0.01,1733,45066,17208,3116,8477,16265
4308458,Fortaleza dos Valos,43,Rio Grande Do Sul,RS,4,Sul,4477,-98,-0.18,651,6.88,1730,2.58,255856,0.05,20997,234859,90919,8589,102089,33261
4308508,Frederico Westphalen,43,Rio Grande Do Sul,RS,4,Sul,32627,3784,1.03,265,123.04,12715,2.55,1202109,0.26,120329,1081779,94860,182932,638178,165809
4308607,Garibaldi,43,Rio Grande Do Sul,RS,4,Sul,34335,3656,0.94,168,203.78,13401,2.56,2302655,0.49,437572,1865083,50812,852468,776215,185588
4308656,Garruchos,43,Rio Grande Do Sul,RS,4,Sul,2688,-546,-1.53,804,3.34,1056,2.54,148259,0.03,6675,141583,81891,4199,30712,24781
4308706,Gaurama,43,Rio Grande Do Sul,RS,4,Sul,5665,-197,-0.28,204,27.71,2197,2.54,240406,0.05,23721,216685,51451,55154,77272,32807
4308805,General Câmara,43,Rio Grande Do Sul,RS,4,Sul,7612,-835,-0.86,510,14.93,3148,2.42,156306,0.03,6443,149863,56315,8308,41251,43988
4308854,Gentil,43,Rio Grande Do Sul,RS,4,Sul,1742,65,0.32,185,9.43,645,2.7,126462,0.03,9613,116849,60172,3257,38119,15302
4308904,Getúlio Vargas,43,Rio Grande Do Sul,RS,4,Sul,16602,448,0.23,287,57.75,6680,2.46,649109,0.14,51810,597299,85941,113602,305202,92554
4309001,Giruá,43,Rio Grande Do Sul,RS,4,Sul,16013,-1062,-0.53,857,18.68,6131,2.6,764650,0.16,69290,695360,204068,101130,288048,102114
4309050,Glorinha,43,Rio Grande Do Sul,RS,4,Sul,7658,767,0.88,324,23.64,2991,2.56,276220,0.06,25622,250598,18926,109953,71212,50508
4309100,Gramado,43,Rio Grande Do Sul,RS,4,Sul,40134,7844,1.83,239,167.69,15381,2.6,2022330,0.43,217922,1804408,16215,278133,1227904,282156
4309126,Gramado dos Loureiros,43,Rio Grande Do Sul,RS,4,Sul,2014,-255,-0.99,131,15.33,723,2.79,60441,0.01,1801,58640,28270,3264,9601,17504
4309159,Gramado Xavier,43,Rio Grande Do Sul,RS,4,Sul,3304,-666,-1.52,218,15.19,1244,2.66,79030,0.02,1895,77135,34456,2976,11950,27753
4309209,Gravataí,43,Rio Grande Do Sul,RS,4,Sul,265070,9347,0.3,468,566.04,101778,2.6,10640983,2.26,1723967,8917016,16450,3783008,3747563,1369996
4309258,Guabiju,43,Rio Grande Do Sul,RS,4,Sul,1417,-181,-1,147,9.64,562,2.52,71844,0.02,3385,68459,36574,2340,17285,12260
4309308,Guaíba,43,Rio Grande Do Sul,RS,4,Sul,92924,-2280,-0.2,376,247.03,35163,2.63,5826460,1.24,2053653,3772807,49653,1148175,2029543,545436
4309407,Guaporé,43,Rio Grande Do Sul,RS,4,Sul,25268,2454,0.86,298,84.92,9641,2.61,960170,0.2,84138,876032,51344,290073,389738,144877
4309506,Guarani das Missões,43,Rio Grande Do Sul,RS,4,Sul,7415,-700,-0.75,291,25.51,2802,2.61,295455,0.06,30493,264962,58405,37556,122968,46034
4309555,Harmonia,43,Rio Grande Do Sul,RS,4,Sul,5378,1119,1.96,49,110.76,2022,2.66,201264,0.04,26189,175075,25260,46137,75297,28380
4309571,Herveiras,43,Rio Grande Do Sul,RS,4,Sul,2526,-428,-1.3,118,21.36,952,2.63,59461,0.01,1734,57727,23052,1858,11606,21212
4309605,Horizontina,43,Rio Grande Do Sul,RS,4,Sul,18851,503,0.23,230,82.07,7624,2.46,1707527,0.36,355303,1352224,90960,660198,468722,132345
4309654,Hulha Negra,43,Rio Grande Do Sul,RS,4,Sul,5976,-67,-0.09,823,7.26,2205,2.71,213293,0.05,24510,188783,45018,56789,46233,40743
4309704,Humaitá,43,Rio Grande Do Sul,RS,4,Sul,4681,-238,-0.41,135,34.67,1887,2.48,184331,0.04,14610,169721,68173,9946,62822,28780
4309753,Ibarama,43,Rio Grande Do Sul,RS,4,Sul,3732,-648,-1.33,195,19.1,1417,2.63,83286,0.02,4560,78727,25729,7519,18181,27298
4309803,Ibiaçá,43,Rio Grande Do Sul,RS,4,Sul,4527,-183,-0.33,349,12.98,1770,2.49,225183,0.05,16031,209153,89199,17506,70499,31949
4309902,Ibiraiaras,43,Rio Grande Do Sul,RS,4,Sul,6776,-319,-0.38,292,23.19,2525,2.68,241209,0.05,24134,217075,68258,11687,92226,44903
4309951,Ibirapuitã,43,Rio Grande Do Sul,RS,4,Sul,3723,-338,-0.72,307,12.12,1462,2.55,110960,0.02,5811,105150,44876,3267,28657,28350
4310009,Ibirubá,43,Rio Grande Do Sul,RS,4,Sul,21583,2273,0.93,607,35.55,8366,2.57,1203380,0.26,165036,1038345,163530,293597,465985,115232
4310108,Igrejinha,43,Rio Grande Do Sul,RS,4,Sul,32808,909,0.23,138,237.22,12772,2.56,1711229,0.36,210832,1500397,4662,740808,560800,194127
4310207,Ijuí,43,Rio Grande Do Sul,RS,4,Sul,84726,5811,0.59,689,122.97,32512,2.58,4390345,0.93,478958,3911387,183062,1026474,2136233,565618
4310306,Ilópolis,43,Rio Grande Do Sul,RS,4,Sul,4157,-18,-0.04,124,33.63,1509,2.73,122338,0.03,9475,112863,34207,15406,39168,24083
4310330,Imbé,43,Rio Grande Do Sul,RS,4,Sul,26824,9154,3.54,40,674.55,10456,2.56,553507,0.12,36322,517184,1846,57976,293516,163846
4310363,Imigrante,43,Rio Grande Do Sul,RS,4,Sul,3080,80,0.22,72,42.95,1182,2.59,744218,0.16,84949,659269,26354,491711,118638,22565
4310405,Independência,43,Rio Grande Do Sul,RS,4,Sul,6427,-191,-0.24,358,17.94,2484,2.59,325847,0.07,44065,281781,111115,36383,93175,41108
4310413,Inhacorá,43,Rio Grande Do Sul,RS,4,Sul,2014,-258,-1,114,17.71,782,2.58,73038,0.02,3487,69551,33184,3173,15990,17204
4310439,Ipê,43,Rio Grande Do Sul,RS,4,Sul,5325,-693,-1.01,599,8.89,2109,2.52,192563,0.04,10343,182220,74787,15080,53407,38946
4310462,Ipiranga do Sul,43,Rio Grande Do Sul,RS,4,Sul,1720,-224,-1.02,159,10.84,675,2.54,102249,0.02,4336,97913,49876,5542,25629,16866
4310504,Iraí,43,Rio Grande Do Sul,RS,4,Sul,7482,-596,-0.64,182,41.21,2835,2.59,203668,0.04,19905,183763,39421,16493,90134,37715
4310538,Itaara,43,Rio Grande Do Sul,RS,4,Sul,5572,562,0.89,173,32.25,2115,2.62,196796,0.04,11022,185774,11862,21675,118964,33274
4310553,Itacurubi,43,Rio Grande Do Sul,RS,4,Sul,2995,-446,-1.15,1121,2.67,1170,2.56,95672,0.02,2846,92826,48112,2375,18030,24308
4310579,Itapuca,43,Rio Grande Do Sul,RS,4,Sul,1937,-407,-1.58,185,10.49,725,2.67,73404,0.02,1131,72273,44780,3403,8156,15934
4310603,Itaqui,43,Rio Grande Do Sul,RS,4,Sul,35768,-2391,-0.54,3407,10.5,12910,2.76,1571169,0.33,147506,1423663,414735,279774,511299,217855
4310652,Itati,43,Rio Grande Do Sul,RS,4,Sul,2638,54,0.17,205,12.86,1041,2.53,72408,0.02,1822,70586,35630,3317,12937,18703
4310702,Itatiba do Sul,43,Rio Grande Do Sul,RS,4,Sul,3208,-963,-2.16,213,15.08,1285,2.48,70901,0.02,2179,68722,29537,3228,13782,22175
4310751,Ivorá,43,Rio Grande Do Sul,RS,4,Sul,1929,-227,-0.92,123,15.69,740,2.59,37455,0.01,1062,36393,13087,1657,6967,14681
4310801,Ivoti,43,Rio Grande Do Sul,RS,4,Sul,22983,3109,1.22,63,364.28,8616,2.65,979022,0.21,143882,835140,8829,206567,487280,132465
4310850,Jaboticaba,43,Rio Grande Do Sul,RS,4,Sul,3779,-319,-0.67,128,29.62,1499,2.51,106617,0.02,6009,100608,36214,4457,35652,24285
4310876,Jacuizinho,43,Rio Grande Do Sul,RS,4,Sul,2040,-467,-1.7,339,6.01,784,2.6,76480,0.02,1998,74482,39273,2122,12429,20657
4310900,Jacutinga,43,Rio Grande Do Sul,RS,4,Sul,3338,-295,-0.7,178,18.75,1301,2.55,157558,0.03,9365,148192,68817,12307,42636,24432
4311007,Jaguarão,43,Rio Grande Do Sul,RS,4,Sul,26603,-1328,-0.41,2052,12.97,10836,2.44,747053,0.16,47789,699264,219790,39880,300671,138923
4311106,Jaguari,43,Rio Grande Do Sul,RS,4,Sul,10579,-896,-0.68,675,15.67,4309,2.43,255078,0.05,14352,240726,55658,21592,106139,57337
4311122,Jaquirana,43,Rio Grande Do Sul,RS,4,Sul,3690,-487,-1.03,909,4.06,1391,2.65,75621,0.02,3555,72066,21781,5303,21580,23401
4311130,Jari,43,Rio Grande Do Sul,RS,4,Sul,3349,-224,-0.54,853,3.93,1332,2.51,154904,0.03,2717,152187,105255,4488,19162,23282
4311155,Jóia,43,Rio Grande Do Sul,RS,4,Sul,7184,-1147,-1.23,1239,5.8,2780,2.58,430969,0.09,20188,410781,237762,11914,102984,58121
4311205,Júlio de Castilhos,43,Rio Grande Do Sul,RS,4,Sul,18226,-1353,-0.59,1930,9.45,6965,2.6,1141722,0.24,156572,985150,261692,42278,560034,121146
4311239,Lagoa Bonita do Sul,43,Rio Grande Do Sul,RS,4,Sul,2251,-411,-1.39,110,20.51,866,2.6,53805,0.01,2037,51768,21727,1921,8233,19887
4311254,Lagoão,43,Rio Grande Do Sul,RS,4,Sul,5341,-892,-1.28,387,13.78,2033,2.63,101796,0.02,2840,98956,44202,3429,16485,34840
4311270,Lagoa dos Três Cantos,43,Rio Grande Do Sul,RS,4,Sul,1738,140,0.7,139,12.54,654,2.65,74254,0.02,5759,68495,27714,2038,22294,16450
4311304,Lagoa Vermelha,43,Rio Grande Do Sul,RS,4,Sul,27659,132,0.04,1260,21.95,10773,2.54,1133235,0.24,106803,1026432,185330,240027,459688,141387
4311403,Lajeado,43,Rio Grande Do Sul,RS,4,Sul,93646,21430,2.19,91,1026.47,37971,2.45,4695484,1,726137,3969347,17219,1066180,2447398,438549
4311429,Lajeado do Bugre,43,Rio Grande Do Sul,RS,4,Sul,2601,114,0.37,68,38.28,983,2.64,50734,0.01,1631,49103,18050,3366,8567,19120
4311502,Lavras do Sul,43,Rio Grande Do Sul,RS,4,Sul,7157,-522,-0.58,2601,2.75,2926,2.42,269619,0.06,9172,260447,140670,8290,61469,50017
4311601,Liberato Salzano,43,Rio Grande Do Sul,RS,4,Sul,4781,-999,-1.57,246,19.46,1827,2.62,121601,0.03,8839,112762,32909,5511,44619,29723
4311627,Lindolfo Collor,43,Rio Grande Do Sul,RS,4,Sul,6244,1017,1.49,33,187.22,2309,2.7,318555,0.07,26471,292084,5598,196341,56703,33442
4311643,Linha Nova,43,Rio Grande Do Sul,RS,4,Sul,1683,59,0.3,64,26.5,665,2.53,55572,0.01,1324,54248,30855,3086,7639,12668
4311700,Machadinho,43,Rio Grande Do Sul,RS,4,Sul,5735,225,0.33,335,17.11,2298,2.5,186904,0.04,11264,175639,65533,11979,61753,36374
4311718,Maçambará,43,Rio Grande Do Sul,RS,4,Sul,4425,-313,-0.57,1683,2.63,1632,2.71,331616,0.07,10262,321354,221273,13234,50555,36291
4311734,Mampituba,43,Rio Grande Do Sul,RS,4,Sul,3131,128,0.35,157,19.99,1233,2.53,53586,0.01,1605,51981,18153,3356,10228,20244
4311759,Manoel Viana,43,Rio Grande Do Sul,RS,4,Sul,6801,-271,-0.33,1391,4.89,2767,2.45,278463,0.06,11485,266977,141234,13134,66262,46347
4311775,Maquiné,43,Rio Grande Do Sul,RS,4,Sul,7418,429,0.5,614,12.09,2907,2.55,153825,0.03,10068,143757,26689,22578,55645,38845
4311791,Maratá,43,Rio Grande Do Sul,RS,4,Sul,2470,-57,-0.19,82,30.1,973,2.53,76304,0.02,3127,73176,27401,9161,15881,20733
4311809,Marau,43,Rio Grande Do Sul,RS,4,Sul,45126,8762,1.82,650,69.45,17282,2.6,2226701,0.47,285243,1941458,163931,712766,820855,243906
4311908,Marcelino Ramos,43,Rio Grande Do Sul,RS,4,Sul,4320,-814,-1.43,230,18.8,1732,2.49,143568,0.03,7527,136041,44081,14382,50298,27281
4311981,Mariana Pimentel,43,Rio Grande Do Sul,RS,4,Sul,3916,148,0.32,338,11.57,1639,2.38,82005,0.02,3862,78143,32275,2363,16929,26576
4312005,Mariano Moro,43,Rio Grande Do Sul,RS,4,Sul,1858,-352,-1.44,99,18.82,757,2.45,62886,0.01,2915,59971,26272,3779,13060,16859
4312054,Marques de Souza,43,Rio Grande Do Sul,RS,4,Sul,3969,-99,-0.21,126,31.57,1574,2.52,98781,0.02,6655,92126,30123,6934,31101,23968
4312104,Mata,43,Rio Grande Do Sul,RS,4,Sul,4698,-427,-0.72,316,14.86,1959,2.38,113421,0.02,9018,104403,25451,11783,37428,29740
4312138,Mato Castelhano,43,Rio Grande Do Sul,RS,4,Sul,2553,83,0.28,238,10.71,925,2.64,111605,0.02,6895,104710,52164,3398,28730,20417
4312153,Mato Leitão,43,Rio Grande Do Sul,RS,4,Sul,4859,1001,1.94,47,103.83,1883,2.57,147068,0.03,12033,135036,22377,47153,37045,28460
4312179,Mato Queimado,43,Rio Grande Do Sul,RS,4,Sul,1795,-7,-0.03,115,15.66,697,2.57,46832,0.01,1494,45339,21407,1539,8293,14100
4312203,Maximiliano de Almeida,43,Rio Grande Do Sul,RS,4,Sul,4191,-720,-1.31,208,20.11,1645,2.54,112355,0.02,5468,106888,35452,9659,35057,26720
4312252,Minas do Leão,43,Rio Grande Do Sul,RS,4,Sul,7505,-126,-0.14,424,17.69,2811,2.67,199313,0.04,32547,166766,42221,12159,67419,44968
4312302,Miraguaí,43,Rio Grande Do Sul,RS,4,Sul,4427,-530,-0.94,131,33.73,1658,2.67,143280,0.03,12954,130326,34201,26907,39178,30039
4312351,Montauri,43,Rio Grande Do Sul,RS,4,Sul,1499,-43,-0.24,82,18.23,535,2.79,60230,0.01,7721,52509,24810,4422,10628,12648
4312377,Monte Alegre dos Campos,43,Rio Grande Do Sul,RS,4,Sul,3180,78,0.21,549,5.79,1194,2.66,83129,0.02,2093,81036,40011,2690,13532,24803
4312385,Monte Belo do Sul,43,Rio Grande Do Sul,RS,4,Sul,2557,-111,-0.35,70,36.67,917,2.79,74341,0.02,4920,69421,27729,11055,13734,16904
4312401,Montenegro,43,Rio Grande Do Sul,RS,4,Sul,63624,4209,0.57,425,149.7,24084,2.56,3905782,0.83,697363,3208419,60283,1286952,1479206,381978
4312427,Mormaço,43,Rio Grande Do Sul,RS,4,Sul,2756,7,0.02,146,18.85,1057,2.61,83755,0.02,7299,76457,22365,2457,29317,22317
4312443,Morrinhos do Sul,43,Rio Grande Do Sul,RS,4,Sul,3071,-111,-0.3,166,18.48,1279,2.4,59890,0.01,2427,57463,18743,2516,14198,22006
4312450,Morro Redondo,43,Rio Grande Do Sul,RS,4,Sul,6046,-181,-0.25,245,24.71,2510,2.4,103582,0.02,10089,93493,11702,12451,31667,37673
4312476,Morro Reuter,43,Rio Grande Do Sul,RS,4,Sul,6029,307,0.44,89,67.43,2301,2.62,211334,0.04,18576,192758,32963,61162,60254,38379
4312500,Mostardas,43,Rio Grande Do Sul,RS,4,Sul,12090,-34,-0.02,1977,6.11,4593,2.63,427437,0.09,22050,405387,180625,22735,126026,76000
4312609,Muçum,43,Rio Grande Do Sul,RS,4,Sul,4601,-190,-0.34,111,41.36,1785,2.56,284634,0.06,21983,262651,22359,134316,75639,30336
4312617,Muitos Capões,43,Rio Grande Do Sul,RS,4,Sul,2879,-109,-0.31,1193,2.41,1096,2.63,724937,0.15,47191,677746,382894,144802,123663,26387
4312625,Muliterno,43,Rio Grande Do Sul,RS,4,Sul,1721,-92,-0.43,111,15.49,605,2.83,54969,0.01,1708,53261,26241,1840,9893,15287
4312658,Não-Me-Toque,43,Rio Grande Do Sul,RS,4,Sul,17898,1962,0.97,362,49.48,6974,2.55,1371080,0.29,199569,1171511,87964,497033,475359,111155
4312674,Nicolau Vergueiro,43,Rio Grande Do Sul,RS,4,Sul,1932,211,0.97,155,12.46,769,2.5,80269,0.02,5890,74379,34081,2120,23295,14883
4312708,Nonoai,43,Rio Grande Do Sul,RS,4,Sul,13719,1645,1.07,469,29.25,5131,2.66,407283,0.09,42326,364957,77226,29386,189154,69191
4312757,Nova Alvorada,43,Rio Grande Do Sul,RS,4,Sul,3163,-19,-0.05,149,21.25,1172,2.7,196107,0.04,39453,156654,50124,10321,70770,25439
4312807,Nova Araçá,43,Rio Grande Do Sul,RS,4,Sul,4954,953,1.8,76,65.6,1811,2.74,263690,0.06,35183,228507,33089,93893,71983,29542
4312906,Nova Bassano,43,Rio Grande Do Sul,RS,4,Sul,9649,809,0.73,212,45.6,3291,2.92,622403,0.13,46507,575896,80581,301253,136712,57350
4312955,Nova Boa Vista,43,Rio Grande Do Sul,RS,4,Sul,2042,82,0.34,94,21.79,796,2.57,113855,0.02,11336,102519,37265,21308,28440,15506
4313003,Nova Bréscia,43,Rio Grande Do Sul,RS,4,Sul,3044,-140,-0.37,103,29.56,1213,2.51,114525,0.02,7754,106771,37212,14712,29987,24861
4313011,Nova Candelária,43,Rio Grande Do Sul,RS,4,Sul,3061,310,0.89,98,31.37,1182,2.59,187801,0.04,21295,166506,65994,46702,34183,19628
4313037,Nova Esperança do Sul,43,Rio Grande Do Sul,RS,4,Sul,4865,194,0.34,191,25.47,1906,2.55,123204,0.03,8408,114796,14871,32163,36561,31200
4313060,Nova Hartz,43,Rio Grande Do Sul,RS,4,Sul,20088,1764,0.77,62,322.34,7571,2.65,702232,0.15,52560,649672,2931,358025,172908,115808
4313086,Nova Pádua,43,Rio Grande Do Sul,RS,4,Sul,2343,-107,-0.37,103,22.83,810,2.89,78855,0.02,6858,71997,25994,10117,19427,16459
4313102,Nova Palma,43,Rio Grande Do Sul,RS,4,Sul,5586,-756,-1.05,315,17.76,2041,2.74,284051,0.06,21133,262918,37896,89432,95582,40007
4313201,Nova Petrópolis,43,Rio Grande Do Sul,RS,4,Sul,23177,4137,1.65,290,79.88,9000,2.55,826389,0.18,96557,729832,37879,183220,385338,123394
4313300,Nova Prata,43,Rio Grande Do Sul,RS,4,Sul,25692,2862,0.99,260,98.84,9881,2.59,1323123,0.28,183318,1139805,57681,396701,524765,160658
4313334,Nova Ramada,43,Rio Grande Do Sul,RS,4,Sul,2163,-274,-0.99,255,8.47,864,2.5,150201,0.03,12404,137797,65782,14335,39105,18575
4313359,Nova Roma do Sul,43,Rio Grande Do Sul,RS,4,Sul,3466,123,0.3,150,23.14,1246,2.77,200991,0.04,12155,188836,34926,91836,34777,27297
4313375,Nova Santa Rita,43,Rio Grande Do Sul,RS,4,Sul,29024,6308,2.06,218,133.04,10271,2.82,1916838,0.41,528167,1388671,24331,399857,779724,184759
4313391,Novo Cabrais,43,Rio Grande Do Sul,RS,4,Sul,3568,-287,-0.64,193,18.49,1458,2.44,79735,0.02,3122,76613,29562,4613,15947,26490
4313409,Novo Hamburgo,43,Rio Grande Do Sul,RS,4,Sul,227732,-11208,-0.4,223,1023.35,89902,2.52,9282360,1.97,1074857,8207503,17857,1858244,5132837,1198564
4313425,Novo Machado,43,Rio Grande Do Sul,RS,4,Sul,3198,-727,-1.69,219,14.61,1304,2.44,147256,0.03,8290,138966,74320,5080,35323,24244
4313441,Novo Tiradentes,43,Rio Grande Do Sul,RS,4,Sul,2146,-131,-0.49,75,28.45,819,2.62,47790,0.01,1829,45961,17940,1143,10329,16549
4313466,Novo Xingu,43,Rio Grande Do Sul,RS,4,Sul,1646,-111,-0.54,80,20.61,622,2.65,57377,0.01,2273,55104,25359,1996,12889,14861
4313490,Novo Barreiro,43,Rio Grande Do Sul,RS,4,Sul,4272,294,0.6,123,34.63,1647,2.59,99096,0.02,5505,93592,32501,7445,27156,26491
4313508,Osório,43,Rio Grande Do Sul,RS,4,Sul,47400,6493,1.24,664,71.4,17768,2.59,1695497,0.36,170063,1525433,38014,248233,938506,300680
4313607,Paim Filho,43,Rio Grande Do Sul,RS,4,Sul,3629,-614,-1.29,182,19.93,1414,2.57,126481,0.03,7731,118749,47546,8288,38221,24694
4313656,Palmares do Sul,43,Rio Grande Do Sul,RS,4,Sul,12844,1875,1.32,949,13.53,5173,2.48,565517,0.12,35458,530059,86577,199784,169145,74553
4313706,Palmeira das Missões,43,Rio Grande Do Sul,RS,4,Sul,33216,-1112,-0.27,1421,23.37,12781,2.58,1477385,0.31,123979,1353406,468517,76587,610869,197433
4313805,Palmitinho,43,Rio Grande Do Sul,RS,4,Sul,7839,919,1.04,144,54.37,3005,2.6,234302,0.05,12327,221975,63296,43576,72647,42456
4313904,Panambi,43,Rio Grande Do Sul,RS,4,Sul,43515,5471,1.13,492,88.52,16485,2.63,2104505,0.45,244714,1859791,113374,727850,765924,252642
4313953,Pantano Grande,43,Rio Grande Do Sul,RS,4,Sul,10212,317,0.26,841,12.14,3971,2.56,361491,0.08,28227,333264,90062,64474,120206,58522
4314001,Paraí,43,Rio Grande Do Sul,RS,4,Sul,7194,382,0.46,122,59.09,2654,2.71,313957,0.07,43003,270955,54585,71133,102057,43179
4314027,Paraíso do Sul,43,Rio Grande Do Sul,RS,4,Sul,6519,-817,-0.98,338,19.31,2617,2.47,149974,0.03,8294,141680,43594,5205,50088,42793
4314035,Pareci Novo,43,Rio Grande Do Sul,RS,4,Sul,4319,789,1.7,57,75.13,1680,2.56,110224,0.02,10867,99357,22757,8231,40472,27897
4314050,Parobé,43,Rio Grande Do Sul,RS,4,Sul,52058,783,0.13,109,478.88,19888,2.61,1279036,0.27,103412,1175624,3939,356046,526277,289362
4314068,Passa Sete,43,Rio Grande Do Sul,RS,4,Sul,3982,-1161,-2.11,304,13.09,1524,2.6,98728,0.02,3821,94906,40001,3458,18644,32803
4314076,Passo do Sobrado,43,Rio Grande Do Sul,RS,4,Sul,6025,14,0.02,265,22.72,2381,2.52,167547,0.04,16098,151449,48535,21017,42746,39150
4314100,Passo Fundo,43,Rio Grande Do Sul,RS,4,Sul,206224,21398,0.92,784,262.9,81751,2.51,10048732,2.13,1315245,8733487,127467,1137560,6404095,1064366
4314134,Paulo Bento,43,Rio Grande Do Sul,RS,4,Sul,2144,-47,-0.18,150,14.32,793,2.7,112258,0.02,11063,101195,32976,27777,21776,18666
4314159,Paverama,43,Rio Grande Do Sul,RS,4,Sul,7978,-66,-0.07,172,46.42,3149,2.52,202083,0.04,14779,187304,50476,45377,47296,44156
4314175,Pedras Altas,43,Rio Grande Do Sul,RS,4,Sul,2061,-151,-0.59,1374,1.5,866,2.38,144473,0.03,3858,140615,97025,4022,18514,21054
4314209,Pedro Osório,43,Rio Grande Do Sul,RS,4,Sul,7484,-327,-0.36,604,12.4,3084,2.42,145746,0.03,7878,137868,33141,9476,55089,40162
4314308,Pejuçara,43,Rio Grande Do Sul,RS,4,Sul,3745,-228,-0.49,414,9.04,1375,2.72,244657,0.05,12516,232141,120031,9041,72527,30541
4314407,Pelotas,43,Rio Grande Do Sul,RS,4,Sul,325689,-2586,-0.07,1609,202.44,130722,2.48,9494826,2.02,979796,8515029,177299,1098508,5479886,1759337
4314423,Picada Café,43,Rio Grande Do Sul,RS,4,Sul,5351,213,0.34,84,63.49,2031,2.63,298780,0.06,33517,265263,10200,143630,74887,36546
4314456,Pinhal,43,Rio Grande Do Sul,RS,4,Sul,2959,446,1.37,68,43.37,1089,2.72,102394,0.02,6822,95572,43839,14140,18628,18965
4314464,Pinhal da Serra,43,Rio Grande Do Sul,RS,4,Sul,2248,118,0.45,438,5.13,885,2.54,214397,0.05,15828,198569,36371,124073,15327,22799
4314472,Pinhal Grande,43,Rio Grande Do Sul,RS,4,Sul,3805,-666,-1.34,478,7.96,1474,2.58,784841,0.17,10223,774617,54105,640672,47733,32108
4314498,Pinheirinho do Vale,43,Rio Grande Do Sul,RS,4,Sul,4540,43,0.08,105,43.08,1696,2.67,114704,0.02,3494,111210,53830,6279,20862,30240
4314506,Pinheiro Machado,43,Rio Grande Do Sul,RS,4,Sul,11214,-1566,-1.08,2249,4.99,4882,2.29,304330,0.06,21145,283185,44681,62764,103360,72380
4314548,Pinto Bandeira,43,Rio Grande Do Sul,RS,4,Sul,2723,114,0.36,105,25.98,919,2.93,64220,0.01,5816,58404,23060,5482,13168,16693
4314555,Pirapó,43,Rio Grande Do Sul,RS,4,Sul,2260,-497,-1.64,294,7.69,917,2.45,71963,0.02,2121,69842,35059,1835,14495,18453
4314605,Piratini,43,Rio Grande Do Sul,RS,4,Sul,17502,-2339,-1.04,3538,4.95,7512,2.33,498860,0.11,19405,479455,220324,26097,118590,114444
4314704,Planalto,43,Rio Grande Do Sul,RS,4,Sul,10406,-118,-0.09,229,45.53,4049,2.57,208062,0.04,13995,194067,33769,30011,76342,53945
4314753,Poço das Antas,43,Rio Grande Do Sul,RS,4,Sul,2171,154,0.62,68,32.11,842,2.58,106114,0.02,12034,94080,19519,33731,24737,16093
4314779,Pontão,43,Rio Grande Do Sul,RS,4,Sul,3296,-561,-1.3,503,6.56,1259,2.62,272929,0.06,14785,258144,147270,9551,74592,26731
4314787,Ponte Preta,43,Rio Grande Do Sul,RS,4,Sul,1575,-175,-0.87,100,15.83,585,2.69,61588,0.01,3979,57609,29416,2807,11594,13792
4314803,Portão,43,Rio Grande Do Sul,RS,4,Sul,34072,3204,0.83,159,213.89,12936,2.62,1309519,0.28,181487,1128032,41255,442203,454399,190175
4314902,Porto Alegre,43,Rio Grande Do Sul,RS,4,Sul,1332570,-76781,-0.47,495,2689.94,558151,2.37,76074563,16.15,9979170,66095393,28862,5866790,52893268,7306472
4315008,Porto Lucena,43,Rio Grande Do Sul,RS,4,Sul,4360,-1053,-1.79,251,17.38,1824,2.38,113909,0.02,4046,109863,42104,3849,36176,27734
4315057,Porto Mauá,43,Rio Grande Do Sul,RS,4,Sul,2142,-400,-1.42,106,20.24,843,2.54,68500,0.01,3635,64865,27891,1736,18267,16972
4315073,Porto Vera Cruz,43,Rio Grande Do Sul,RS,4,Sul,1560,-292,-1.42,114,13.65,665,2.35,35773,0.01,1028,34745,12886,946,7135,13778
4315107,Porto Xavier,43,Rio Grande Do Sul,RS,4,Sul,9938,-620,-0.5,281,35.3,3927,2.53,187449,0.04,12861,174589,28173,9614,81865,54937
4315131,Pouso Novo,43,Rio Grande Do Sul,RS,4,Sul,1739,-136,-0.63,105,16.51,665,2.62,50874,0.01,2163,48711,21526,1873,12236,13076
4315149,Presidente Lucena,43,Rio Grande Do Sul,RS,4,Sul,3077,593,1.8,50,62,1112,2.77,161575,0.03,18443,143131,12030,77015,35300,18787
4315156,Progresso,43,Rio Grande Do Sul,RS,4,Sul,5340,-823,-1.19,256,20.86,2109,2.53,131843,0.03,5157,126686,47575,7259,37426,34426
4315172,Protásio Alves,43,Rio Grande Do Sul,RS,4,Sul,2025,25,0.1,172,11.77,752,2.69,68235,0.01,2702,65533,36758,4240,10536,14000
4315206,Putinga,43,Rio Grande Do Sul,RS,4,Sul,3747,-482,-1,216,17.33,1366,2.74,106027,0.02,5452,100575,37344,10684,27581,24966
4315305,Quaraí,43,Rio Grande Do Sul,RS,4,Sul,23500,479,0.17,3140,7.48,8678,2.69,499432,0.11,30670,468762,112258,28718,215752,112035
4315313,Quatro Irmãos,43,Rio Grande Do Sul,RS,4,Sul,1552,-238,-1.18,269,5.77,577,2.69,103356,0.02,4329,99027,55801,5468,21050,16708
4315321,Quevedos,43,Rio Grande Do Sul,RS,4,Sul,2507,-203,-0.65,543,4.61,1033,2.42,168265,0.04,10425,157840,89194,4509,40213,23924
4315354,Quinze de Novembro,43,Rio Grande Do Sul,RS,4,Sul,3910,257,0.57,223,17.53,1518,2.57,155656,0.03,9151,146505,67008,6755,43960,28782
4315404,Redentora,43,Rio Grande Do Sul,RS,4,Sul,9738,-397,-0.33,304,32.06,3101,3.14,160137,0.03,9140,150997,41382,5496,46471,57648
4315453,Relvado,43,Rio Grande Do Sul,RS,4,Sul,1796,-241,-1.04,108,16.6,695,2.57,60991,0.01,1982,59009,29714,2549,11669,15077
4315503,Restinga Sêca,43,Rio Grande Do Sul,RS,4,Sul,14939,-972,-0.52,969,15.42,5906,2.52,467563,0.1,31019,436543,128937,49382,168241,89984
4315552,Rio dos Índios,43,Rio Grande Do Sul,RS,4,Sul,2835,-781,-2.01,236,12.02,1091,2.6,101779,0.02,5308,96471,49235,3476,23595,20164
4315602,Rio Grande,43,Rio Grande Do Sul,RS,4,Sul,191900,-5328,-0.23,2683,71.53,74570,2.56,9971941,2.12,1706955,8264987,257594,2556760,4245208,1205425
4315701,Rio Pardo,43,Rio Grande Do Sul,RS,4,Sul,34654,-2937,-0.68,2051,16.9,13568,2.54,922433,0.2,57234,865199,231612,93325,334824,205437
4315750,Riozinho,43,Rio Grande Do Sul,RS,4,Sul,4473,143,0.27,239,18.71,1727,2.56,129045,0.03,11827,117218,5324,50117,33492,28284
4315800,Roca Sales,43,Rio Grande Do Sul,RS,4,Sul,10418,143,0.12,208,50.06,4049,2.56,470116,0.1,33146,436970,55653,199370,117555,64392
4315909,Rodeio Bonito,43,Rio Grande Do Sul,RS,4,Sul,6654,911,1.23,83,79.9,2582,2.57,209636,0.04,23756,185880,57723,18086,73603,36468
4315958,Rolador,43,Rio Grande Do Sul,RS,4,Sul,2291,-255,-0.88,295,7.76,913,2.51,95988,0.02,3278,92710,55274,2482,15441,19512
4316006,Rolante,43,Rio Grande Do Sul,RS,4,Sul,21253,1805,0.74,296,71.78,8233,2.58,602178,0.13,61092,541086,19512,164818,245152,111604
4316105,Ronda Alta,43,Rio Grande Do Sul,RS,4,Sul,9777,-444,-0.37,419,23.35,3559,2.73,352310,0.07,23403,328907,117567,15617,138943,56780
4316204,Rondinha,43,Rio Grande Do Sul,RS,4,Sul,4991,-527,-0.83,252,19.77,1755,2.84,224157,0.05,12006,212150,102478,7946,67934,33793
4316303,Roque Gonzales,43,Rio Grande Do Sul,RS,4,Sul,6576,-627,-0.76,349,18.84,2585,2.54,333443,0.07,10653,322790,69575,153981,60694,38540
4316402,Rosário do Sul,43,Rio Grande Do Sul,RS,4,Sul,36630,-3070,-0.67,4344,8.43,13803,2.64,975956,0.21,66871,909085,231606,52510,418946,206023
4316428,Sagrada Família,43,Rio Grande Do Sul,RS,4,Sul,2480,-115,-0.38,78,31.84,973,2.55,55132,0.01,3235,51897,15951,1894,15494,18558
4316436,Saldanha Marinho,43,Rio Grande Do Sul,RS,4,Sul,2575,-294,-0.9,222,11.62,1035,2.48,137621,0.03,11611,126010,50231,3467,51577,20736
4316451,Salto do Jacuí,43,Rio Grande Do Sul,RS,4,Sul,10203,-1677,-1.26,508,20.1,4023,2.52,929442,0.2,18205,911237,54853,678914,101673,75796
4316477,Salvador das Missões,43,Rio Grande Do Sul,RS,4,Sul,2877,208,0.63,94,30.51,1118,2.57,136392,0.03,11910,124482,41961,15155,46458,20908
4316501,Salvador do Sul,43,Rio Grande Do Sul,RS,4,Sul,6879,132,0.16,99,69.38,2669,2.57,305548,0.06,32410,273138,60283,62715,105685,44456
4316600,Sananduva,43,Rio Grande Do Sul,RS,4,Sul,16399,1026,0.54,504,32.51,6613,2.48,666134,0.14,79661,586473,106268,103080,286386,90738
4316709,Santa Bárbara do Sul,43,Rio Grande Do Sul,RS,4,Sul,8122,-721,-0.71,976,8.32,3206,2.53,723694,0.15,88009,635686,233421,36181,309199,56885
4316733,Santa Cecília do Sul,43,Rio Grande Do Sul,RS,4,Sul,1674,19,0.1,200,8.37,617,2.71,81484,0.02,1932,79552,50881,2162,11828,14682
4316758,Santa Clara do Sul,43,Rio Grande Do Sul,RS,4,Sul,6887,1190,1.59,86,79.67,2580,2.65,273414,0.06,23536,249877,22903,126541,61363,39071
4316808,Santa Cruz do Sul,43,Rio Grande Do Sul,RS,4,Sul,133230,14856,0.99,734,181.54,53650,2.46,10494583,2.23,3120106,7374477,146928,2572562,3898940,756047
4316907,Santa Maria,43,Rio Grande Do Sul,RS,4,Sul,271633,10601,0.33,1780,152.59,106256,2.53,8740365,1.86,854020,7886345,178875,1034344,5209082,1464044
4316956,Santa Maria do Herval,43,Rio Grande Do Sul,RS,4,Sul,6340,277,0.37,140,45.14,2414,2.63,214509,0.05,16781,197729,42947,58395,59896,36491
4316972,Santa Margarida do Sul,43,Rio Grande Do Sul,RS,4,Sul,2596,244,0.83,955,2.72,1037,2.5,210684,0.04,13170,197514,121846,18660,36590,20419
4317004,Santana da Boa Vista,43,Rio Grande Do Sul,RS,4,Sul,7024,-1218,-1.32,1419,4.95,3043,2.31,143198,0.03,5747,137450,48264,5531,36956,46699
4317103,Sant'Ana do Livramento,43,Rio Grande Do Sul,RS,4,Sul,84421,1957,0.2,6946,12.15,31765,2.64,2305550,0.49,143691,2161859,293168,431925,983287,453479
4317202,Santa Rosa,43,Rio Grande Do Sul,RS,4,Sul,76963,8376,0.96,489,157.27,30005,2.55,3145195,0.67,376730,2768465,156432,714693,1472254,425086
4317251,Santa Tereza,43,Rio Grande Do Sul,RS,4,Sul,1505,-227,-1.16,74,20.43,592,2.54,43107,0.01,1908,41199,16392,2350,8986,13471
4317301,Santa Vitória do Palmar,43,Rio Grande Do Sul,RS,4,Sul,30983,-7,0,5207,5.95,12518,2.46,1144567,0.24,55305,1089262,415052,136488,339277,198445
4317400,Santiago,43,Rio Grande Do Sul,RS,4,Sul,48938,-133,-0.02,2414,20.27,19645,2.48,1469766,0.31,132220,1337546,140764,99901,832684,264197
4317509,Santo Ângelo,43,Rio Grande Do Sul,RS,4,Sul,76917,642,0.07,679,113.22,29689,2.57,2724430,0.58,261238,2463192,128269,412665,1506774,415484
4317558,Santo Antônio do Palma,43,Rio Grande Do Sul,RS,4,Sul,2091,-48,-0.19,126,16.58,748,2.8,76300,0.02,4612,71687,35505,3720,16691,15771
4317608,Santo Antônio da Patrulha,43,Rio Grande Do Sul,RS,4,Sul,42942,3220,0.65,1050,40.91,17073,2.5,1402887,0.3,156431,1246455,95004,402277,521593,227582
4317707,Santo Antônio das Missões,43,Rio Grande Do Sul,RS,4,Sul,10300,-910,-0.7,1711,6.02,4086,2.51,407644,0.09,22207,385437,203146,14110,100762,67420
4317756,Santo Antônio do Planalto,43,Rio Grande Do Sul,RS,4,Sul,2089,102,0.42,203,10.27,816,2.56,107594,0.02,7977,99617,47476,8810,23228,20103
4317806,Santo Augusto,43,Rio Grande Do Sul,RS,4,Sul,13902,-66,-0.04,468,29.72,5471,2.54,615149,0.13,56089,559060,193034,41726,249287,75014
4317905,Santo Cristo,43,Rio Grande Do Sul,RS,4,Sul,15320,942,0.53,367,41.72,5911,2.58,639309,0.14,73947,565361,156194,65701,258081,85385
4317954,Santo Expedito do Sul,43,Rio Grande Do Sul,RS,4,Sul,2349,-112,-0.39,126,18.7,916,2.56,84976,0.02,3135,81842,44660,5256,13128,18799
4318002,São Borja,43,Rio Grande Do Sul,RS,4,Sul,59676,-1995,-0.27,3617,16.5,22559,2.62,1997132,0.42,168815,1828317,405902,265550,839039,317826
4318051,São Domingos do Sul,43,Rio Grande Do Sul,RS,4,Sul,2754,-172,-0.5,79,35.01,1057,2.6,85468,0.02,5982,79486,20900,17675,20819,20091
4318101,São Francisco de Assis,43,Rio Grande Do Sul,RS,4,Sul,17618,-1636,-0.74,2507,7.03,7246,2.42,459274,0.1,21407,437867,153036,18981,160178,105672
4318200,São Francisco de Paula,43,Rio Grande Do Sul,RS,4,Sul,21893,1342,0.53,3318,6.6,8012,2.63,793013,0.17,42432,750581,340996,62565,225642,121377
4318309,São Gabriel,43,Rio Grande Do Sul,RS,4,Sul,58487,-1945,-0.27,5053,11.57,22285,2.61,1928298,0.41,153158,1775140,417004,227176,803185,327775
4318408,São Jerônimo,43,Rio Grande Do Sul,RS,4,Sul,21028,-1106,-0.43,936,22.48,8091,2.58,613340,0.13,46272,567067,67206,74540,305915,119407
4318424,São João da Urtiga,43,Rio Grande Do Sul,RS,4,Sul,4461,-265,-0.48,171,26.08,1739,2.57,145083,0.03,11799,133284,49003,6034,49039,29209
4318432,São João do Polêsine,43,Rio Grande Do Sul,RS,4,Sul,2649,61,0.19,78,33.82,1041,2.51,93358,0.02,8270,85088,12295,14268,39673,18852
4318440,São Jorge,43,Rio Grande Do Sul,RS,4,Sul,2912,64,0.19,126,23.18,1083,2.69,91678,0.02,4900,86778,35144,9389,23713,18531
4318457,São José das Missões,43,Rio Grande Do Sul,RS,4,Sul,2362,-358,-1.17,98,24.07,932,2.53,55009,0.01,3327,51682,14692,1877,15955,19158
4318465,São José do Herval,43,Rio Grande Do Sul,RS,4,Sul,1902,-302,-1.22,103,18.48,749,2.54,50832,0.01,2787,48045,14874,1803,13866,17502
4318481,São José do Hortêncio,43,Rio Grande Do Sul,RS,4,Sul,4447,353,0.69,64,69.8,1693,2.62,111551,0.02,10199,101352,15104,29167,31810,25271
4318499,São José do Inhacorá,43,Rio Grande Do Sul,RS,4,Sul,2406,206,0.75,78,30.95,956,2.52,118702,0.03,7574,111128,42153,27787,24307,16881
4318507,São José do Norte,43,Rio Grande Do Sul,RS,4,Sul,25443,-60,-0.02,1072,23.74,10193,2.49,463693,0.1,25739,437953,70052,42891,174339,150670
4318606,São José do Ouro,43,Rio Grande Do Sul,RS,4,Sul,6834,-70,-0.08,335,20.38,2738,2.5,309193,0.07,27972,281221,86248,19009,138002,37962
4318614,São José do Sul,43,Rio Grande Do Sul,RS,4,Sul,2285,227,0.88,55,41.72,883,2.56,75948,0.02,5685,70263,30500,7051,14869,17843
4318622,São José dos Ausentes,43,Rio Grande Do Sul,RS,4,Sul,4172,882,2,1174,3.55,1459,2.85,116119,0.02,3793,112326,49341,7720,30823,24442
4318705,São Leopoldo,43,Rio Grande Do Sul,RS,4,Sul,217410,3323,0.13,103,2110.59,84193,2.57,9793530,2.08,2241987,7551543,2763,1997399,4278231,1273151
4318804,São Lourenço do Sul,43,Rio Grande Do Sul,RS,4,Sul,41989,-1122,-0.22,2036,20.62,15248,2.75,1126353,0.24,85020,1041333,255094,92878,456925,236436
4318903,São Luiz Gonzaga,43,Rio Grande Do Sul,RS,4,Sul,34752,212,0.05,1296,26.82,13557,2.54,1431609,0.3,140153,1291456,278981,166299,660401,185774
4319000,São Marcos,43,Rio Grande Do Sul,RS,4,Sul,21084,981,0.4,256,82.31,8225,2.56,968734,0.21,158152,810582,42784,310441,340442,116915
4319109,São Martinho,43,Rio Grande Do Sul,RS,4,Sul,5481,-292,-0.43,171,32.01,2216,2.47,275351,0.06,21051,254299,101557,19883,98083,34775
4319125,São Martinho da Serra,43,Rio Grande Do Sul,RS,4,Sul,2822,-379,-1.04,670,4.21,1131,2.5,156832,0.03,10186,146646,79554,4637,38159,24296
4319158,São Miguel das Missões,43,Rio Grande Do Sul,RS,4,Sul,7056,-365,-0.42,1228,5.74,2804,2.51,413488,0.09,24449,389039,192839,17258,126898,52043
4319208,São Nicolau,43,Rio Grande Do Sul,RS,4,Sul,5118,-609,-0.93,486,10.54,2047,2.49,185550,0.04,7215,178335,92098,6803,45504,33931
4319307,São Paulo das Missões,43,Rio Grande Do Sul,RS,4,Sul,5846,-518,-0.7,224,26.1,2231,2.62,175850,0.04,8635,167215,68547,14344,47802,36523
4319356,São Pedro da Serra,43,Rio Grande Do Sul,RS,4,Sul,3548,232,0.57,35,100.78,1309,2.71,84148,0.02,6623,77525,17153,17084,20412,22876
4319364,São Pedro das Missões,43,Rio Grande Do Sul,RS,4,Sul,1757,-129,-0.59,80,21.99,671,2.62,66564,0.01,7486,59078,15287,1361,24796,17633
4319372,São Pedro do Butiá,43,Rio Grande Do Sul,RS,4,Sul,3070,197,0.55,108,28.54,1169,2.63,125902,0.03,5967,119935,61862,11457,24266,22350
4319406,São Pedro do Sul,43,Rio Grande Do Sul,RS,4,Sul,15577,-791,-0.41,873,17.84,6421,2.42,401817,0.09,29428,372389,79843,42642,162550,87355
4319505,São Sebastião do Caí,43,Rio Grande Do Sul,RS,4,Sul,24428,1294,0.45,114,213.73,9430,2.58,764721,0.16,99166,665555,23867,152522,352347,136819
4319604,São Sepé,43,Rio Grande Do Sul,RS,4,Sul,21219,-2579,-0.95,2205,9.62,8605,2.45,822981,0.17,65897,757085,215788,78130,320907,142259
4319703,São Valentim,43,Rio Grande Do Sul,RS,4,Sul,3264,-368,-0.89,154,21.13,1239,2.58,102152,0.02,6455,95697,31063,9328,32861,22445
4319711,São Valentim do Sul,43,Rio Grande Do Sul,RS,4,Sul,2207,39,0.15,92,24.02,846,2.61,65704,0.01,3493,62211,20449,11798,14568,15397
4319737,São Valério do Sul,43,Rio Grande Do Sul,RS,4,Sul,2543,-104,-0.33,107,23.68,826,3.08,63592,0.01,1149,62443,32080,1870,10167,18326
4319752,São Vendelino,43,Rio Grande Do Sul,RS,4,Sul,2251,276,1.1,32,70.49,852,2.64,71559,0.02,7046,64513,5900,23761,18969,15883
4319802,São Vicente do Sul,43,Rio Grande Do Sul,RS,4,Sul,8097,-343,-0.35,1175,6.89,3117,2.58,463776,0.1,33357,430419,117228,154656,104153,54382
4319901,Sapiranga,43,Rio Grande Do Sul,RS,4,Sul,75648,2680,0.3,136,554.31,28716,2.62,3183264,0.68,299534,2883730,6921,1366029,1096731,414049
4320008,Sapucaia do Sul,43,Rio Grande Do Sul,RS,4,Sul,132107,1150,0.07,58,2268.05,50174,2.63,3493977,0.74,413265,3080711,4063,979770,1344523,752356
4320107,Sarandi,43,Rio Grande Do Sul,RS,4,Sul,22851,1566,0.59,352,64.97,8620,2.63,1024427,0.22,116483,907945,113872,175103,478026,140943
4320206,Seberi,43,Rio Grande Do Sul,RS,4,Sul,11950,1053,0.77,301,39.72,4699,2.54,469981,0.1,52037,417943,87494,76444,189463,64542
4320230,Sede Nova,43,Rio Grande Do Sul,RS,4,Sul,2704,-307,-0.89,119,22.66,1068,2.52,120271,0.03,8251,112020,54127,5426,32898,19570
4320263,Segredo,43,Rio Grande Do Sul,RS,4,Sul,6009,-1041,-1.32,245,24.51,2321,2.58,111814,0.02,3122,108692,41476,4176,24093,38947
4320305,Selbach,43,Rio Grande Do Sul,RS,4,Sul,5107,178,0.3,176,28.94,1979,2.57,217817,0.05,28897,188920,58183,14914,84983,30840
4320321,Senador Salgado Filho,43,Rio Grande Do Sul,RS,4,Sul,2673,-141,-0.43,147,18.18,1044,2.55,95419,0.02,5848,89571,43937,4034,20504,21097
4320354,Sentinela do Sul,43,Rio Grande Do Sul,RS,4,Sul,5306,108,0.17,282,18.81,2109,2.48,91785,0.02,4967,86818,28199,9353,19863,29403
4320404,Serafina Corrêa,43,Rio Grande Do Sul,RS,4,Sul,16961,2708,1.46,163,103.86,6231,2.72,655628,0.14,71525,584102,67676,141892,271398,103136
4320453,Sério,43,Rio Grande Do Sul,RS,4,Sul,1941,-338,-1.33,98,19.78,780,2.49,48953,0.01,2431,46522,22435,2622,7444,14020
4320503,Sertão,43,Rio Grande Do Sul,RS,4,Sul,5541,-753,-1.06,441,12.58,2191,2.52,290677,0.06,13793,276884,146063,18369,73718,38734
4320552,Sertão Santana,43,Rio Grande Do Sul,RS,4,Sul,5863,13,0.02,252,23.26,2345,2.47,296827,0.06,50071,246756,26282,49899,131049,39525
4320578,Sete de Setembro,43,Rio Grande Do Sul,RS,4,Sul,1830,-294,-1.23,129,14.16,696,2.59,63287,0.01,1957,61331,30583,2814,10971,16962
4320602,Severiano de Almeida,43,Rio Grande Do Sul,RS,4,Sul,3406,-436,-1,168,20.32,1309,2.6,122026,0.03,5605,116421,52515,6990,31842,25074
4320651,Silveira Martins,43,Rio Grande Do Sul,RS,4,Sul,2149,-285,-1.03,119,18.02,840,2.55,58135,0.01,2724,55411,17991,3276,15854,18289
4320677,Sinimbu,43,Rio Grande Do Sul,RS,4,Sul,8578,-1490,-1.33,510,16.81,3206,2.67,188405,0.04,10820,177585,49279,8565,62479,57262
4320701,Sobradinho,43,Rio Grande Do Sul,RS,4,Sul,14226,-59,-0.03,129,110.43,5586,2.52,380496,0.08,30349,350146,41934,32866,194512,80834
4320800,Soledade,43,Rio Grande Do Sul,RS,4,Sul,29991,-53,-0.01,1215,24.68,11716,2.54,892141,0.19,80924,811217,92130,146270,412393,160424
4320859,Tabaí,43,Rio Grande Do Sul,RS,4,Sul,4461,330,0.64,95,47.08,1744,2.56,111622,0.02,4020,107603,50887,7398,20070,29248
4320909,Tapejara,43,Rio Grande Do Sul,RS,4,Sul,24557,5307,2.05,238,103.15,9340,2.62,1291646,0.27,197478,1094168,71019,452752,436514,133883
4321006,Tapera,43,Rio Grande Do Sul,RS,4,Sul,10592,144,0.11,180,58.87,4051,2.61,431561,0.09,59088,372473,45632,79005,187528,60308
4321105,Tapes,43,Rio Grande Do Sul,RS,4,Sul,14659,-1970,-1.05,805,18.2,5997,2.44,420746,0.09,24147,396599,117669,42326,144745,91859
4321204,Taquara,43,Rio Grande Do Sul,RS,4,Sul,53242,-1348,-0.21,453,117.64,20888,2.52,1403653,0.3,121198,1282454,18166,230531,756397,277361
4321303,Taquari,43,Rio Grande Do Sul,RS,4,Sul,25198,-894,-0.29,350,72,10099,2.48,856243,0.18,102103,754140,70408,258102,296976,128655
4321329,Taquaruçu do Sul,43,Rio Grande Do Sul,RS,4,Sul,3119,153,0.42,77,40.55,1140,2.74,144517,0.03,14539,129978,47837,6496,53314,22330
4321352,Tavares,43,Rio Grande Do Sul,RS,4,Sul,5212,-139,-0.22,610,8.54,2153,2.41,92983,0.02,3920,89063,23481,2899,29325,33358
4321402,Tenente Portela,43,Rio Grande Do Sul,RS,4,Sul,14497,778,0.46,337,42.95,5332,2.71,506474,0.11,34974,471500,93528,37363,269396,71213
4321436,Terra de Areia,43,Rio Grande Do Sul,RS,4,Sul,10286,493,0.41,142,72.28,3989,2.57,252459,0.05,26112,226347,15723,17838,133155,59630
4321451,Teutônia,43,Rio Grande Do Sul,RS,4,Sul,32797,5525,1.55,178,184.47,12776,2.55,1447330,0.31,174019,1273311,80241,440157,560157,192756
4321469,Tio Hugo,43,Rio Grande Do Sul,RS,4,Sul,3267,543,1.53,114,28.67,1241,2.63,102228,0.02,11158,91070,17109,12483,38277,23201
4321477,Tiradentes do Sul,43,Rio Grande Do Sul,RS,4,Sul,5129,-1332,-1.91,237,21.67,2029,2.53,143102,0.03,10946,132156,50355,5997,43393,32410
4321493,Toropi,43,Rio Grande Do Sul,RS,4,Sul,2554,-384,-1.16,198,12.88,1058,2.41,67436,0.01,3834,63603,22292,1842,20536,18934
4321501,Torres,43,Rio Grande Do Sul,RS,4,Sul,41751,7095,1.56,162,258.32,16524,2.51,1242676,0.26,82811,1159865,29317,158475,729442,242630
4321600,Tramandaí,43,Rio Grande Do Sul,RS,4,Sul,54387,12802,2.26,143,380.65,21085,2.57,1152152,0.24,76665,1075488,14126,113835,629924,317603
4321626,Travesseiro,43,Rio Grande Do Sul,RS,4,Sul,2152,-162,-0.6,81,26.67,830,2.59,67430,0.01,2240,65190,31568,10917,6607,16098
4321634,Três Arroios,43,Rio Grande Do Sul,RS,4,Sul,2591,-264,-0.81,149,17.44,1028,2.52,103678,0.02,7744,95935,42949,4457,29193,19336
4321667,Três Cachoeiras,43,Rio Grande Do Sul,RS,4,Sul,10962,745,0.59,251,43.59,4203,2.6,267519,0.06,31193,236326,15022,23551,139821,57931
4321709,Três Coroas,43,Rio Grande Do Sul,RS,4,Sul,24425,613,0.21,165,147.78,9275,2.61,767701,0.16,78802,688899,7759,299002,237577,144561
4321808,Três de Maio,43,Rio Grande Do Sul,RS,4,Sul,24916,1190,0.41,421,59.12,9877,2.51,1146342,0.24,135016,1011326,120863,156673,594284,139506
4321832,Três Forquilhas,43,Rio Grande Do Sul,RS,4,Sul,2760,-154,-0.45,217,12.7,1065,2.59,57844,0.01,1775,56069,21259,2762,11272,20777
4321857,Três Palmeiras,43,Rio Grande Do Sul,RS,4,Sul,4716,335,0.62,181,26.11,1738,2.71,132923,0.03,9544,123379,43268,10418,43707,25985
4321907,Três Passos,43,Rio Grande Do Sul,RS,4,Sul,25436,1471,0.5,269,94.59,9958,2.51,923038,0.2,90371,832667,117260,144149,432742,138516
4321956,Trindade do Sul,43,Rio Grande Do Sul,RS,4,Sul,7556,1769,2.25,268,28.15,2836,2.66,215541,0.05,18918,196623,55399,39842,65561,35822
4322004,Triunfo,43,Rio Grande Do Sul,RS,4,Sul,27498,1705,0.53,818,33.63,10566,2.58,7214240,1.53,1520045,5694195,84042,3589001,1741064,280088
4322103,Tucunduva,43,Rio Grande Do Sul,RS,4,Sul,5542,-356,-0.52,181,30.59,2268,2.44,232643,0.05,20258,212385,63827,10033,103221,35305
4322152,Tunas,43,Rio Grande Do Sul,RS,4,Sul,3681,-714,-1.47,217,16.94,1404,2.62,71162,0.02,3710,67453,22721,2099,15517,27115
4322186,Tupanci do Sul,43,Rio Grande Do Sul,RS,4,Sul,1374,-199,-1.12,135,10.16,560,2.45,60648,0.01,2134,58514,29094,2793,12549,14077
4322202,Tupanciretã,43,Rio Grande Do Sul,RS,4,Sul,20005,-2276,-0.89,2253,8.88,7796,2.56,1186953,0.25,96213,1090740,446405,53377,444988,145970
4322251,Tupandi,43,Rio Grande Do Sul,RS,4,Sul,5029,1105,2.09,59,84.6,1842,2.73,507732,0.11,58602,449130,50872,290229,74949,33079
4322301,Tuparendi,43,Rio Grande Do Sul,RS,4,Sul,8363,-194,-0.19,308,27.18,3367,2.48,318457,0.07,29869,288588,91904,19650,134144,42890
4322327,Turuçu,43,Rio Grande Do Sul,RS,4,Sul,3419,-103,-0.25,254,13.48,1205,2.83,95530,0.02,5359,90171,35414,3770,25259,25727
4322343,Ubiretama,43,Rio Grande Do Sul,RS,4,Sul,1994,-302,-1.17,126,15.84,766,2.59,72584,0.02,2528,70056,38372,1439,13037,17208
4322350,União da Serra,43,Rio Grande Do Sul,RS,4,Sul,1170,-317,-1.98,131,8.92,436,2.68,53522,0.01,1486,52036,30452,2014,7727,11843
4322376,Unistalda,43,Rio Grande Do Sul,RS,4,Sul,1995,-455,-1.7,602,3.31,806,2.47,88207,0.02,2126,86081,51695,2479,13806,18101
4322400,Uruguaiana,43,Rio Grande Do Sul,RS,4,Sul,117210,-8225,-0.56,5702,20.56,41707,2.79,2840206,0.6,234152,2606053,402512,303012,1244402,656127
4322509,Vacaria,43,Rio Grande Do Sul,RS,4,Sul,64187,2845,0.38,2124,30.21,23648,2.7,2541968,0.54,275420,2266548,479524,275067,1152519,359439
4322525,Vale Verde,43,Rio Grande Do Sul,RS,4,Sul,3150,-103,-0.27,330,9.55,1294,2.43,83304,0.02,3525,79779,33696,5990,16720,23372
4322533,Vale do Sol,43,Rio Grande Do Sul,RS,4,Sul,9617,-1460,-1.17,328,29.3,3671,2.61,220184,0.05,9651,210533,76234,12131,57203,64964
4322541,Vale Real,43,Rio Grande Do Sul,RS,4,Sul,6058,940,1.42,45,134.37,2263,2.68,152003,0.03,11789,140214,24198,37698,45451,32867
4322558,Vanini,43,Rio Grande Do Sul,RS,4,Sul,2004,20,0.08,65,30.88,788,2.54,65364,0.01,2173,63191,27738,2758,15786,16909
4322608,Venâncio Aires,43,Rio Grande Do Sul,RS,4,Sul,68653,2700,0.33,773,88.86,27633,2.46,3671051,0.78,466724,3204327,200241,1315285,1309168,379633
4322707,Vera Cruz,43,Rio Grande Do Sul,RS,4,Sul,26710,2727,0.9,310,86.27,10337,2.57,746480,0.16,99478,647001,56169,142236,296536,152060
4322806,Veranópolis,43,Rio Grande Do Sul,RS,4,Sul,24021,1211,0.43,289,83,9531,2.51,1633450,0.35,244680,1388771,43688,653800,544720,146563
4322855,Vespasiano Corrêa,43,Rio Grande Do Sul,RS,4,Sul,1818,-156,-0.68,114,16,642,2.82,74315,0.02,4538,69777,38244,3547,14288,13698
4322905,Viadutos,43,Rio Grande Do Sul,RS,4,Sul,4769,-542,-0.89,268,17.79,1896,2.52,148629,0.03,5936,142693,60872,9193,43728,28900
4323002,Viamão,43,Rio Grande Do Sul,RS,4,Sul,224116,-15268,-0.55,1497,149.76,84613,2.64,4231150,0.9,396220,3834930,127145,638670,1864383,1204732
4323101,Vicente Dutra,43,Rio Grande Do Sul,RS,4,Sul,4665,-620,-1.03,193,24.17,1789,2.6,112366,0.02,2504,109862,55244,4425,21088,29104
4323200,Victor Graeff,43,Rio Grande Do Sul,RS,4,Sul,2780,-256,-0.73,238,11.67,1100,2.52,144985,0.03,12702,132284,44535,13818,49196,24734
4323309,Vila Flores,43,Rio Grande Do Sul,RS,4,Sul,3646,439,1.07,108,33.85,1323,2.75,212818,0.05,26774,186044,30934,86877,42246,25987
4323358,Vila Lângaro,43,Rio Grande Do Sul,RS,4,Sul,2079,-73,-0.29,152,13.71,774,2.69,119017,0.03,7973,111044,54525,10190,25311,21018
4323408,Vila Maria,43,Rio Grande Do Sul,RS,4,Sul,4413,192,0.37,181,24.37,1657,2.66,252308,0.05,37021,215286,68925,48707,69396,28258
4323457,Vila Nova do Sul,43,Rio Grande Do Sul,RS,4,Sul,3863,-358,-0.74,508,7.6,1598,2.41,101934,0.02,6773,95161,23495,14493,26975,30198
4323507,Vista Alegre,43,Rio Grande Do Sul,RS,4,Sul,2660,-172,-0.52,78,34.27,1014,2.62,111011,0.02,7613,103398,48192,6728,28479,19999
4323606,Vista Alegre do Prata,43,Rio Grande Do Sul,RS,4,Sul,1590,21,0.11,119,13.32,573,2.77,61542,0.01,3764,57778,28991,2287,12574,13927
4323705,Vista Gaúcha,43,Rio Grande Do Sul,RS,4,Sul,2783,24,0.07,90,30.91,1108,2.51,84323,0.02,3535,80788,40186,3390,18131,19081
4323754,Vitória das Missões,43,Rio Grande Do Sul,RS,4,Sul,3260,-225,-0.55,258,12.62,1312,2.48,107931,0.02,8865,99066,49889,5774,21240,22163
4323770,Westfália,43,Rio Grande Do Sul,RS,4,Sul,3098,305,0.87,64,48.66,1112,2.78,202002,0.04,23914,178089,55469,55864,43723,23033
4323804,Xangri-lá,43,Rio Grande Do Sul,RS,4,Sul,16463,4029,2.37,61,270.97,5802,2.84,622136,0.13,47394,574743,2090,90272,332187,150194
5000203,Água Clara,50,Mato Grosso Do Sul,MS,5,Centro Oeste,16741,3839,2.19,7782,2.15,5613,2.97,1084473,0.88,70571,1013902,425098,281581,169368,137854
5000252,Alcinópolis,50,Mato Grosso Do Sul,MS,5,Centro Oeste,4537,-32,-0.06,4398,1.03,1770,2.55,240730,0.2,13487,227242,133645,8520,32493,52586
5000609,Amambai,50,Mato Grosso Do Sul,MS,5,Centro Oeste,39325,4595,1.04,4194,9.38,13629,2.86,1275107,1.04,152497,1122610,318418,90704,437164,276324
5000708,Anastácio,50,Mato Grosso Do Sul,MS,5,Centro Oeste,24107,363,0.13,2913,8.28,8574,2.81,582569,0.48,51342,531227,106437,89524,173589,161677
5000807,Anaurilândia,50,Mato Grosso Do Sul,MS,5,Centro Oeste,7653,-840,-0.86,3416,2.24,2913,2.6,322123,0.26,21579,300544,143015,19829,66562,71137
5000856,Angélica,50,Mato Grosso Do Sul,MS,5,Centro Oeste,10729,1538,1.3,1284,8.36,3977,2.69,952223,0.78,50822,901401,372925,325632,119944,82900
5000906,Antônio João,50,Mato Grosso Do Sul,MS,5,Centro Oeste,9303,1095,1.05,1143,8.14,3176,2.93,533639,0.44,95442,438197,160891,12878,194352,70077
5001003,Aparecida do Taboado,50,Mato Grosso Do Sul,MS,5,Centro Oeste,27674,5367,1.81,2751,10.06,10296,2.68,1236456,1.01,120900,1115556,291496,361098,288959,174003
5001102,Aquidauana,50,Mato Grosso Do Sul,MS,5,Centro Oeste,46803,1260,0.23,17087,2.74,15929,2.92,1034972,0.84,91435,943537,159787,85969,390006,307775
5001243,Aral Moreira,50,Mato Grosso Do Sul,MS,5,Centro Oeste,10748,497,0.4,1654,6.5,3370,3.16,956215,0.78,96072,860143,539797,35604,191697,93045
5001508,Bandeirantes,50,Mato Grosso Do Sul,MS,5,Centro Oeste,7940,963,1.08,3358,2.36,2917,2.7,573407,0.47,36268,537139,361274,27479,86296,62090
5001904,Bataguassu,50,Mato Grosso Do Sul,MS,5,Centro Oeste,23031,3192,1.25,2392,9.63,8238,2.77,919204,0.75,87072,832132,78510,313898,277999,161725
5002001,Batayporã,50,Mato Grosso Do Sul,MS,5,Centro Oeste,10712,-227,-0.17,1827,5.86,3868,2.76,514198,0.42,33921,480276,209316,92223,89829,88908
5002100,Bela Vista,50,Mato Grosso Do Sul,MS,5,Centro Oeste,21613,-1579,-0.59,4899,4.41,7231,2.97,687285,0.56,51578,635707,245325,53297,163408,173677
5002159,Bodoquena,50,Mato Grosso Do Sul,MS,5,Centro Oeste,8567,495,0.5,2592,3.31,3045,2.8,265222,0.22,25424,239798,56360,60494,57784,65161
5002209,Bonito,50,Mato Grosso Do Sul,MS,5,Centro Oeste,23659,4054,1.58,5373,4.4,8260,2.83,973058,0.79,101370,871688,311807,59967,341186,158728
5002308,Brasilândia,50,Mato Grosso Do Sul,MS,5,Centro Oeste,11579,-247,-0.18,5804,2,4235,2.71,729597,0.59,41415,688182,474831,24091,94363,94896
5002407,Caarapó,50,Mato Grosso Do Sul,MS,5,Centro Oeste,30612,4842,1.45,2116,14.47,10662,2.86,1908544,1.56,202134,1706410,669617,332808,484977,219008
5002605,Camapuã,50,Mato Grosso Do Sul,MS,5,Centro Oeste,13583,-45,-0.03,6238,2.18,5434,2.49,540041,0.44,43867,496174,236681,23300,139089,97104
5002704,Campo Grande,50,Mato Grosso Do Sul,MS,5,Centro Oeste,897938,111164,1.11,8083,111.09,325750,2.74,30121789,24.56,4105657,26016132,488106,4174905,15044697,6308425
5002803,Caracol,50,Mato Grosso Do Sul,MS,5,Centro Oeste,5036,-362,-0.58,2943,1.71,1717,2.93,145811,0.12,7539,138272,67368,4287,20074,46543
5002902,Cassilândia,50,Mato Grosso Do Sul,MS,5,Centro Oeste,20988,22,0.01,3658,5.74,8259,2.51,732681,0.6,69445,663236,162377,104366,251136,145356
5002951,Chapadão do Sul,50,Mato Grosso Do Sul,MS,5,Centro Oeste,30993,12178,4.25,3252,9.53,10889,2.82,2113979,1.72,253865,1860114,709836,171965,757957,220357
5003108,Corguinho,50,Mato Grosso Do Sul,MS,5,Centro Oeste,4783,-79,-0.14,2640,1.81,1858,2.57,126182,0.1,7409,118773,44997,6047,23082,44647
5003157,Coronel Sapucaia,50,Mato Grosso Do Sul,MS,5,Centro Oeste,14161,97,0.06,1024,13.83,4443,3.17,265873,0.22,14511,251362,83861,13652,52305,101545
5003207,Corumbá,50,Mato Grosso Do Sul,MS,5,Centro Oeste,96268,-7407,-0.62,64432,1.49,30095,3.16,2886267,2.35,228458,2657808,399679,359626,1026067,872436
5003256,Costa Rica,50,Mato Grosso Do Sul,MS,5,Centro Oeste,26037,8530,3.36,4159,6.26,9394,2.76,1966409,1.6,128846,1837563,1045327,289992,349669,152576
5003306,Coxim,50,Mato Grosso Do Sul,MS,5,Centro Oeste,32151,221,0.06,6391,5.03,12127,2.63,1007912,0.82,98102,909810,201276,82751,396938,228846
5003454,Deodápolis,50,Mato Grosso Do Sul,MS,5,Centro Oeste,13663,1530,0.99,829,16.49,5131,2.66,398455,0.32,35978,362477,122671,36899,116608,86299
5003488,Dois Irmãos do Buriti,50,Mato Grosso Do Sul,MS,5,Centro Oeste,11100,677,0.53,2432,4.56,3637,2.92,267245,0.22,16761,250484,92520,21051,55571,81342
5003504,Douradina,50,Mato Grosso Do Sul,MS,5,Centro Oeste,5578,229,0.35,280,19.89,2012,2.77,181328,0.15,13197,168131,68875,6403,47705,45147
5003702,Dourados,50,Mato Grosso Do Sul,MS,5,Centro Oeste,243368,47873,1.84,4062,59.91,85948,2.81,10854330,8.85,1392980,9461350,1014317,1668330,5140489,1638214
5003751,Eldorado,50,Mato Grosso Do Sul,MS,5,Centro Oeste,11386,-308,-0.22,1013,11.24,4176,2.71,443802,0.36,43556,400245,132456,66320,114298,87171
5003801,Fátima do Sul,50,Mato Grosso Do Sul,MS,5,Centro Oeste,20609,1600,0.68,315,65.36,7847,2.62,596140,0.49,54920,541219,81984,108471,221997,128766
5003900,Figueirão,50,Mato Grosso Do Sul,MS,5,Centro Oeste,3539,611,1.59,4880,0.73,1363,2.59,126741,0.1,8986,117755,63441,4204,18461,31649
5004007,Glória de Dourados,50,Mato Grosso Do Sul,MS,5,Centro Oeste,10444,517,0.42,493,21.17,3953,2.63,255466,0.21,18184,237282,81767,19200,71086,65228
5004106,Guia Lopes da Laguna,50,Mato Grosso Do Sul,MS,5,Centro Oeste,9939,-427,-0.35,1225,8.11,3585,2.76,319738,0.26,20660,299078,122557,36083,74496,65942
5004304,Iguatemi,50,Mato Grosso Do Sul,MS,5,Centro Oeste,13796,-1079,-0.63,2957,4.66,5058,2.72,576492,0.47,42508,533984,222165,73426,123580,114814
5004403,Inocência,50,Mato Grosso Do Sul,MS,5,Centro Oeste,8404,727,0.76,5761,1.46,3130,2.66,296582,0.24,22434,274148,113259,26047,67595,67247
5004502,Itaporã,50,Mato Grosso Do Sul,MS,5,Centro Oeste,24137,2719,1,1343,17.98,8358,2.89,1059219,0.86,136470,922749,390854,55372,314956,161568
5004601,Itaquiraí,50,Mato Grosso Do Sul,MS,5,Centro Oeste,19433,819,0.36,2064,9.42,6920,2.78,935253,0.76,77236,858017,346828,171208,200277,139705
5004700,Ivinhema,50,Mato Grosso Do Sul,MS,5,Centro Oeste,27821,5480,1.84,2003,13.89,10296,2.69,1459823,1.19,98088,1361735,498755,381198,312355,169427
5004809,Japorã,50,Mato Grosso Do Sul,MS,5,Centro Oeste,8148,417,0.44,417,19.56,2492,3.27,138551,0.11,5181,133370,48106,4398,16960,63905
5004908,Jaraguari,50,Mato Grosso Do Sul,MS,5,Centro Oeste,7139,798,0.99,2913,2.45,2721,2.61,260946,0.21,17720,243225,135369,14190,40305,53362
5005004,Jardim,50,Mato Grosso Do Sul,MS,5,Centro Oeste,23981,-354,-0.12,2126,11.28,8341,2.85,715697,0.58,84596,631102,114731,43378,290134,182858
5005103,Jateí,50,Mato Grosso Do Sul,MS,5,Centro Oeste,3586,-425,-0.93,1933,1.85,1262,2.84,401834,0.33,19934,381899,277983,20812,39621,43483
5005152,Juti,50,Mato Grosso Do Sul,MS,5,Centro Oeste,6729,832,1.11,1569,4.29,2385,2.81,414014,0.34,21671,392343,266085,21773,53718,50768
5005202,Ladário,50,Mato Grosso Do Sul,MS,5,Centro Oeste,21522,1907,0.78,354,60.75,6386,3.36,327146,0.27,27211,299936,8996,17296,112726,160918
5005251,Laguna Carapã,50,Mato Grosso Do Sul,MS,5,Centro Oeste,6799,313,0.39,1726,3.94,2350,2.89,725706,0.59,66821,658885,417649,25078,150839,65319
5005400,Maracaju,50,Mato Grosso Do Sul,MS,5,Centro Oeste,45047,7453,1.52,5397,8.35,15753,2.85,3680369,3,462905,3217463,1553011,177059,1120687,366706
5005608,Miranda,50,Mato Grosso Do Sul,MS,5,Centro Oeste,25536,-66,-0.02,5471,4.67,7842,3.23,563291,0.46,44722,518569,114707,31779,181346,190738
5005681,Mundo Novo,50,Mato Grosso Do Sul,MS,5,Centro Oeste,19193,2150,0.99,478,40.12,7048,2.67,640893,0.52,107672,533221,55281,129338,219777,128825
5005707,Naviraí,50,Mato Grosso Do Sul,MS,5,Centro Oeste,50457,4033,0.7,3190,15.82,18563,2.69,2541301,2.07,258650,2282650,499512,623971,769235,389932
5005806,Nioaque,50,Mato Grosso Do Sul,MS,5,Centro Oeste,13220,-1084,-0.65,3909,3.38,4652,2.84,400111,0.33,27632,372479,107158,74900,92038,98384
5006002,Nova Alvorada do Sul,50,Mato Grosso Do Sul,MS,5,Centro Oeste,21822,5372,2.38,4025,5.42,7788,2.8,1783088,1.45,157741,1625346,800218,352221,297544,175363
5006200,Nova Andradina,50,Mato Grosso Do Sul,MS,5,Centro Oeste,48563,2985,0.53,4771,10.18,17569,2.75,2493877,2.03,283762,2210115,582525,499482,772790,355318
5006259,Novo Horizonte do Sul,50,Mato Grosso Do Sul,MS,5,Centro Oeste,4721,-219,-0.38,849,5.56,1796,2.63,247121,0.2,18985,228136,133505,13666,46031,34935
5006275,Paraíso das Águas,50,Mato Grosso Do Sul,MS,5,Centro Oeste,5510,962,1.61,5061,1.09,1954,2.81,903055,0.74,44776,858279,479523,229060,96510,53185
5006309,Paranaíba,50,Mato Grosso Do Sul,MS,5,Centro Oeste,40957,760,0.16,5405,7.58,15806,2.56,1401774,1.14,130632,1271143,219791,242063,518037,291252
5006358,Paranhos,50,Mato Grosso Do Sul,MS,5,Centro Oeste,12921,571,0.38,1307,9.89,3632,3.5,233584,0.19,10981,222602,68378,9190,40875,104158
5006408,Pedro Gomes,50,Mato Grosso Do Sul,MS,5,Centro Oeste,6941,-1085,-1.2,3554,1.95,2701,2.55,263145,0.21,21840,241305,105920,11332,64516,59536
5006606,Ponta Porã,50,Mato Grosso Do Sul,MS,5,Centro Oeste,92017,14140,1.4,5359,17.17,30465,3,4290078,3.5,496824,3793254,1445621,332133,1398744,616756
5006903,Porto Murtinho,50,Mato Grosso Do Sul,MS,5,Centro Oeste,12859,-2431,-1.43,17505,0.73,4043,3.16,405916,0.33,25493,380423,159573,13434,78916,128500
5007109,Ribas do Rio Pardo,50,Mato Grosso Do Sul,MS,5,Centro Oeste,23150,2204,0.84,17315,1.34,7796,2.95,1591136,1.3,87122,1504013,1063118,79009,163871,198016
5007208,Rio Brilhante,50,Mato Grosso Do Sul,MS,5,Centro Oeste,37601,6938,1.71,3984,9.44,13140,2.83,3121228,2.55,271509,2849719,1079554,811855,687822,270489
5007307,Rio Negro,50,Mato Grosso Do Sul,MS,5,Centro Oeste,4841,-236,-0.4,1829,2.65,1769,2.73,110410,0.09,8277,102133,31787,4622,26135,39588
5007406,Rio Verde de Mato Grosso,50,Mato Grosso Do Sul,MS,5,Centro Oeste,19818,752,0.32,8174,2.42,7312,2.7,549742,0.45,41192,508550,189759,31671,142110,145011
5007505,Rochedo,50,Mato Grosso Do Sul,MS,5,Centro Oeste,5199,642,1.1,1310,3.97,1892,2.73,228338,0.19,15576,212761,63690,61016,48402,39654
5007554,Santa Rita do Pardo,50,Mato Grosso Do Sul,MS,5,Centro Oeste,7027,-232,-0.27,6142,1.14,2514,2.78,328332,0.27,18501,309831,173702,26272,44632,65224
5007695,São Gabriel do Oeste,50,Mato Grosso Do Sul,MS,5,Centro Oeste,29579,7417,2.43,3850,7.68,10670,2.76,1842400,1.5,226423,1615977,600095,200821,596511,218549
5007703,Sete Quedas,50,Mato Grosso Do Sul,MS,5,Centro Oeste,10994,214,0.16,839,13.1,3668,2.99,319012,0.26,26452,292560,121574,16858,81539,72589
5007802,Selvíria,50,Mato Grosso Do Sul,MS,5,Centro Oeste,8142,1855,2.18,3255,2.5,3006,2.68,2656124,2.17,27996,2628128,326664,2164529,53381,83553
5007901,Sidrolândia,50,Mato Grosso Do Sul,MS,5,Centro Oeste,47118,5004,0.94,5266,8.95,16548,2.84,2709873,2.21,288524,2421349,1095532,264335,674824,386658
5007935,Sonora,50,Mato Grosso Do Sul,MS,5,Centro Oeste,14516,-311,-0.18,4186,3.47,5241,2.76,883090,0.72,58290,824799,384882,138989,168947,131980
5007950,Tacuru,50,Mato Grosso Do Sul,MS,5,Centro Oeste,10808,593,0.47,1784,6.06,3242,3.33,259193,0.21,16440,242753,112107,9265,42974,78407
5007976,Taquarussu,50,Mato Grosso Do Sul,MS,5,Centro Oeste,3625,103,0.24,1052,3.45,1377,2.63,165451,0.13,7017,158434,90457,6874,21988,39115
5008008,Terenos,50,Mato Grosso Do Sul,MS,5,Centro Oeste,17638,469,0.22,2846,6.2,6447,2.72,653284,0.53,47746,605538,246874,92223,120383,146058
5008305,Três Lagoas,50,Mato Grosso Do Sul,MS,5,Centro Oeste,132152,30366,2.2,10217,12.93,47895,2.74,11626097,9.48,945677,10680420,932042,6259595,2540281,948502
5008404,Vicentina,50,Mato Grosso Do Sul,MS,5,Centro Oeste,6336,407,0.55,312,20.28,2391,2.64,285942,0.23,24789,261153,89029,78525,47720,45879
5100102,Acorizal,51,Mato Grosso,MT,5,Centro Oeste,5014,-440,-0.7,851,5.89,1821,2.75,105339,0.06,10245,95093,8107,33604,20891,32491
5100201,Água Boa,51,Mato Grosso,MT,5,Centro Oeste,29219,8363,2.85,7549,3.87,10343,2.77,1487514,0.83,161543,1325971,495545,95574,560264,174588
5100250,Alta Floresta,51,Mato Grosso,MT,5,Centro Oeste,58613,9471,1.48,8955,6.54,20928,2.79,1814183,1.02,238139,1576044,181053,274939,768447,351605
5100300,Alto Araguaia,51,Mato Grosso,MT,5,Centro Oeste,17193,1544,0.79,5402,3.18,6644,2.56,944431,0.53,72385,872046,186937,294018,253282,137808
5100359,Alto Boa Vista,51,Mato Grosso,MT,5,Centro Oeste,5639,427,0.66,2248,2.51,1775,3.17,177349,0.1,10025,167325,79979,5390,31836,50120
5100409,Alto Garças,51,Mato Grosso,MT,5,Centro Oeste,13052,2707,1.96,3858,3.38,4583,2.83,849523,0.48,66391,783132,452989,28257,214726,87159
5100508,Alto Paraguai,51,Mato Grosso,MT,5,Centro Oeste,8009,-2057,-1.89,1847,4.34,3016,2.65,136202,0.08,6308,129894,35459,6198,20982,67255
5100607,Alto Taquari,51,Mato Grosso,MT,5,Centro Oeste,10904,2832,2.54,1437,7.59,3914,2.77,975103,0.55,56982,918121,470524,167006,184177,96414
5100805,Apiacás,51,Mato Grosso,MT,5,Centro Oeste,8590,19,0.02,20489,0.42,2807,3.04,182613,0.1,17096,165517,31960,12497,52620,68440
5101001,Araguaiana,51,Mato Grosso,MT,5,Centro Oeste,3795,598,1.44,6381,0.59,1457,2.6,93876,0.05,5563,88313,42696,2543,15006,28069
5101209,Araguainha,51,Mato Grosso,MT,5,Centro Oeste,1010,-86,-0.68,675,1.5,408,2.46,22954,0.01,1131,21823,4820,655,4170,12178
5101258,Araputanga,51,Mato Grosso,MT,5,Centro Oeste,14786,-504,-0.28,1640,9.02,5498,2.67,560812,0.31,53441,507371,27415,199149,170817,109990
5101308,Arenápolis,51,Mato Grosso,MT,5,Centro Oeste,10576,260,0.21,417,25.34,3812,2.76,201556,0.11,18817,182739,20105,20834,80894,60907
5101407,Aripuanã,51,Mato Grosso,MT,5,Centro Oeste,24626,5970,2.34,24678,1,7781,3.13,1303488,0.73,123381,1180108,86212,703218,235367,155311
5101605,Barão de Melgaço,51,Mato Grosso,MT,5,Centro Oeste,7253,-708,-0.77,11375,0.64,2438,2.97,104314,0.06,4570,99744,26813,2877,17164,52890
5101704,Barra do Bugres,51,Mato Grosso,MT,5,Centro Oeste,29403,-1743,-0.48,5977,4.92,10550,2.77,1414084,0.79,115492,1298592,431378,337695,309988,219531
5101803,Barra do Garças,51,Mato Grosso,MT,5,Centro Oeste,69210,12895,1.73,8363,8.28,25285,2.73,2289561,1.28,255158,2034403,171356,361810,1105512,395724
5101852,Bom Jesus do Araguaia,51,Mato Grosso,MT,5,Centro Oeste,7280,1966,2.66,4267,1.71,2474,2.92,551675,0.31,31894,519781,372713,16559,79547,50961
5101902,Brasnorte,51,Mato Grosso,MT,5,Centro Oeste,17004,1643,0.85,15968,1.06,5771,2.94,1483670,0.83,90558,1393112,878875,111257,258221,144760
5102504,Cáceres,51,Mato Grosso,MT,5,Centro Oeste,89478,1571,0.15,24496,3.65,30998,2.87,2045497,1.14,229841,1815655,175142,197903,865563,577047
5102603,Campinápolis,51,Mato Grosso,MT,5,Centro Oeste,15347,1056,0.6,5979,2.57,3756,4.08,371177,0.21,23317,347860,121089,36857,78094,111820
5102637,Campo Novo do Parecis,51,Mato Grosso,MT,5,Centro Oeste,45899,18326,4.34,9429,4.87,15294,2.97,4609961,2.58,374242,4235719,2069468,606696,1284171,275385
5102678,Campo Verde,51,Mato Grosso,MT,5,Centro Oeste,44585,13237,2.98,4771,9.35,15418,2.88,3601120,2.02,310401,3290719,1578984,459802,946345,305589
5102686,Campos de Júlio,51,Mato Grosso,MT,5,Centro Oeste,8822,3668,4.58,6793,1.3,2882,2.98,1913968,1.07,114403,1799566,995299,401973,330853,71441
5102694,Canabrava do Norte,51,Mato Grosso,MT,5,Centro Oeste,4485,-303,-0.54,3449,1.3,1567,2.85,171495,0.1,8936,162560,96140,9711,22212,34496
5102702,Canarana,51,Mato Grosso,MT,5,Centro Oeste,25843,7089,2.71,10855,2.38,8869,2.91,1814641,1.02,170408,1644233,797522,74450,613200,159061
5102793,Carlinda,51,Mato Grosso,MT,5,Centro Oeste,10332,-679,-0.53,2422,4.27,3784,2.73,220409,0.12,21387,199021,73517,9110,54292,62102
5102850,Castanheira,51,Mato Grosso,MT,5,Centro Oeste,7506,-713,-0.75,3713,2.02,2722,2.74,163008,0.09,13366,149642,49658,13347,33923,52714
5103007,Chapada dos Guimarães,51,Mato Grosso,MT,5,Centro Oeste,18990,943,0.43,6603,2.88,6892,2.74,853797,0.48,50960,802838,353953,120150,197434,131301
5103056,Cláudia,51,Mato Grosso,MT,5,Centro Oeste,9593,-1435,-1.15,3844,2.5,3395,2.82,866520,0.49,43796,822723,354969,246753,139363,81638
5103106,Cocalinho,51,Mato Grosso,MT,5,Centro Oeste,6220,730,1.05,16563,0.38,2276,2.72,215446,0.12,16171,199276,88935,34017,32065,44258
5103205,Colíder,51,Mato Grosso,MT,5,Centro Oeste,31370,563,0.15,3112,10.08,11741,2.66,1020448,0.57,124940,895508,92439,201385,397205,204478
5103254,Colniza,51,Mato Grosso,MT,5,Centro Oeste,25756,-625,-0.2,27960,0.92,8836,2.88,706023,0.4,61459,644564,99340,149451,173300,222473
5103304,Comodoro,51,Mato Grosso,MT,5,Centro Oeste,18238,124,0.06,21485,0.85,6428,2.82,952578,0.53,84324,868254,311060,147315,260856,149024
5103353,Confresa,51,Mato Grosso,MT,5,Centro Oeste,35075,9951,2.82,5802,6.05,11908,2.94,1108428,0.62,128207,980221,172403,142185,468429,197204
5103361,Conquista D'Oeste,51,Mato Grosso,MT,5,Centro Oeste,3760,375,0.88,2685,1.4,1332,2.82,112790,0.06,11237,101553,31828,6030,30841,32853
5103379,Cotriguaçu,51,Mato Grosso,MT,5,Centro Oeste,11011,-3972,-2.53,9470,1.16,3885,2.83,268019,0.15,16328,251691,52699,36230,42968,119795
5103403,Cuiabá,51,Mato Grosso,MT,5,Centro Oeste,650912,97710,1.36,4327,150.41,232212,2.78,26528839,14.85,4338215,22190624,26114,3928862,14131937,4103710
5103437,Curvelândia,51,Mato Grosso,MT,5,Centro Oeste,4903,41,0.07,357,13.73,1795,2.73,115401,0.06,7078,108323,44114,9977,20419,33814
5103452,Denise,51,Mato Grosso,MT,5,Centro Oeste,7014,-1499,-1.6,1273,5.51,2480,2.83,643677,0.36,19508,624169,486573,19901,58842,58853
5103502,Diamantino,51,Mato Grosso,MT,5,Centro Oeste,21941,1598,0.63,8263,2.66,7504,2.9,3358066,1.88,211503,3146563,2059322,238501,675367,173372
5103601,Dom Aquino,51,Mato Grosso,MT,5,Centro Oeste,7872,-257,-0.27,2184,3.61,3026,2.59,440422,0.25,24354,416068,276841,19913,63806,55509
5103700,Feliz Natal,51,Mato Grosso,MT,5,Centro Oeste,10521,-421,-0.33,11662,0.9,3350,3.12,797334,0.45,52041,745293,452407,48137,152915,91835
5103809,Figueirópolis D'Oeste,51,Mato Grosso,MT,5,Centro Oeste,3187,-600,-1.43,891,3.58,1211,2.62,69894,0.04,4493,65402,18513,7216,13539,26133
5103858,Gaúcha do Norte,51,Mato Grosso,MT,5,Centro Oeste,8646,2354,2.68,16908,0.51,2683,3.22,856082,0.48,45338,810744,597545,26159,124279,62762
5103908,General Carneiro,51,Mato Grosso,MT,5,Centro Oeste,6037,765,1.14,4515,1.34,1895,3.17,339311,0.19,14215,325097,239217,13399,33892,38590
5103957,Glória D'Oeste,51,Mato Grosso,MT,5,Centro Oeste,2905,-216,-0.6,833,3.49,1113,2.58,78824,0.04,4664,74160,31983,4047,14266,23863
5104104,Guarantã do Norte,51,Mato Grosso,MT,5,Centro Oeste,31024,-1192,-0.31,4725,6.57,10908,2.84,1016510,0.57,120705,895805,87869,182683,406725,218528
5104203,Guiratinga,51,Mato Grosso,MT,5,Centro Oeste,10963,-3007,-2,5044,2.17,4401,2.45,490860,0.27,23442,467418,274669,18173,81580,92995
5104500,Indiavaí,51,Mato Grosso,MT,5,Centro Oeste,2213,-236,-0.84,592,3.74,837,2.63,77568,0.04,2542,75026,8535,35827,7496,23167
5104526,Ipiranga do Norte,51,Mato Grosso,MT,5,Centro Oeste,7815,2702,3.6,3422,2.28,2546,3,1327142,0.74,82050,1245092,888714,41691,256394,58293
5104542,Itanhangá,51,Mato Grosso,MT,5,Centro Oeste,7539,2263,3.02,2910,2.59,2552,2.93,506250,0.28,31376,474874,320513,16051,90941,47369
5104559,Itaúba,51,Mato Grosso,MT,5,Centro Oeste,5020,445,0.78,4522,1.11,1741,2.87,326139,0.18,19654,306485,178516,42715,51489,33766
5104609,Itiquira,51,Mato Grosso,MT,5,Centro Oeste,12236,758,0.53,8699,1.41,4293,2.84,1503256,0.84,80408,1422848,726803,385274,198882,111888
5104807,Jaciara,51,Mato Grosso,MT,5,Centro Oeste,28569,2687,0.83,2430,11.76,10288,2.76,1086699,0.61,113416,973283,260976,197273,324473,190561
5104906,Jangada,51,Mato Grosso,MT,5,Centro Oeste,7426,-345,-0.38,1114,6.66,2548,2.91,167361,0.09,15927,151434,39630,14628,46217,50959
5105002,Jauru,51,Mato Grosso,MT,5,Centro Oeste,8367,-2081,-1.83,1345,6.22,3091,2.69,319478,0.18,16120,303358,27067,160633,54856,60801
5105101,Juara,51,Mato Grosso,MT,5,Centro Oeste,34906,2125,0.52,22633,1.54,12121,2.86,1086042,0.61,106890,979153,258917,144631,347352,228253
5105150,Juína,51,Mato Grosso,MT,5,Centro Oeste,45869,6602,1.3,26397,1.74,16708,2.73,1180935,0.66,155250,1025685,138247,119953,506873,260611
5105176,Juruena,51,Mato Grosso,MT,5,Centro Oeste,10213,-977,-0.76,3208,3.18,3619,2.82,264368,0.15,24304,240064,29475,40173,72932,97483
5105200,Juscimeira,51,Mato Grosso,MT,5,Centro Oeste,11480,41,0.03,2291,5.01,4326,2.64,417591,0.23,28387,389204,159141,72417,75486,82160
5105234,Lambari D'Oeste,51,Mato Grosso,MT,5,Centro Oeste,4790,-651,-1.06,1811,2.65,1723,2.77,225241,0.13,13970,211271,102188,42546,24927,41610
5105259,Lucas do Rio Verde,51,Mato Grosso,MT,5,Centro Oeste,83798,38227,5.21,3675,22.8,27725,3.01,5815154,3.26,647605,5167549,1217212,1397848,2073124,479365
5105309,Luciara,51,Mato Grosso,MT,5,Centro Oeste,2509,282,1,4283,0.59,821,3.05,34953,0.02,2360,32593,6765,1026,7622,17181
5105507,Vila Bela da Santíssima Trindade,51,Mato Grosso,MT,5,Centro Oeste,16774,2281,1.23,13485,1.24,5367,3.11,459254,0.26,34507,424747,207355,16400,82556,118436
5105580,Marcelândia,51,Mato Grosso,MT,5,Centro Oeste,11397,-609,-0.43,12285,0.93,3830,2.97,471376,0.26,33430,437946,209209,46813,113098,68825
5105606,Matupá,51,Mato Grosso,MT,5,Centro Oeste,20091,5917,2.95,5228,3.84,6865,2.92,1042452,0.58,146224,896227,196564,113281,471012,115369
5105622,Mirassol d'Oeste,51,Mato Grosso,MT,5,Centro Oeste,26785,1433,0.46,1085,24.68,9863,2.69,800532,0.45,100478,700054,90766,152665,282832,173791
5105903,Nobres,51,Mato Grosso,MT,5,Centro Oeste,15492,490,0.27,3909,3.96,5262,2.93,821231,0.46,80640,740591,141977,326489,168595,103529
5106000,Nortelândia,51,Mato Grosso,MT,5,Centro Oeste,5956,-480,-0.64,1337,4.46,2135,2.73,213099,0.12,11951,201149,120341,12434,29186,39189
5106109,Nossa Senhora do Livramento,51,Mato Grosso,MT,5,Centro Oeste,12940,43,0.03,5537,2.34,4598,2.81,351426,0.2,32313,319113,41960,108143,85585,83425
5106158,Nova Bandeirantes,51,Mato Grosso,MT,5,Centro Oeste,13635,1973,1.31,9557,1.43,4935,2.75,259002,0.14,21235,237767,64178,17154,57350,99085
5106174,Nova Nazaré,51,Mato Grosso,MT,5,Centro Oeste,4200,1171,2.76,4035,1.04,1141,3.65,100665,0.06,4514,96151,48692,3286,11422,32751
5106182,Nova Lacerda,51,Mato Grosso,MT,5,Centro Oeste,6670,1170,1.62,4780,1.4,2360,2.81,289660,0.16,21676,267984,105628,75943,36120,50293
5106190,Nova Santa Helena,51,Mato Grosso,MT,5,Centro Oeste,4239,771,1.69,2386,1.78,1506,2.81,233146,0.13,23942,209204,86428,7476,83363,31937
5106208,Nova Brasilândia,51,Mato Grosso,MT,5,Centro Oeste,3932,-665,-1.29,3290,1.2,1540,2.53,88525,0.05,5860,82665,33206,4125,14681,30653
5106216,Nova Canaã do Norte,51,Mato Grosso,MT,5,Centro Oeste,11707,-377,-0.26,5953,1.97,4289,2.72,714629,0.4,37676,676953,186622,301155,105336,83840
5106224,Nova Mutum,51,Mato Grosso,MT,5,Centro Oeste,55648,23999,4.82,9537,5.84,18097,3.06,4647666,2.6,444120,4203546,1721126,779580,1358409,344431
5106232,Nova Olímpia,51,Mato Grosso,MT,5,Centro Oeste,16352,-1163,-0.57,1327,12.32,5745,2.84,741657,0.42,45981,695676,215340,215073,136149,129114
5106240,Nova Ubiratã,51,Mato Grosso,MT,5,Centro Oeste,11498,2323,1.9,12461,0.92,3739,3.05,2270078,1.27,133246,2136833,1585712,76035,377832,97254
5106257,Nova Xavantina,51,Mato Grosso,MT,5,Centro Oeste,24345,4688,1.8,5492,4.43,9282,2.6,884656,0.5,75959,808697,214191,210818,251473,132216
5106265,Novo Mundo,51,Mato Grosso,MT,5,Centro Oeste,6520,-812,-0.97,5801,1.12,2225,2.92,329354,0.18,22049,307304,176305,9001,59386,62613
5106273,Novo Horizonte do Norte,51,Mato Grosso,MT,5,Centro Oeste,3349,-431,-1,920,3.64,1255,2.66,81032,0.05,4897,76135,30602,2561,15395,27578
5106281,Novo São Joaquim,51,Mato Grosso,MT,5,Centro Oeste,6919,865,1.12,5226,1.32,2536,2.69,584313,0.33,34288,550025,406171,21194,77466,45194
5106299,Paranaíta,51,Mato Grosso,MT,5,Centro Oeste,11671,985,0.74,4814,2.42,4080,2.85,673515,0.38,31571,641943,97582,366086,86906,91368
5106307,Paranatinga,51,Mato Grosso,MT,5,Centro Oeste,26423,7084,2.64,24167,1.09,9142,2.88,1498532,0.84,97671,1400861,825786,119816,291965,163295
5106315,Novo Santo Antônio,51,Mato Grosso,MT,5,Centro Oeste,2015,10,0.04,4395,0.46,736,2.74,49025,0.03,2581,46444,10190,1432,8839,25983
5106372,Pedra Preta,51,Mato Grosso,MT,5,Centro Oeste,18066,2456,1.23,3842,4.7,6654,2.7,1112880,0.62,66529,1046351,474174,271167,176436,124574
5106422,Peixoto de Azevedo,51,Mato Grosso,MT,5,Centro Oeste,32714,1751,0.46,14434,2.27,10880,2.99,722838,0.4,71130,651708,134953,64723,231015,221016
5106455,Planalto da Serra,51,Mato Grosso,MT,5,Centro Oeste,3166,450,1.29,2438,1.3,1120,2.83,171896,0.1,7244,164652,114245,8365,18158,23884
5106505,Poconé,51,Mato Grosso,MT,5,Centro Oeste,31217,-631,-0.17,17157,1.82,10381,3,625851,0.35,59273,566578,81344,50521,234304,200410
5106653,Pontal do Araguaia,51,Mato Grosso,MT,5,Centro Oeste,6932,1537,2.11,2742,2.53,2622,2.64,94397,0.05,4358,90038,24019,5317,20078,40625
5106703,Ponte Branca,51,Mato Grosso,MT,5,Centro Oeste,2008,240,1.07,701,2.86,834,2.4,27260,0.02,1703,25557,3849,872,6917,13919
5106752,Pontes e Lacerda,51,Mato Grosso,MT,5,Centro Oeste,52018,10610,1.92,8545,6.09,18304,2.83,2003192,1.12,230791,1772401,149203,617426,722385,283387
5106778,Porto Alegre do Norte,51,Mato Grosso,MT,5,Centro Oeste,13865,3117,2.14,3972,3.49,4394,3.11,323188,0.18,23507,299681,112423,26875,82105,78277
5106802,Porto dos Gaúchos,51,Mato Grosso,MT,5,Centro Oeste,5593,173,0.26,6847,0.82,2049,2.7,948485,0.53,48513,899972,703024,32767,114521,49659
5106828,Porto Esperidião,51,Mato Grosso,MT,5,Centro Oeste,10204,-827,-0.65,5835,1.75,3457,2.93,239045,0.13,18358,220688,69025,25059,47382,79221
5106851,Porto Estrela,51,Mato Grosso,MT,5,Centro Oeste,3224,-425,-1.03,2045,1.58,1179,2.73,64826,0.04,3341,61485,22518,4655,9276,25036
5107008,Poxoréu,51,Mato Grosso,MT,5,Centro Oeste,23283,5624,2.33,6915,3.37,8326,2.78,786497,0.44,48117,738381,448603,65780,117177,106820
5107040,Primavera do Leste,51,Mato Grosso,MT,5,Centro Oeste,85146,33095,4.19,5470,15.56,28967,2.92,5180124,2.9,608568,4571555,1311026,629027,2155973,475529
5107065,Querência,51,Mato Grosso,MT,5,Centro Oeste,26769,13736,6.18,17800,1.5,8459,3.11,2795905,1.57,265289,2530616,1057059,221687,1094510,157360
5107107,São José dos Quatro Marcos,51,Mato Grosso,MT,5,Centro Oeste,17849,-1149,-0.52,1283,13.91,6780,2.63,396243,0.22,41654,354590,47073,37153,157520,112844
5107156,Reserva do Cabaçal,51,Mato Grosso,MT,5,Centro Oeste,2122,-450,-1.59,1332,1.59,834,2.54,44089,0.02,2621,41468,9597,1011,8669,22191
5107180,Ribeirão Cascalheira,51,Mato Grosso,MT,5,Centro Oeste,9896,1015,0.91,11355,0.87,3434,2.86,487232,0.27,38401,448831,254740,18167,104228,71696
5107198,Ribeirãozinho,51,Mato Grosso,MT,5,Centro Oeste,2593,394,1.38,625,4.15,1010,2.56,112637,0.06,5450,107188,65797,4906,15653,20832
5107206,Rio Branco,51,Mato Grosso,MT,5,Centro Oeste,4535,-525,-0.91,539,8.41,1744,2.59,109800,0.06,9047,100753,11879,21083,32863,34928
5107248,Santa Carmem,51,Mato Grosso,MT,5,Centro Oeste,5374,1289,2.31,3812,1.41,1731,3.1,670035,0.38,46193,623842,380346,36313,168094,39089
5107263,Santo Afonso,51,Mato Grosso,MT,5,Centro Oeste,2519,-472,-1.42,1166,2.16,957,2.63,114156,0.06,5055,109101,65883,3086,12786,27347
5107297,São José do Povo,51,Mato Grosso,MT,5,Centro Oeste,2875,-686,-1.77,490,5.87,1141,2.52,51902,0.03,2647,49255,10639,1725,7724,29167
5107305,São José do Rio Claro,51,Mato Grosso,MT,5,Centro Oeste,14901,-2223,-1.15,4525,3.29,5188,2.84,1113751,0.62,67698,1046053,545957,161866,203459,134770
5107354,São José do Xingu,51,Mato Grosso,MT,5,Centro Oeste,5965,725,1.09,7466,0.8,1935,3.07,584396,0.33,29044,555352,404368,16506,86535,47943
5107404,São Pedro da Cipa,51,Mato Grosso,MT,5,Centro Oeste,4191,40,0.08,344,12.17,1515,2.76,66929,0.04,4277,62652,8825,5623,15071,33133
5107578,Rondolândia,51,Mato Grosso,MT,5,Centro Oeste,3505,-99,-0.23,12658,0.28,1074,3.24,84627,0.05,4348,80279,30210,5610,11212,33246
5107602,Rondonópolis,51,Mato Grosso,MT,5,Centro Oeste,244897,49311,1.89,4824,50.77,86832,2.8,12850052,7.19,1605715,11244337,362055,3715062,5530621,1636598
5107701,Rosário Oeste,51,Mato Grosso,MT,5,Centro Oeste,15453,-2074,-1.04,7339,2.11,5523,2.78,385091,0.22,34670,350421,114047,25674,92547,118153
5107743,Santa Cruz do Xingu,51,Mato Grosso,MT,5,Centro Oeste,2661,761,2.85,5623,0.47,890,2.95,165888,0.09,9411,156477,100488,4754,26333,24901
5107750,Salto do Céu,51,Mato Grosso,MT,5,Centro Oeste,3679,-229,-0.5,1753,2.1,1385,2.65,65545,0.04,3231,62314,20727,3842,10838,26908
5107768,Santa Rita do Trivelato,51,Mato Grosso,MT,5,Centro Oeste,3276,799,2.36,4747,0.69,1050,3.1,898335,0.5,53292,845043,615456,23890,169568,36129
5107776,Santa Terezinha,51,Mato Grosso,MT,5,Centro Oeste,7596,199,0.22,6466,1.17,2338,3.24,195491,0.11,9435,186056,102153,5300,23696,54907
5107792,Santo Antônio do Leste,51,Mato Grosso,MT,5,Centro Oeste,4099,351,0.75,3404,1.2,1292,3.17,694988,0.39,31716,663273,539275,20220,60413,43364
5107800,Santo Antônio de Leverger,51,Mato Grosso,MT,5,Centro Oeste,15246,495,0.28,9469,1.61,5124,2.96,480664,0.27,26106,454558,229339,35515,72749,116955
5107859,São Félix do Araguaia,51,Mato Grosso,MT,5,Centro Oeste,13612,2957,2.06,16682,0.82,4639,2.82,1191725,0.67,65932,1125793,756643,31877,245311,91963
5107875,Sapezal,51,Mato Grosso,MT,5,Centro Oeste,28944,10855,3.99,13615,2.13,9291,2.99,3738443,2.09,276069,3462373,2161716,279296,811961,209400
5107883,Serra Nova Dourada,51,Mato Grosso,MT,5,Centro Oeste,1800,435,2.33,1491,1.21,641,2.81,55191,0.03,2428,52763,26847,1394,6818,17703
5107909,Sinop,51,Mato Grosso,MT,5,Centro Oeste,196067,82968,4.69,3991,49.13,68434,2.85,8075614,4.52,1141800,6933814,573319,1365859,4006352,988284
5107925,Sorriso,51,Mato Grosso,MT,5,Centro Oeste,110635,44281,4.35,9294,11.9,37031,2.97,9117204,5.1,1036335,8080869,2538456,1362047,3542196,638168
5107941,Tabaporã,51,Mato Grosso,MT,5,Centro Oeste,9812,-130,-0.11,8439,1.16,3297,2.93,793229,0.44,40043,753186,549170,40350,95419,68247
5107958,Tangará da Serra,51,Mato Grosso,MT,5,Centro Oeste,106434,22341,1.98,11637,9.15,38055,2.78,4078549,2.28,516139,3562410,500862,647844,1747295,666410
5108006,Tapurah,51,Mato Grosso,MT,5,Centro Oeste,14370,3993,2.75,4493,3.2,4598,3.06,1382669,0.77,94629,1288040,859467,51502,271197,105874
5108055,Terra Nova do Norte,51,Mato Grosso,MT,5,Centro Oeste,10616,-520,-0.4,2400,4.42,3845,2.76,350959,0.2,35581,315378,99295,33884,112278,69921
5108105,Tesouro,51,Mato Grosso,MT,5,Centro Oeste,3025,-447,-1.14,4244,0.71,1155,2.62,208892,0.12,7553,201339,153550,5765,17997,24027
5108204,Torixoréu,51,Mato Grosso,MT,5,Centro Oeste,4164,93,0.19,2398,1.74,1702,2.44,154910,0.09,7334,147577,81498,7059,31723,27297
5108303,União do Sul,51,Mato Grosso,MT,5,Centro Oeste,3838,78,0.17,4591,0.84,1320,2.89,336691,0.19,19052,317638,236589,14700,39741,26608
5108352,Vale de São Domingos,51,Mato Grosso,MT,5,Centro Oeste,2904,-164,-0.46,1902,1.53,1098,2.64,62735,0.04,4970,57766,18344,1513,11736,26173
5108402,Várzea Grande,51,Mato Grosso,MT,5,Centro Oeste,299472,47111,1.44,724,413.48,103258,2.89,9049418,5.07,1311266,7738152,49970,1580561,4396045,1711576
5108501,Vera,51,Mato Grosso,MT,5,Centro Oeste,12800,2398,1.74,3058,4.19,4284,2.98,849830,0.48,51362,798468,542914,52535,127384,75635
5108600,Vila Rica,51,Mato Grosso,MT,5,Centro Oeste,19888,-1494,-0.6,7436,2.67,6881,2.86,663817,0.37,59467,604350,207145,25745,208763,162697
5108808,Nova Guarita,51,Mato Grosso,MT,5,Centro Oeste,4588,-349,-0.61,1122,4.09,1669,2.72,120877,0.07,7442,113436,50615,4899,23967,33954
5108857,Nova Marilândia,51,Mato Grosso,MT,5,Centro Oeste,3529,580,1.51,1906,1.85,1241,2.84,311084,0.17,20235,290849,70798,134823,54708,30520
5108907,Nova Maringá,51,Mato Grosso,MT,5,Centro Oeste,5846,-744,-0.99,11553,0.51,1925,2.96,799376,0.45,39704,759672,560123,29641,106650,63258
5108956,Nova Monte Verde,51,Mato Grosso,MT,5,Centro Oeste,8313,224,0.23,5139,1.62,2987,2.78,248326,0.14,21177,227149,49498,36869,78855,61928
5200050,Abadia de Goiás,52,Goiás,GO,5,Centro Oeste,19128,12237,8.88,143,133.43,6229,3,279328,0.12,35171,244157,10030,58214,120807,55106
5200100,Abadiânia,52,Goiás,GO,5,Centro Oeste,17228,1469,0.75,1045,16.49,6161,2.75,412885,0.18,33584,379301,93336,47560,151458,86947
5200134,Acreúna,52,Goiás,GO,5,Centro Oeste,21568,1300,0.52,1567,13.77,7898,2.7,804208,0.36,59294,744914,323488,62613,252965,105848
5200159,Adelândia,52,Goiás,GO,5,Centro Oeste,2297,-180,-0.63,115,19.91,914,2.49,42415,0.02,1808,40606,9109,4597,10295,16605
5200175,Água Fria de Goiás,52,Goiás,GO,5,Centro Oeste,4954,-131,-0.22,2024,2.45,1797,2.73,349402,0.16,12761,336642,240310,15832,49780,30720
5200209,Água Limpa,52,Goiás,GO,5,Centro Oeste,1851,-162,-0.7,459,4.03,742,2.47,54631,0.02,2453,52178,19125,2043,12735,18275
5200258,Águas Lindas de Goiás,52,Goiás,GO,5,Centro Oeste,225671,66285,2.94,192,1176.49,74463,3.02,2088754,0.93,173550,1915205,4780,160973,908772,840680
5200308,Alexânia,52,Goiás,GO,5,Centro Oeste,27008,3194,1.05,847,31.89,9711,2.77,994578,0.44,119114,875464,106707,243340,385408,140009
5200506,Aloândia,52,Goiás,GO,5,Centro Oeste,1973,-78,-0.32,102,19.33,812,2.42,54227,0.02,2679,51548,17052,5385,14001,15110
5200555,Alto Horizonte,52,Goiás,GO,5,Centro Oeste,6072,1562,2.51,500,12.14,2161,2.8,786531,0.35,73507,713024,15572,480224,139394,77835
5200605,Alto Paraíso de Goiás,52,Goiás,GO,5,Centro Oeste,10298,3413,3.41,2595,3.97,3625,2.76,228979,0.1,16543,212436,70989,13315,89394,38739
5200803,Alvorada do Norte,52,Goiás,GO,5,Centro Oeste,8446,362,0.37,1268,6.66,2954,2.86,154960,0.07,10470,144489,25182,14824,63754,40729
5200829,Amaralina,52,Goiás,GO,5,Centro Oeste,3268,-164,-0.41,1344,2.43,1280,2.55,87986,0.04,2270,85716,50580,2273,11742,21122
5200852,Americano do Brasil,52,Goiás,GO,5,Centro Oeste,5259,-254,-0.39,134,39.29,2107,2.49,80269,0.04,7383,72887,16506,6238,21137,29006
5200902,Amorinópolis,52,Goiás,GO,5,Centro Oeste,3007,-601,-1.51,407,7.39,1255,2.39,79832,0.04,2658,77173,41013,2777,15045,18338
5201108,Anápolis,52,Goiás,GO,5,Centro Oeste,398817,64194,1.47,936,426.24,142330,2.79,15286792,6.82,2311576,12975217,168232,4452115,6478765,1876104
5201207,Anhanguera,52,Goiás,GO,5,Centro Oeste,924,-96,-0.82,56,16.63,358,2.58,22362,0.01,1312,21050,2768,964,7164,10154
5201306,Anicuns,52,Goiás,GO,5,Centro Oeste,18503,-1739,-0.75,976,18.96,7158,2.58,454936,0.2,32362,422573,78447,101357,146307,96463
5201405,Aparecida de Goiânia,52,Goiás,GO,5,Centro Oeste,527550,71815,1.23,280,1884.42,186118,2.81,14856019,6.63,2080393,12775626,19512,3267381,7053348,2435385
5201454,Aparecida do Rio Doce,52,Goiás,GO,5,Centro Oeste,2907,480,1.52,603,4.82,1099,2.61,93226,0.04,3915,89311,45030,3640,17937,22704
5201504,Aporé,52,Goiás,GO,5,Centro Oeste,4325,522,1.08,2899,1.49,1567,2.76,309030,0.14,10393,298637,110182,119401,35872,33182
5201603,Araçu,52,Goiás,GO,5,Centro Oeste,3799,-3,-0.01,150,25.36,1528,2.46,68272,0.03,2879,65393,19718,8554,17236,19884
5201702,Aragarças,52,Goiás,GO,5,Centro Oeste,18390,98,0.04,662,27.79,6636,2.74,254792,0.11,20363,234429,10833,18079,118791,86725
5201801,Aragoiânia,52,Goiás,GO,5,Centro Oeste,11890,3525,2.97,218,54.51,4648,2.55,148208,0.07,11030,137178,18125,18286,52489,48278
5202155,Araguapaz,52,Goiás,GO,5,Centro Oeste,7153,-357,-0.41,2188,3.27,2776,2.57,148532,0.07,8844,139688,53486,5494,42017,38691
5202353,Arenópolis,52,Goiás,GO,5,Centro Oeste,2946,-331,-0.88,1076,2.74,1208,2.44,177679,0.08,4669,173010,62376,71312,21298,18024
5202502,Aruanã,52,Goiás,GO,5,Centro Oeste,8300,804,0.85,3055,2.72,3034,2.71,228879,0.1,13296,215583,91516,12535,65673,45859
5202601,Aurilândia,52,Goiás,GO,5,Centro Oeste,3284,-370,-0.89,566,5.81,1363,2.4,72476,0.03,4334,68142,21173,9819,18869,18281
5202809,Avelinópolis,52,Goiás,GO,5,Centro Oeste,2868,418,1.32,170,16.85,1117,2.57,58652,0.03,2354,56298,19615,5499,12793,18391
5203104,Baliza,52,Goiás,GO,5,Centro Oeste,3351,-364,-0.86,1780,1.88,1286,2.6,95175,0.04,2288,92888,50937,2712,12112,27127
5203203,Barro Alto,52,Goiás,GO,5,Centro Oeste,10371,1655,1.46,1080,9.6,3648,2.83,1524709,0.68,109327,1415382,31310,1078982,221872,83218
5203302,Bela Vista de Goiás,52,Goiás,GO,5,Centro Oeste,34445,9832,2.84,1274,27.04,12905,2.66,1321484,0.59,139128,1182357,203758,446177,382001,150420
5203401,Bom Jardim de Goiás,52,Goiás,GO,5,Centro Oeste,7826,-609,-0.62,1901,4.12,3109,2.5,185770,0.08,9522,176248,78579,6111,53559,37999
5203500,Bom Jesus de Goiás,52,Goiás,GO,5,Centro Oeste,23958,3231,1.21,1406,17.04,8662,2.75,933461,0.42,57032,876428,353696,111745,288158,122829
5203559,Bonfinópolis,52,Goiás,GO,5,Centro Oeste,10296,2765,2.64,122,84.45,3805,2.7,106127,0.05,7550,98578,10593,6899,39292,41794
5203575,Bonópolis,52,Goiás,GO,5,Centro Oeste,3299,-204,-0.5,1635,2.02,1237,2.65,114863,0.05,3987,110875,66952,3213,17581,23129
5203609,Brazabrantes,52,Goiás,GO,5,Centro Oeste,3992,741,1.73,125,31.85,1548,2.58,82268,0.04,5563,76705,12377,27428,17749,19150
5203807,Britânia,52,Goiás,GO,5,Centro Oeste,5695,186,0.28,1458,3.9,2138,2.65,159950,0.07,10462,149488,60472,11690,45118,32209
5203906,Buriti Alegre,52,Goiás,GO,5,Centro Oeste,10495,1436,1.23,902,11.64,4184,2.49,379809,0.17,31371,348439,107157,82273,112599,46410
5203939,Buriti de Goiás,52,Goiás,GO,5,Centro Oeste,2732,172,0.54,203,13.49,1108,2.47,49826,0.02,3106,46720,10585,4791,15211,16133
5203962,Buritinópolis,52,Goiás,GO,5,Centro Oeste,3145,-174,-0.45,246,12.78,1106,2.84,84682,0.04,1865,82817,4740,51923,7635,18519
5204003,Cabeceiras,52,Goiás,GO,5,Centro Oeste,7560,206,0.23,1126,6.71,2736,2.76,310909,0.14,10981,299928,184401,19429,52765,43333
5204102,Cachoeira Alta,52,Goiás,GO,5,Centro Oeste,11513,961,0.73,1657,6.95,4296,2.64,287386,0.13,24641,262745,59319,43208,95998,64220
5204201,Cachoeira de Goiás,52,Goiás,GO,5,Centro Oeste,1405,-17,-0.1,424,3.31,591,2.38,33760,0.02,1472,32288,11726,1172,7546,11844
5204250,Cachoeira Dourada,52,Goiás,GO,5,Centro Oeste,7782,-472,-0.49,528,14.73,3019,2.57,412734,0.18,106176,306557,83519,82019,84307,56712
5204300,Caçu,52,Goiás,GO,5,Centro Oeste,13774,491,0.3,2254,6.11,5354,2.56,908020,0.41,46113,861907,115528,496827,161245,88307
5204409,Caiapônia,52,Goiás,GO,5,Centro Oeste,16507,-255,-0.13,8628,1.91,6384,2.57,571717,0.26,29356,542361,268925,33067,147177,93191
5204508,Caldas Novas,52,Goiás,GO,5,Centro Oeste,98622,28135,2.84,1609,61.31,36749,2.67,2551056,1.14,192979,2358077,220702,458567,1198886,479923
5204557,Caldazinha,52,Goiás,GO,5,Centro Oeste,4507,1176,2.55,252,17.9,1710,2.63,75875,0.03,6678,69196,16393,4622,24723,23458
5204607,Campestre de Goiás,52,Goiás,GO,5,Centro Oeste,3755,373,0.88,273,13.77,1397,2.69,60037,0.03,2731,57306,18964,3682,14174,20485
5204656,Campinaçu,52,Goiás,GO,5,Centro Oeste,3708,48,0.11,1978,1.87,1418,2.61,77705,0.03,3899,73806,32188,2164,16883,22571
5204706,Campinorte,52,Goiás,GO,5,Centro Oeste,12510,1507,1.08,1065,11.75,4635,2.69,302615,0.14,28689,273927,69004,21554,128077,55292
5204805,Campo Alegre de Goiás,52,Goiás,GO,5,Centro Oeste,7422,1362,1.7,2450,3.03,2616,2.83,581564,0.26,21742,559821,389860,25776,101341,42845
5204854,Campo Limpo de Goiás,52,Goiás,GO,5,Centro Oeste,8081,1840,2.18,156,51.76,2696,2.99,142998,0.06,11556,131442,33722,25076,36338,36306
5204904,Campos Belos,52,Goiás,GO,5,Centro Oeste,18108,-302,-0.14,735,24.63,6289,2.86,289493,0.13,24948,264545,18663,22108,133084,90691
5204953,Campos Verdes,52,Goiás,GO,5,Centro Oeste,4005,-1015,-1.86,443,9.04,1500,2.67,50201,0.02,3127,47074,12302,2562,18140,14069
5205000,Carmo do Rio Verde,52,Goiás,GO,5,Centro Oeste,9710,772,0.69,420,23.13,3694,2.62,267382,0.12,26705,240677,56946,69676,68264,45791
5205059,Castelândia,52,Goiás,GO,5,Centro Oeste,2985,-653,-1.64,299,9.98,1189,2.5,83740,0.04,4225,79515,30265,3315,24535,21401
5205109,Catalão,52,Goiás,GO,5,Centro Oeste,114427,27783,2.34,3826,29.9,42424,2.69,7269176,3.24,1336432,5932744,566116,2577714,2217896,571018
5205208,Caturaí,52,Goiás,GO,5,Centro Oeste,5184,498,0.85,205,25.28,1962,2.64,76447,0.03,4188,72259,19443,4202,21803,26810
5205307,Cavalcante,52,Goiás,GO,5,Centro Oeste,9589,197,0.17,6949,1.38,3486,2.74,447775,0.2,5947,441829,20032,328773,37543,55480
5205406,Ceres,52,Goiás,GO,5,Centro Oeste,22046,1334,0.52,213,103.47,8357,2.62,657220,0.29,66794,590426,20779,116925,349000,103722
5205455,Cezarina,52,Goiás,GO,5,Centro Oeste,8090,548,0.59,417,19.4,3220,2.51,336506,0.15,39825,296681,42275,148462,63528,42417
5205471,Chapadão do Céu,52,Goiás,GO,5,Centro Oeste,12870,5869,5.2,2184,5.89,4286,3,1835046,0.82,150821,1684225,625584,607496,376553,74592
5205497,Cidade Ocidental,52,Goiás,GO,5,Centro Oeste,91767,35852,4.21,390,235.31,31789,2.88,860695,0.38,56594,804101,36842,130178,325856,311225
5205513,Cocalzinho de Goiás,52,Goiás,GO,5,Centro Oeste,25016,7602,3.06,1785,14.01,8982,2.77,370991,0.17,21546,349445,109652,48248,94698,96846
5205521,Colinas do Sul,52,Goiás,GO,5,Centro Oeste,4030,507,1.13,1708,2.36,1489,2.7,56604,0.03,4007,52597,10171,1441,18536,22450
5205703,Córrego do Ouro,52,Goiás,GO,5,Centro Oeste,2454,-178,-0.58,458,5.36,1021,2.4,62621,0.03,2895,59726,27364,4406,12781,15175
5205802,Corumbá de Goiás,52,Goiás,GO,5,Centro Oeste,10562,205,0.16,1065,9.92,3719,2.78,237391,0.11,9451,227941,106556,13112,57089,51184
5205901,Corumbaíba,52,Goiás,GO,5,Centro Oeste,9164,983,0.95,1864,4.92,3506,2.6,659446,0.29,68700,590746,88899,271363,171642,58843
5206206,Cristalina,52,Goiás,GO,5,Centro Oeste,62249,15677,2.45,6154,10.12,21421,2.89,3345354,1.49,238597,3106757,1656213,289967,847920,312657
5206305,Cristianópolis,52,Goiás,GO,5,Centro Oeste,3504,572,1.5,222,15.81,1396,2.49,86161,0.04,5027,81134,30407,6129,24459,20138
5206404,Crixás,52,Goiás,GO,5,Centro Oeste,17065,1305,0.67,4673,3.65,6186,2.75,630768,0.28,43031,587737,72403,253922,168743,92669
5206503,Cromínia,52,Goiás,GO,5,Centro Oeste,3883,328,0.74,365,10.64,1536,2.53,85293,0.04,4244,81049,34228,4879,21420,20522
5206602,Cumari,52,Goiás,GO,5,Centro Oeste,2927,-37,-0.1,568,5.15,1153,2.52,76701,0.03,5357,71344,37463,3298,14336,16247
5206701,Damianópolis,52,Goiás,GO,5,Centro Oeste,3770,478,1.14,418,9.03,1367,2.76,41731,0.02,2550,39181,6530,1511,12651,18489
5206800,Damolândia,52,Goiás,GO,5,Centro Oeste,2724,-1,0,86,31.65,1090,2.49,43953,0.02,1983,41970,11073,3500,10963,16434
5206909,Davinópolis,52,Goiás,GO,5,Centro Oeste,1902,-154,-0.65,483,3.94,768,2.47,604517,0.27,2128,602388,22416,544834,12511,22628
5207105,Diorama,52,Goiás,GO,5,Centro Oeste,2062,-419,-1.53,685,3.01,832,2.47,72563,0.03,2619,69944,38278,2009,12010,17646
5207253,Doverlândia,52,Goiás,GO,5,Centro Oeste,6956,-936,-1.05,3228,2.16,2767,2.51,268602,0.12,11545,257057,143075,11820,62721,39440
5207352,Edealina,52,Goiás,GO,5,Centro Oeste,4001,268,0.58,598,6.69,1648,2.42,350987,0.16,34302,316685,121274,98864,71969,24578
5207402,Edéia,52,Goiás,GO,5,Centro Oeste,11747,481,0.35,1469,8,4365,2.67,820456,0.37,62004,758452,208259,302389,180059,67745
5207501,Estrela do Norte,52,Goiás,GO,5,Centro Oeste,3205,-115,-0.29,301,10.64,1269,2.53,60354,0.03,3990,56364,15447,5371,16343,19203
5207535,Faina,52,Goiás,GO,5,Centro Oeste,7070,87,0.1,1950,3.63,2814,2.5,132901,0.06,6577,126325,58790,3508,29638,34388
5207600,Fazenda Nova,52,Goiás,GO,5,Centro Oeste,5877,-445,-0.61,1279,4.59,2429,2.41,122802,0.05,5716,117086,46336,4364,40272,26114
5207808,Firminópolis,52,Goiás,GO,5,Centro Oeste,10419,-1163,-0.88,422,24.67,4054,2.56,220975,0.1,11802,209173,62886,15196,74078,57013
5207907,Flores de Goiás,52,Goiás,GO,5,Centro Oeste,13744,1696,1.1,3695,3.72,4313,3.11,190596,0.09,8330,182265,74733,5510,29978,72044
5208004,Formosa,52,Goiás,GO,5,Centro Oeste,115669,15584,1.21,5804,19.93,40642,2.82,2738680,1.22,285464,2453217,191742,476360,1258450,526664
5208103,Formoso,52,Goiás,GO,5,Centro Oeste,4660,-223,-0.39,843,5.53,1816,2.56,94966,0.04,8553,86412,24735,4324,34556,22797
5208152,Gameleira de Goiás,52,Goiás,GO,5,Centro Oeste,3456,313,0.79,588,5.87,1284,2.69,219377,0.1,6474,212903,148546,8588,30718,25050
5208301,Divinópolis de Goiás,52,Goiás,GO,5,Centro Oeste,4457,-452,-0.8,829,5.38,1645,2.71,81790,0.04,5457,76333,16949,10254,20309,28821
5208400,Goianápolis,52,Goiás,GO,5,Centro Oeste,13967,2863,1.93,167,83.81,4923,2.82,244035,0.11,21288,222747,41667,44404,81213,55463
5208509,Goiandira,52,Goiás,GO,5,Centro Oeste,4968,-297,-0.48,570,8.72,1897,2.61,158932,0.07,8532,150400,35342,33002,53419,28637
5208608,Goianésia,52,Goiás,GO,5,Centro Oeste,73708,14159,1.79,1547,47.64,26030,2.81,1592111,0.71,160244,1431867,93055,358395,674626,305791
5208707,Goiânia,52,Goiás,GO,5,Centro Oeste,1437237,135325,0.83,729,1970.72,549014,2.61,51961311,23.18,7083384,44877927,62497,7409357,30225893,7180180
5208806,Goianira,52,Goiás,GO,5,Centro Oeste,71916,37858,6.43,214,336.41,25193,2.85,960585,0.43,109712,850873,20453,224752,400413,205254
5208905,Goiás,52,Goiás,GO,5,Centro Oeste,24071,-656,-0.22,3108,7.74,9593,2.49,656441,0.29,56617,599824,135439,37643,320096,106645
5209101,Goiatuba,52,Goiás,GO,5,Centro Oeste,35649,3156,0.78,2480,14.38,13554,2.62,1910745,0.85,155356,1755389,561240,417635,561095,215418
5209150,Gouvelândia,52,Goiás,GO,5,Centro Oeste,4390,-559,-0.99,827,5.31,1678,2.61,168074,0.07,5461,162613,85911,6312,36196,34194
5209200,Guapó,52,Goiás,GO,5,Centro Oeste,19545,5569,2.83,514,38.01,7170,2.72,260942,0.12,21269,239674,33731,31423,103061,71458
5209291,Guaraíta,52,Goiás,GO,5,Centro Oeste,2188,-184,-0.67,206,10.65,913,2.4,43476,0.02,1315,42161,17875,1331,7476,15479
5209408,Guarani de Goiás,52,Goiás,GO,5,Centro Oeste,4085,-173,-0.35,1221,3.35,1436,2.84,68480,0.03,4255,64225,18711,6755,14541,24217
5209457,Guarinos,52,Goiás,GO,5,Centro Oeste,2161,-138,-0.51,593,3.64,883,2.45,53186,0.02,2774,50412,18054,1119,17144,14095
5209606,Heitoraí,52,Goiás,GO,5,Centro Oeste,3354,-217,-0.52,229,14.67,1355,2.47,68765,0.03,3365,65400,27863,2405,15046,20085
5209705,Hidrolândia,52,Goiás,GO,5,Centro Oeste,27741,10343,3.96,952,29.14,9706,2.85,1175813,0.52,192511,983302,135707,170488,564407,112700
5209804,Hidrolina,52,Goiás,GO,5,Centro Oeste,3545,-480,-1.05,584,6.07,1372,2.58,76055,0.03,2935,73120,32643,3373,17209,19895
5209903,Iaciara,52,Goiás,GO,5,Centro Oeste,10584,-1843,-1.33,1547,6.84,3557,2.97,197781,0.09,13775,184006,45145,12008,62679,64174
5209937,Inaciolândia,52,Goiás,GO,5,Centro Oeste,5954,255,0.37,689,8.64,2207,2.67,228569,0.1,8077,220492,121177,9481,52327,37507
5209952,Indiara,52,Goiás,GO,5,Centro Oeste,17061,3371,1.85,955,17.86,6325,2.69,420560,0.19,34237,386323,98244,79396,132768,75916
5210000,Inhumas,52,Goiás,GO,5,Centro Oeste,52204,3947,0.66,615,84.9,19577,2.65,1258190,0.56,104340,1153850,167290,238844,500526,247191
5210109,Ipameri,52,Goiás,GO,5,Centro Oeste,25548,808,0.27,4383,5.83,9709,2.62,1825161,0.81,165496,1659665,500124,600886,427595,131059
5210158,Ipiranga de Goiás,52,Goiás,GO,5,Centro Oeste,2919,76,0.22,244,11.95,1181,2.47,60502,0.03,2583,57918,24730,3705,11823,17659
5210208,Iporá,52,Goiás,GO,5,Centro Oeste,35684,4406,1.1,1027,34.74,13971,2.53,753589,0.34,72864,680725,60457,85488,388189,146592
5210307,Israelândia,52,Goiás,GO,5,Centro Oeste,2560,-327,-1,579,4.42,1030,2.43,57987,0.03,2972,55015,18615,3166,14095,19140
5210406,Itaberaí,52,Goiás,GO,5,Centro Oeste,44734,9360,1.98,1462,30.6,16002,2.79,1418265,0.63,144267,1273998,285762,319712,481599,186926
5210562,Itaguari,52,Goiás,GO,5,Centro Oeste,4963,460,0.81,143,34.79,1952,2.54,84459,0.04,5532,78928,20523,6171,27082,25152
5210604,Itaguaru,52,Goiás,GO,5,Centro Oeste,4904,-542,-0.87,241,20.35,1979,2.47,85938,0.04,4394,81544,20059,4399,30404,26682
5210802,Itajá,52,Goiás,GO,5,Centro Oeste,4380,-682,-1.2,2083,2.1,1749,2.5,108235,0.05,5843,102391,45869,3191,26172,27160
5210901,Itapaci,52,Goiás,GO,5,Centro Oeste,21087,2629,1.12,953,22.13,7793,2.7,458043,0.2,28297,429745,59108,122290,143030,105317
5211008,Itapirapuã,52,Goiás,GO,5,Centro Oeste,8002,167,0.18,2048,3.91,3135,2.54,178549,0.08,9124,169424,78415,9503,50745,30761
5211206,Itapuranga,52,Goiás,GO,5,Centro Oeste,26113,-14,0,1281,20.38,10514,2.47,499688,0.22,35422,464266,95701,34366,209734,124465
5211305,Itarumã,52,Goiás,GO,5,Centro Oeste,6101,-199,-0.27,3437,1.77,2336,2.6,271183,0.12,11732,259451,103735,60255,53147,42313
5211404,Itauçu,52,Goiás,GO,5,Centro Oeste,7736,-827,-0.84,383,20.19,2939,2.6,180910,0.08,19605,161305,21454,23612,78159,38079
5211503,Itumbiara,52,Goiás,GO,5,Centro Oeste,107970,15094,1.26,2447,44.12,39710,2.7,4771582,2.13,540144,4231438,321285,1472804,1872734,564616
5211602,Ivolândia,52,Goiás,GO,5,Centro Oeste,2693,35,0.11,1261,2.14,1092,2.45,134232,0.06,3674,130558,46394,56413,11795,15957
5211701,Jandaia,52,Goiás,GO,5,Centro Oeste,6272,108,0.14,863,7.27,2527,2.48,336231,0.15,17820,318411,123435,95454,64075,35447
5211800,Jaraguá,52,Goiás,GO,5,Centro Oeste,45223,3340,0.64,1849,24.46,16597,2.71,807983,0.36,60267,747716,105406,117242,311103,213965
5211909,Jataí,52,Goiás,GO,5,Centro Oeste,105729,17723,1.54,7179,14.73,38266,2.74,5982102,2.67,528121,5453980,1551688,1364908,2019048,518336
5212006,Jaupaci,52,Goiás,GO,5,Centro Oeste,2924,-76,-0.21,529,5.53,1137,2.5,64335,0.03,2344,61992,25482,3792,14659,18059
5212055,Jesúpolis,52,Goiás,GO,5,Centro Oeste,2123,-155,-0.59,115,18.43,833,2.55,33643,0.02,1566,32078,5992,1790,8403,15892
5212105,Joviânia,52,Goiás,GO,5,Centro Oeste,7159,41,0.05,446,16.04,2730,2.6,260711,0.12,12009,248702,114312,13304,84151,36936
5212204,Jussara,52,Goiás,GO,5,Centro Oeste,19625,472,0.2,4092,4.8,7662,2.54,592179,0.26,47943,544236,169932,45210,234005,95089
5212253,Lagoa Santa,52,Goiás,GO,5,Centro Oeste,1390,136,0.86,463,3,537,2.59,43279,0.02,2256,41024,12587,1856,12478,14102
5212303,Leopoldo de Bulhões,52,Goiás,GO,5,Centro Oeste,8745,1266,1.31,476,18.37,3250,2.66,279582,0.12,10924,268657,162825,26589,43064,36180
5212501,Luziânia,52,Goiás,GO,5,Centro Oeste,208725,34195,1.5,3962,52.68,71792,2.89,4769559,2.13,425868,4343691,453379,1465344,1580521,844447
5212600,Mairipotaba,52,Goiás,GO,5,Centro Oeste,2561,187,0.63,468,5.47,1064,2.39,71468,0.03,2150,69318,39015,2959,11947,15396
5212709,Mambaí,52,Goiás,GO,5,Centro Oeste,8124,1257,1.41,858,9.47,2601,3.12,86749,0.04,8112,78637,2683,3449,34471,38034
5212808,Mara Rosa,52,Goiás,GO,5,Centro Oeste,10700,-46,-0.04,1695,6.31,4088,2.61,256306,0.11,17395,238911,83234,19890,89089,46699
5212907,Marzagão,52,Goiás,GO,5,Centro Oeste,2758,686,2.41,226,12.23,1000,2.76,50876,0.02,4092,46784,11597,2251,17523,15413
5212956,Matrinchã,52,Goiás,GO,5,Centro Oeste,4042,-372,-0.73,1151,3.51,1560,2.58,133272,0.06,6028,127244,60507,5519,37078,24139
5213004,Maurilândia,52,Goiás,GO,5,Centro Oeste,10304,-1217,-0.93,390,26.42,3772,2.7,221534,0.1,10381,211153,75666,10133,61595,63760
5213053,Mimoso de Goiás,52,Goiás,GO,5,Centro Oeste,2614,-76,-0.24,1381,1.89,980,2.67,173518,0.08,3181,170337,123980,6876,21645,17837
5213087,Minaçu,52,Goiás,GO,5,Centro Oeste,27075,-4075,-1.16,2854,9.49,9900,2.7,982695,0.44,35295,947399,43230,552454,194348,157368
5213103,Mineiros,52,Goiás,GO,5,Centro Oeste,70073,17138,2.36,9043,7.75,24783,2.81,2618561,1.17,224863,2393698,693973,403572,928189,367964
5213400,Moiporá,52,Goiás,GO,5,Centro Oeste,1685,-75,-0.36,452,3.73,708,2.38,42962,0.02,1691,41271,18654,1578,8266,12773
5213509,Monte Alegre de Goiás,52,Goiás,GO,5,Centro Oeste,6692,-1038,-1.19,3120,2.14,2330,2.87,99121,0.04,3866,95255,37420,2621,17543,37672
5213707,Montes Claros de Goiás,52,Goiás,GO,5,Centro Oeste,8756,771,0.77,2900,3.02,3424,2.55,436703,0.19,18874,417829,235648,49366,91186,41629
5213756,Montividiu,52,Goiás,GO,5,Centro Oeste,12521,1954,1.42,1870,6.7,4424,2.81,1033833,0.46,46724,987110,625198,60378,224879,76655
5213772,Montividiu do Norte,52,Goiás,GO,5,Centro Oeste,3779,-343,-0.72,1337,2.83,1510,2.5,82485,0.04,3791,78695,34700,2694,17114,24187
5213806,Morrinhos,52,Goiás,GO,5,Centro Oeste,51351,9886,1.8,2846,18.04,19727,2.59,1558207,0.7,144664,1413542,389829,268788,538394,216531
5213855,Morro Agudo de Goiás,52,Goiás,GO,5,Centro Oeste,2456,100,0.35,282,8.7,976,2.49,46579,0.02,2046,44533,15491,1816,10729,16498
5213905,Mossâmedes,52,Goiás,GO,5,Centro Oeste,4654,-349,-0.6,685,6.8,1861,2.5,108906,0.05,5207,103699,51238,5774,22912,23775
5214002,Mozarlândia,52,Goiás,GO,5,Centro Oeste,14750,1346,0.8,1739,8.48,5228,2.8,914194,0.41,103555,810640,55927,404280,270432,80001
5214051,Mundo Novo,52,Goiás,GO,5,Centro Oeste,6189,-246,-0.32,2142,2.89,2272,2.71,129613,0.06,6924,122689,59922,4916,30800,27051
5214101,Mutunópolis,52,Goiás,GO,5,Centro Oeste,3564,-285,-0.64,955,3.73,1378,2.56,73730,0.03,3357,70373,30424,2248,15867,21833
5214408,Nazário,52,Goiás,GO,5,Centro Oeste,8189,315,0.33,281,29.13,3119,2.62,247185,0.11,25335,221849,31450,81632,68464,40303
5214507,Nerópolis,52,Goiás,GO,5,Centro Oeste,31932,7719,2.33,205,155.98,11181,2.85,949641,0.42,114353,835287,42785,305993,340516,145994
5214606,Niquelândia,52,Goiás,GO,5,Centro Oeste,34964,-7397,-1.59,9846,3.55,13270,2.62,1072170,0.48,95312,976858,323477,133402,290843,229135
5214705,Nova América,52,Goiás,GO,5,Centro Oeste,2337,78,0.28,209,11.16,908,2.57,41560,0.02,1825,39735,11442,1346,9526,17421
5214804,Nova Aurora,52,Goiás,GO,5,Centro Oeste,2101,37,0.15,307,6.84,832,2.51,58088,0.03,2327,55761,11953,18063,11750,13995
5214838,Nova Crixás,52,Goiás,GO,5,Centro Oeste,12815,888,0.6,7309,1.75,4685,2.71,483183,0.22,23541,459642,250862,13735,122099,72946
5214861,Nova Glória,52,Goiás,GO,5,Centro Oeste,8310,-199,-0.2,412,20.18,3284,2.52,120047,0.05,6086,113961,35447,5762,37159,35593
5214879,Nova Iguaçu de Goiás,52,Goiás,GO,5,Centro Oeste,3010,184,0.53,626,4.81,1110,2.71,50699,0.02,1993,48706,18966,1653,11240,16848
5214903,Nova Roma,52,Goiás,GO,5,Centro Oeste,3076,-395,-1,2137,1.44,1157,2.65,55263,0.02,2385,52878,21443,3194,10558,17684
5215009,Nova Veneza,52,Goiás,GO,5,Centro Oeste,9481,1336,1.27,122,77.49,3464,2.73,169018,0.08,14422,154595,16822,42249,49615,45909
5215207,Novo Brasil,52,Goiás,GO,5,Centro Oeste,3527,8,0.02,649,5.43,1523,2.32,71556,0.03,3277,68279,32157,3029,16126,16968
5215231,Novo Gama,52,Goiás,GO,5,Centro Oeste,103804,8808,0.74,192,539.84,34251,3.02,1074962,0.48,87562,987400,5105,77636,448791,455869
5215256,Novo Planalto,52,Goiás,GO,5,Centro Oeste,3716,-240,-0.52,1254,2.96,1428,2.6,114511,0.05,4396,110115,58136,3810,23378,24790
5215306,Orizona,52,Goiás,GO,5,Centro Oeste,16399,2099,1.15,1971,8.32,6267,2.6,644632,0.29,46183,598449,296935,66479,167544,67491
5215405,Ouro Verde de Goiás,52,Goiás,GO,5,Centro Oeste,4057,32,0.07,209,19.43,1512,2.68,154823,0.07,3628,151194,99905,6248,20297,24744
5215504,Ouvidor,52,Goiás,GO,5,Centro Oeste,7200,1733,2.32,411,17.5,2607,2.75,596789,0.27,65849,530940,22032,346799,116165,45944
5215603,Padre Bernardo,52,Goiás,GO,5,Centro Oeste,34967,7306,1.97,3143,11.13,12087,2.87,757756,0.34,37514,720242,328115,42054,197390,152682
5215652,Palestina de Goiás,52,Goiás,GO,5,Centro Oeste,3132,-239,-0.61,1318,2.38,1203,2.6,117344,0.05,4800,112544,67521,3808,18270,22946
5215702,Palmeiras de Goiás,52,Goiás,GO,5,Centro Oeste,31858,8519,2.63,1537,20.72,11589,2.74,1411332,0.63,126903,1284429,286422,481249,381104,135654
5215801,Palmelo,52,Goiás,GO,5,Centro Oeste,2259,-76,-0.28,60,37.77,893,2.49,42934,0.02,1829,41105,10602,1866,12149,16488
5215900,Palminópolis,52,Goiás,GO,5,Centro Oeste,3851,295,0.67,393,9.79,1519,2.54,159072,0.07,17735,141337,56737,6695,56651,21255
5216007,Panamá,52,Goiás,GO,5,Centro Oeste,2455,-226,-0.73,432,5.68,995,2.46,93003,0.04,5299,87704,42253,7125,19328,18998
5216304,Paranaiguara,52,Goiás,GO,5,Centro Oeste,7607,-1493,-1.48,1153,6.6,3067,2.46,206264,0.09,12738,193525,75207,7512,58070,52736
5216403,Paraúna,52,Goiás,GO,5,Centro Oeste,10659,-217,-0.17,3787,2.81,4085,2.6,1214252,0.54,73146,1141106,673671,170888,226226,70321
5216452,Perolândia,52,Goiás,GO,5,Centro Oeste,2964,14,0.04,1034,2.87,1057,2.8,476393,0.21,21722,454672,184619,172678,67651,29725
5216809,Petrolina de Goiás,52,Goiás,GO,5,Centro Oeste,9573,-708,-0.59,530,18.05,3749,2.54,161731,0.07,9995,151737,46067,8851,48603,48216
5216908,Pilar de Goiás,52,Goiás,GO,5,Centro Oeste,2328,-445,-1.45,906,2.57,893,2.61,159509,0.07,13824,145685,32057,71853,23797,17978
5217104,Piracanjuba,52,Goiás,GO,5,Centro Oeste,24883,1049,0.36,2374,10.48,9932,2.49,1087805,0.49,60774,1027031,501458,133486,281532,110555
5217203,Piranhas,52,Goiás,GO,5,Centro Oeste,11712,446,0.32,2045,5.73,4612,2.52,465702,0.21,45600,420102,128753,107327,133201,50822
5217302,Pirenópolis,52,Goiás,GO,5,Centro Oeste,26690,3682,1.24,2200,12.13,9776,2.71,547456,0.24,33534,513922,157751,43843,203852,108475
5217401,Pires do Rio,52,Goiás,GO,5,Centro Oeste,32373,3612,0.99,1078,30.04,12264,2.61,1068962,0.48,120016,948946,111395,280809,401273,155469
5217609,Planaltina,52,Goiás,GO,5,Centro Oeste,105031,23472,2.13,2559,41.04,35183,2.96,1276695,0.57,95192,1181504,118752,121666,497282,443803
5217708,Pontalina,52,Goiás,GO,5,Centro Oeste,18309,1188,0.56,1434,12.77,7355,2.47,589378,0.26,33996,555382,232685,56707,179451,86539
5218003,Porangatu,52,Goiás,GO,5,Centro Oeste,44317,1962,0.38,4825,9.18,16372,2.69,1016728,0.45,97652,919076,162285,68538,470178,218075
5218052,Porteirão,52,Goiás,GO,5,Centro Oeste,4070,723,1.64,606,6.71,1482,2.74,210678,0.09,6416,204262,129882,9388,37226,27766
5218102,Portelândia,52,Goiás,GO,5,Centro Oeste,3280,-559,-1.3,553,5.93,1246,2.63,229975,0.1,16452,213522,106262,17210,64304,25746
5218300,Posse,52,Goiás,GO,5,Centro Oeste,34914,3482,0.88,2077,16.81,11972,2.9,581246,0.26,52657,528589,43372,44334,271790,169093
5218391,Professor Jamil,52,Goiás,GO,5,Centro Oeste,3649,274,0.65,356,10.24,1428,2.55,63646,0.03,3748,59899,18833,3825,17640,19599
5218508,Quirinópolis,52,Goiás,GO,5,Centro Oeste,48447,5226,0.96,3786,12.8,17985,2.68,1980017,0.88,164536,1815481,412482,545894,621910,235196
5218607,Rialma,52,Goiás,GO,5,Centro Oeste,12165,1642,1.22,268,45.34,4473,2.7,278098,0.12,33527,244571,18859,48242,127230,50240
5218706,Rianápolis,52,Goiás,GO,5,Centro Oeste,3980,-586,-1.14,157,25.29,1591,2.5,73909,0.03,5584,68325,9345,7350,26664,24966
5218789,Rio Quente,52,Goiás,GO,5,Centro Oeste,3864,566,1.33,245,15.79,1390,2.75,267831,0.12,22085,245745,13304,13019,183504,35918
5218805,Rio Verde,52,Goiás,GO,5,Centro Oeste,225696,49272,2.07,8374,26.95,80451,2.79,11872211,5.3,1228164,10644046,2151628,2807937,4398842,1285640
5218904,Rubiataba,52,Goiás,GO,5,Centro Oeste,19788,873,0.38,751,26.36,7660,2.57,513414,0.23,39076,474338,56290,150617,173262,94169
5219001,Sanclerlândia,52,Goiás,GO,5,Centro Oeste,7918,364,0.39,509,15.54,3129,2.52,188802,0.08,13412,175390,28904,30543,77532,38411
5219100,Santa Bárbara de Goiás,52,Goiás,GO,5,Centro Oeste,6149,403,0.57,141,43.62,2252,2.73,115666,0.05,8887,106778,18073,26673,32223,29809
5219209,Santa Cruz de Goiás,52,Goiás,GO,5,Centro Oeste,3002,-138,-0.37,1109,2.71,1241,2.42,170428,0.08,4708,165720,121117,5835,20784,17983
5219258,Santa Fé de Goiás,52,Goiás,GO,5,Centro Oeste,4951,189,0.32,1164,4.25,1859,2.66,254775,0.11,25821,228955,42709,91888,62680,31677
5219308,Santa Helena de Goiás,52,Goiás,GO,5,Centro Oeste,38492,2025,0.45,1142,33.7,14249,2.69,1349044,0.6,132037,1217007,317593,205578,491914,201923
5219357,Santa Isabel,52,Goiás,GO,5,Centro Oeste,3538,-148,-0.34,813,4.35,1397,2.53,88181,0.04,3471,84710,46945,2758,14680,20327
5219407,Santa Rita do Araguaia,52,Goiás,GO,5,Centro Oeste,5927,-997,-1.29,1357,4.37,2300,2.57,141303,0.06,9517,131786,40916,6652,45617,38600
5219456,Santa Rita do Novo Destino,52,Goiás,GO,5,Centro Oeste,2689,-484,-1.37,970,2.77,1024,2.63,89278,0.04,5017,84262,42741,2880,18701,19940
5219506,Santa Rosa de Goiás,52,Goiás,GO,5,Centro Oeste,2820,-102,-0.3,166,16.94,1073,2.62,48751,0.02,2937,45813,14548,2990,14017,14257
5219605,Santa Tereza de Goiás,52,Goiás,GO,5,Centro Oeste,3293,-702,-1.6,790,4.17,1317,2.5,68977,0.03,3436,65542,23872,2279,18442,20948
5219704,Santa Terezinha de Goiás,52,Goiás,GO,5,Centro Oeste,10645,339,0.27,1207,8.82,3901,2.72,149699,0.07,9324,140374,31608,5254,63151,40361
5219712,Santo Antônio da Barra,52,Goiás,GO,5,Centro Oeste,4267,-156,-0.3,450,9.48,1570,2.71,269141,0.12,26417,242723,81300,94456,38839,28128
5219738,Santo Antônio de Goiás,52,Goiás,GO,5,Centro Oeste,7386,2683,3.83,135,54.7,2634,2.8,145989,0.07,11378,134611,11117,43789,47144,32561
5219753,Santo Antônio do Descoberto,52,Goiás,GO,5,Centro Oeste,72134,8901,1.1,944,76.42,24179,2.97,747938,0.33,49562,698376,25984,52978,279352,340063
5219803,São Domingos,52,Goiás,GO,5,Centro Oeste,9711,-1614,-1.27,3336,2.91,3469,2.79,262306,0.12,6711,255595,48714,111833,38568,56480
5219902,São Francisco de Goiás,52,Goiás,GO,5,Centro Oeste,6378,264,0.35,417,15.31,2361,2.69,106919,0.05,7059,99860,28832,6052,32070,32907
5220009,São João d'Aliança,52,Goiás,GO,5,Centro Oeste,13984,3727,2.62,3334,4.19,4252,3.17,447951,0.2,18895,429056,253879,19908,90849,64420
5220058,São João da Paraúna,52,Goiás,GO,5,Centro Oeste,1774,86,0.41,287,6.18,697,2.55,66572,0.03,2771,63801,35507,2807,13040,12448
5220108,São Luís de Montes Belos,52,Goiás,GO,5,Centro Oeste,33852,3819,1,830,40.8,13084,2.57,1267266,0.57,92420,1174846,82881,501524,432755,157685
5220157,São Luiz do Norte,52,Goiás,GO,5,Centro Oeste,4837,220,0.39,584,8.28,1797,2.69,135986,0.06,8475,127511,60243,6118,34057,27093
5220207,São Miguel do Araguaia,52,Goiás,GO,5,Centro Oeste,21900,-383,-0.14,6150,3.56,8213,2.65,546766,0.24,39837,506929,149445,29825,222014,105645
5220264,São Miguel do Passa Quatro,52,Goiás,GO,5,Centro Oeste,4464,707,1.45,537,8.31,1652,2.64,197893,0.09,6195,191699,126816,8644,31495,24744
5220280,São Patrício,52,Goiás,GO,5,Centro Oeste,2143,150,0.61,173,12.4,832,2.57,45445,0.02,1548,43898,17438,2999,9323,14137
5220405,São Simão,52,Goiás,GO,5,Centro Oeste,17020,-68,-0.03,415,41.01,6700,2.53,1390688,0.62,76103,1314586,31277,894829,257327,131153
5220454,Senador Canedo,52,Goiás,GO,5,Centro Oeste,155635,71202,5.23,247,630.09,52370,2.97,3841143,1.71,601910,3239232,13119,1216802,1327846,681465
5220504,Serranópolis,52,Goiás,GO,5,Centro Oeste,8027,546,0.59,5522,1.45,2944,2.69,498485,0.22,27100,471385,210879,96821,113034,50651
5220603,Silvânia,52,Goiás,GO,5,Centro Oeste,22245,3035,1.23,2350,9.47,8140,2.71,874988,0.39,50360,824628,434109,50193,240894,99431
5220686,Simolândia,52,Goiás,GO,5,Centro Oeste,5742,-765,-1.04,347,16.56,2002,2.86,143848,0.06,15979,127869,12424,27234,57067,31144
5220702,Sítio d'Abadia,52,Goiás,GO,5,Centro Oeste,2927,84,0.24,1612,1.82,1012,2.88,64898,0.03,2544,62354,35216,2273,9141,15724
5221007,Taquaral de Goiás,52,Goiás,GO,5,Centro Oeste,4026,492,1.09,206,19.58,1612,2.49,82714,0.04,4629,78085,24307,12158,21019,20601
5221080,Teresina de Goiás,52,Goiás,GO,5,Centro Oeste,2701,-315,-0.92,785,3.44,919,2.94,35727,0.02,1626,34101,3408,1426,10036,19232
5221197,Terezópolis de Goiás,52,Goiás,GO,5,Centro Oeste,7944,1383,1.61,107,73.96,2820,2.81,173110,0.08,16130,156980,10319,49229,56986,40445
5221304,Três Ranchos,52,Goiás,GO,5,Centro Oeste,2921,99,0.29,284,10.28,1143,2.55,57147,0.03,2993,54153,9305,2775,22001,20073
5221403,Trindade,52,Goiás,GO,5,Centro Oeste,142431,37935,2.61,713,199.85,50654,2.79,2413837,1.08,292218,2121619,52055,652229,877819,539517
5221452,Trombas,52,Goiás,GO,5,Centro Oeste,3120,-332,-0.84,803,3.89,1223,2.55,59428,0.03,2856,56572,18709,1298,14358,22206
5221502,Turvânia,52,Goiás,GO,5,Centro Oeste,4480,-355,-0.63,482,9.29,1808,2.47,110382,0.05,5207,105175,50286,5197,24458,25233
5221551,Turvelândia,52,Goiás,GO,5,Centro Oeste,4985,586,1.05,936,5.33,1760,2.83,467083,0.21,24090,442993,168520,166976,68806,38691
5221577,Uirapuru,52,Goiás,GO,5,Centro Oeste,2798,-138,-0.4,1154,2.42,1069,2.62,59303,0.03,3591,55713,21185,1676,15176,17676
5221601,Uruaçu,52,Goiás,GO,5,Centro Oeste,42546,5609,1.19,2142,19.86,15775,2.68,1066393,0.48,97614,968778,162809,158618,458454,188897
5221700,Uruana,52,Goiás,GO,5,Centro Oeste,13729,-97,-0.06,523,26.26,5270,2.58,262492,0.12,16328,246164,73732,18471,92186,61775
5221809,Urutaí,52,Goiás,GO,5,Centro Oeste,3553,483,1.23,624,5.7,1362,2.6,105018,0.05,4423,100594,61626,4379,15249,19340
5221858,Valparaíso de Goiás,52,Goiás,GO,5,Centro Oeste,198861,67756,3.53,61,3234.14,71169,2.79,2688974,1.2,257135,2431839,790,279211,1398271,753567
5221908,Varjão,52,Goiás,GO,5,Centro Oeste,3716,57,0.13,517,7.18,1553,2.39,84791,0.04,3514,81278,39980,2484,16018,22796
5222005,Vianópolis,52,Goiás,GO,5,Centro Oeste,14956,2408,1.47,954,15.68,5499,2.71,587313,0.26,50678,536634,237994,31362,198625,68654
5222054,Vicentinópolis,52,Goiás,GO,5,Centro Oeste,8768,1395,1.45,734,11.95,3144,2.76,418557,0.19,33375,385182,158818,75909,102478,47977
5222203,Vila Boa,52,Goiás,GO,5,Centro Oeste,4215,-520,-0.96,1053,4,1461,2.86,121887,0.05,7569,114318,28358,22837,29547,33577
5222302,Vila Propício,52,Goiás,GO,5,Centro Oeste,5815,670,1.03,2182,2.67,2180,2.66,218473,0.1,8738,209736,115114,26940,34812,32870
5300108,Brasília,53,Distrito Federal,DF,5,Centro Oeste,2817068,244909,0.76,5761,489.01,988123,2.83,265847334,100,25466228,240381106,1623977,10942473,116547655,111267001
